dataset,trial,engine,camera_i,camera_j,relative_rotation_deg,baseline_direction_error_deg,baseline_ratio_ours_over_reference
BioCV,P03_WALK_01,HumanCalib-M,00,01,0.7331515774669295,0.8462243167585047,1.0102451305314255
BioCV,P03_WALK_01,HumanCalib-M,00,02,0.7756913030901401,0.5817710448132271,1.0021776685111738
BioCV,P03_WALK_01,HumanCalib-M,00,03,0.1929375314311784,0.0715327032411485,1.002074282623146
BioCV,P03_WALK_01,HumanCalib-M,00,04,0.3005714005010205,0.1227111101922213,0.9975828254224544
BioCV,P03_WALK_01,HumanCalib-M,00,05,0.0806048604386468,0.0508013381888319,1.0013808485450364
BioCV,P03_WALK_01,HumanCalib-M,00,06,0.4158703693545899,0.1757152354201156,0.9968298677517003
BioCV,P03_WALK_01,HumanCalib-M,00,07,0.2554129706795267,0.2410609860986451,0.9992907070610708
BioCV,P03_WALK_01,HumanCalib-M,00,08,0.0961221106569841,0.1439952274352904,0.9983702057205288
BioCV,P03_WALK_01,HumanCalib-M,01,02,0.1149938113439523,0.2686517954123238,0.9940609913872176
BioCV,P03_WALK_01,HumanCalib-M,01,03,0.5461356079870541,0.2603896253285099,0.99854549033408
BioCV,P03_WALK_01,HumanCalib-M,01,04,1.0270084543468088,0.4510943080851914,0.9937031293273424
BioCV,P03_WALK_01,HumanCalib-M,01,05,0.8032336359307293,0.4128115331914314,1.0006430017588857
BioCV,P03_WALK_01,HumanCalib-M,01,06,0.4176485291355555,0.142578588655572,1.0001614765240074
BioCV,P03_WALK_01,HumanCalib-M,01,07,0.5245085209331602,0.1225340751132904,1.003863422633763
BioCV,P03_WALK_01,HumanCalib-M,01,08,0.6848890486325624,0.2916139721006598,1.004438272804521
BioCV,P03_WALK_01,HumanCalib-M,02,03,0.597365867478406,0.5125801090439713,0.9957140689861051
BioCV,P03_WALK_01,HumanCalib-M,02,04,1.0710896490281103,0.5288160653396042,0.9894221105667173
BioCV,P03_WALK_01,HumanCalib-M,02,05,0.8503926393986357,0.4090840931732304,0.996827001635951
BioCV,P03_WALK_01,HumanCalib-M,02,06,0.50338790306243,0.1178920465977768,0.9977123835282056
BioCV,P03_WALK_01,HumanCalib-M,02,07,0.5876636470632517,0.0857252074798151,1.0001961328192537
BioCV,P03_WALK_01,HumanCalib-M,02,08,0.7397010882652434,0.1912164699477748,1.0003649899836042
BioCV,P03_WALK_01,HumanCalib-M,03,04,0.4876002728300199,0.7409895366666691,0.9941811206563972
BioCV,P03_WALK_01,HumanCalib-M,03,05,0.2593261216884984,0.1003641758137764,0.9999890039039632
BioCV,P03_WALK_01,HumanCalib-M,03,06,0.2374573184910196,0.1162961387714037,1.001358100423918
BioCV,P03_WALK_01,HumanCalib-M,03,07,0.1217375217405259,0.0700580084713183,1.0020434216076493
BioCV,P03_WALK_01,HumanCalib-M,03,08,0.144693911529301,0.0621336846750852,1.001380227375358
BioCV,P03_WALK_01,HumanCalib-M,04,05,0.2296093153732176,0.3231968482639304,0.9986489693125432
BioCV,P03_WALK_01,HumanCalib-M,04,06,0.6873716323181255,0.1894584289623526,1.000536536898299
BioCV,P03_WALK_01,HumanCalib-M,04,07,0.5183568706909231,0.0942239688085563,0.9999635580712488
BioCV,P03_WALK_01,HumanCalib-M,04,08,0.3531427762350186,0.1196676831815472,0.9986087126239166
BioCV,P03_WALK_01,HumanCalib-M,05,06,0.4646599343849959,0.4130957801983361,1.0067199932612718
BioCV,P03_WALK_01,HumanCalib-M,05,07,0.3056482732014704,0.1130926257025723,1.004155853330539
BioCV,P03_WALK_01,HumanCalib-M,05,08,0.1283810218438598,0.0667984387383116,1.0021951116202932
BioCV,P03_WALK_01,HumanCalib-M,06,07,0.223660676710107,0.4957332380451248,0.9962225739042392
BioCV,P03_WALK_01,HumanCalib-M,06,08,0.3374021630114061,0.3016138513646064,0.99589106867301
BioCV,P03_WALK_01,HumanCalib-M,07,08,0.1876638158587586,0.1864149994679282,0.9976347099190156
BioCV,P03_WALK_02,HumanCalib-M,00,01,2.2975246582091007,1.1968548239240633,1.0547814009826468
BioCV,P03_WALK_02,HumanCalib-M,00,02,0.7149609878880561,0.1339912759003536,1.008064889391385
BioCV,P03_WALK_02,HumanCalib-M,00,03,0.8572304036978171,0.2341821881514539,1.006384077320443
BioCV,P03_WALK_02,HumanCalib-M,00,04,0.9588884656997644,0.3414679230898373,0.9992994241294352
BioCV,P03_WALK_02,HumanCalib-M,00,05,2.3111495232447834,1.156135973144853,0.9901237877232154
BioCV,P03_WALK_02,HumanCalib-M,00,06,1.254700305100641,0.4151925255452862,0.9776585015637236
BioCV,P03_WALK_02,HumanCalib-M,00,07,0.954327383922507,0.7502438580692726,0.9777876266443628
BioCV,P03_WALK_02,HumanCalib-M,00,08,0.7337356621336623,0.421431206290606,0.968530071661294
BioCV,P03_WALK_02,HumanCalib-M,01,02,1.6549201570636207,1.0689196142272102,0.9657506403101906
BioCV,P03_WALK_02,HumanCalib-M,01,03,1.4863167291509256,0.9507128881216744,0.9975343183346466
BioCV,P03_WALK_02,HumanCalib-M,01,04,1.4612656338876366,0.6677389967460408,0.9988702722072847
BioCV,P03_WALK_02,HumanCalib-M,01,05,0.7764598588084357,0.3654692173913894,1.0085034273283953
BioCV,P03_WALK_02,HumanCalib-M,01,06,1.0447007699413648,0.9577034776557052,1.0033232402970795
BioCV,P03_WALK_02,HumanCalib-M,01,07,1.3784189783187273,1.325531520485655,1.012733326162102
BioCV,P03_WALK_02,HumanCalib-M,01,08,1.5664782727851525,1.9599836366813943,1.0116732666461692
BioCV,P03_WALK_02,HumanCalib-M,02,03,0.4527738903471157,0.2134023178608783,1.0085033136144403
BioCV,P03_WALK_02,HumanCalib-M,02,04,0.6523050039909013,0.3362510204166867,1.0031654832176222
BioCV,P03_WALK_02,HumanCalib-M,02,05,1.8306837954525543,0.8466902807006766,1.0075068660034354
BioCV,P03_WALK_02,HumanCalib-M,02,06,0.6571807509712441,0.2263636328632169,0.9944911425726256
BioCV,P03_WALK_02,HumanCalib-M,02,07,0.4945196035964552,0.0599504957907806,0.998110685546711
BioCV,P03_WALK_02,HumanCalib-M,02,08,0.2570564246546464,0.2450659094608692,0.9950336882408398
BioCV,P03_WALK_02,HumanCalib-M,03,04,0.2159797013124755,0.6034907005416201,1.0100983593591506
BioCV,P03_WALK_02,HumanCalib-M,03,05,1.492618231513937,0.596649178997724,1.0183688825449748
BioCV,P03_WALK_02,HumanCalib-M,03,06,0.4608738778823862,0.3812133488784446,1.0005450326610874
BioCV,P03_WALK_02,HumanCalib-M,03,07,0.1108182315888813,0.0761302209376464,1.00249738699595
BioCV,P03_WALK_02,HumanCalib-M,03,08,0.2189242293396392,0.124266792355741,0.9992495082663648
BioCV,P03_WALK_02,HumanCalib-M,04,05,1.3633679231432037,0.4792968558178987,1.0229341398916258
BioCV,P03_WALK_02,HumanCalib-M,04,06,0.4971561956626548,0.4446198889728044,0.997045553596532
BioCV,P03_WALK_02,HumanCalib-M,04,07,0.2094442271442178,0.0686702709758545,0.9987917270028336
BioCV,P03_WALK_02,HumanCalib-M,04,08,0.3994336901153386,0.0496986277167951,0.994788744782654
BioCV,P03_WALK_02,HumanCalib-M,05,06,1.1835831640787384,0.4916200118898515,0.9745696160060238
BioCV,P03_WALK_02,HumanCalib-M,05,07,1.394910531213532,0.5770386033570627,0.9861564535234508
BioCV,P03_WALK_02,HumanCalib-M,05,08,1.6439872423365285,0.6075729754179626,0.984203343598496
BioCV,P03_WALK_02,HumanCalib-M,06,07,0.354969875778279,1.0875731635985155,0.9856102700994062
BioCV,P03_WALK_02,HumanCalib-M,06,08,0.5237840675049322,0.4564400655896011,0.9798254012045048
BioCV,P03_WALK_02,HumanCalib-M,07,08,0.2697039715760096,1.0012871342486656,0.9801678306764122
BioCV,P04_WALK_01,HumanCalib-M,00,01,0.8630987406634214,0.6276632904402399,1.0318629456388104
BioCV,P04_WALK_01,HumanCalib-M,00,02,0.7526960363782248,0.5864421405432391,1.0160367936330168
BioCV,P04_WALK_01,HumanCalib-M,00,03,0.56037912732464,0.1742343900653298,1.0103234942914132
BioCV,P04_WALK_01,HumanCalib-M,00,04,0.2323793105582115,0.0622605730662272,1.012151460921885
BioCV,P04_WALK_01,HumanCalib-M,00,05,0.4577282175199003,0.1847788818740526,1.016499175454106
BioCV,P04_WALK_01,HumanCalib-M,00,06,0.5856452721207737,0.2158391108316542,1.0142321064931858
BioCV,P04_WALK_01,HumanCalib-M,00,07,0.4635354007762788,0.0604611982101017,1.0138259117644797
BioCV,P04_WALK_01,HumanCalib-M,00,08,0.4223514156173046,0.6860971461622805,1.0096920242264331
BioCV,P04_WALK_01,HumanCalib-M,01,02,0.5686406570619651,0.5221081854699557,0.9953319313151572
BioCV,P04_WALK_01,HumanCalib-M,01,03,0.7262088062837168,0.2054702333154171,1.002126436012949
BioCV,P04_WALK_01,HumanCalib-M,01,04,0.9686702735538932,0.4146624610841861,1.00683983850046
BioCV,P04_WALK_01,HumanCalib-M,01,05,0.8697993409651238,0.4159810628529222,1.0162342517687075
BioCV,P04_WALK_01,HumanCalib-M,01,06,0.7520905257075677,0.404750196892489,1.018446828004542
BioCV,P04_WALK_01,HumanCalib-M,01,07,0.6980413563071742,0.4535698787910784,1.0212065940106927
BioCV,P04_WALK_01,HumanCalib-M,01,08,0.8648565035231278,0.8985078111621075,1.019954898642634
BioCV,P04_WALK_01,HumanCalib-M,02,03,0.2716666091756185,0.1109274947435871,1.0036636383715702
BioCV,P04_WALK_01,HumanCalib-M,02,04,0.7161559734390875,0.3283953405278008,1.005584631800186
BioCV,P04_WALK_01,HumanCalib-M,02,05,0.4715189597434448,0.2709082081532855,1.012270004177991
BioCV,P04_WALK_01,HumanCalib-M,02,06,0.2880513958571473,0.1091471138587857,1.0131604492568211
BioCV,P04_WALK_01,HumanCalib-M,02,07,0.3225263588661449,0.0587692680408741,1.0142815071685796
BioCV,P04_WALK_01,HumanCalib-M,02,08,0.482525830862862,0.2995978909239351,1.012340304152502
BioCV,P04_WALK_01,HumanCalib-M,03,04,0.4679323843809062,0.4776538844204957,0.9992585497173
BioCV,P04_WALK_01,HumanCalib-M,03,05,0.2498866483593449,0.3249696237270879,1.0075474394546684
BioCV,P04_WALK_01,HumanCalib-M,03,06,0.1601770670766726,0.0852553397247022,1.009838913803334
BioCV,P04_WALK_01,HumanCalib-M,03,07,0.1352728470751869,0.0513429623046583,1.010521679743631
BioCV,P04_WALK_01,HumanCalib-M,03,08,0.2466859742535031,0.0923576549494342,1.0077349268708304
BioCV,P04_WALK_01,HumanCalib-M,04,05,0.3459153886490851,0.3899096326686298,1.012224736453898
BioCV,P04_WALK_01,HumanCalib-M,04,06,0.5096413115407321,0.0833615741562544,1.0135268308444614
BioCV,P04_WALK_01,HumanCalib-M,04,07,0.4073301257396956,0.0800419668937492,1.013322715188569
BioCV,P04_WALK_01,HumanCalib-M,04,08,0.3042114492386771,0.0865033479736905,1.0090792088754417
BioCV,P04_WALK_01,HumanCalib-M,05,06,0.196982757923025,0.2810408096527371,1.0184210021421958
BioCV,P04_WALK_01,HumanCalib-M,05,07,0.1810068929178861,0.1724479075187093,1.0176935076536555
BioCV,P04_WALK_01,HumanCalib-M,05,08,0.0453440764009136,0.1486486501420472,1.0112993208283536
BioCV,P04_WALK_01,HumanCalib-M,06,07,0.1385353391756945,0.1135663238485462,1.0154594232323113
BioCV,P04_WALK_01,HumanCalib-M,06,08,0.2217765961360382,0.2367589073794707,1.006555551977636
BioCV,P04_WALK_01,HumanCalib-M,07,08,0.1775120535318211,0.7581723155677853,0.9976099802203158
BioCV,P04_WALK_02,HumanCalib-M,00,01,0.8168260700643876,0.6080903275364306,1.0200691493034568
BioCV,P04_WALK_02,HumanCalib-M,00,02,0.8014576640738694,0.5945284858234202,1.0069720405951614
BioCV,P04_WALK_02,HumanCalib-M,00,03,0.5768439239959319,0.1465732852413388,1.0032568394051475
BioCV,P04_WALK_02,HumanCalib-M,00,04,0.2181386929195433,0.0095563143678732,1.0022307288981511
BioCV,P04_WALK_02,HumanCalib-M,00,05,0.4335629130353549,0.1700713532349006,1.0051966084908108
BioCV,P04_WALK_02,HumanCalib-M,00,06,0.6967317362986899,0.244438257271001,1.0007435027046676
BioCV,P04_WALK_02,HumanCalib-M,00,07,0.5082431035242589,0.1073850781532303,1.0009874797595852
BioCV,P04_WALK_02,HumanCalib-M,00,08,0.3291332519438517,0.507885229583409,0.9976974585575858
BioCV,P04_WALK_02,HumanCalib-M,01,02,0.4217505281719585,0.4935230070462059,0.9901660512863109
BioCV,P04_WALK_02,HumanCalib-M,01,03,0.5752883989326464,0.2176979096894688,0.997139303580913
BioCV,P04_WALK_02,HumanCalib-M,01,04,0.7932976053042313,0.3211584954935517,0.9982796636540764
BioCV,P04_WALK_02,HumanCalib-M,01,05,0.6466443872515543,0.3015369966155091,1.0061230710823037
BioCV,P04_WALK_02,HumanCalib-M,01,06,0.4767591485724101,0.2697731214248418,1.006411812889042
BioCV,P04_WALK_02,HumanCalib-M,01,07,0.5228834293597849,0.3791429504408588,1.0093471343753555
BioCV,P04_WALK_02,HumanCalib-M,01,08,0.7172840573948389,0.798508607985607,1.0084939683545455
BioCV,P04_WALK_02,HumanCalib-M,02,03,0.2852340873050516,0.1904821261759593,0.9968653338639126
BioCV,P04_WALK_02,HumanCalib-M,02,04,0.6766442467655022,0.3364153651944391,0.9957701764019176
BioCV,P04_WALK_02,HumanCalib-M,02,05,0.4359223105638608,0.2430459483049608,1.0020297852680524
BioCV,P04_WALK_02,HumanCalib-M,02,06,0.1402929164268908,0.0476604949772263,1.0020572817825757
BioCV,P04_WALK_02,HumanCalib-M,02,07,0.3070644063722773,0.0710527407068781,1.0036531822984716
BioCV,P04_WALK_02,HumanCalib-M,02,08,0.5454749853383651,0.3175213444148579,1.0024286458574632
BioCV,P04_WALK_02,HumanCalib-M,03,04,0.4148483391986119,0.433435065503832,0.9956479431101144
BioCV,P04_WALK_02,HumanCalib-M,03,05,0.1880001364564428,0.1802425833533723,1.0013771983222075
BioCV,P04_WALK_02,HumanCalib-M,03,06,0.1834284968348996,0.0558096373111341,1.0021342346405455
BioCV,P04_WALK_02,HumanCalib-M,03,07,0.10347561931146,0.0272254157494536,1.0025210305379464
BioCV,P04_WALK_02,HumanCalib-M,03,08,0.279824159938638,0.108855389379784,1.000170026903438
BioCV,P04_WALK_02,HumanCalib-M,04,05,0.2919929821898247,0.3013886192608092,1.003040795814234
BioCV,P04_WALK_02,HumanCalib-M,04,06,0.5693298097739389,0.1444286579598329,1.0034871650167976
BioCV,P04_WALK_02,HumanCalib-M,04,07,0.3767928328492505,0.0916217926559197,1.0028795985862806
BioCV,P04_WALK_02,HumanCalib-M,04,08,0.1651613419246135,0.044356971487741,0.9992939295951452
BioCV,P04_WALK_02,HumanCalib-M,05,06,0.3062980131028072,0.3866886108224507,1.0078684807821627
BioCV,P04_WALK_02,HumanCalib-M,05,07,0.143088027246393,0.1441751465328174,1.0060906955402569
BioCV,P04_WALK_02,HumanCalib-M,05,08,0.129633416712124,0.1297568928827236,1.000641107244025
BioCV,P04_WALK_02,HumanCalib-M,06,07,0.193996145551891,0.2489379569285182,1.0005087296506352
BioCV,P04_WALK_02,HumanCalib-M,06,08,0.4249799316420158,0.2167206134892954,0.9938605677879642
BioCV,P04_WALK_02,HumanCalib-M,07,08,0.2408890595286275,0.6085155123635403,0.9875315548608924
BioCV,P06_WALK_01,HumanCalib-M,00,01,0.6148265296277649,0.6335012024143564,1.0141628069981037
BioCV,P06_WALK_01,HumanCalib-M,00,02,0.7139932927290172,0.9701804526420846,0.9878926159797322
BioCV,P06_WALK_01,HumanCalib-M,00,03,0.8746181766870024,0.0643464751286373,0.9838341395741372
BioCV,P06_WALK_01,HumanCalib-M,00,04,1.01583307823713,0.3530605618920552,0.9867127022958722
BioCV,P06_WALK_01,HumanCalib-M,00,05,1.8334867669100603,0.8402225784766942,0.999036169029078
BioCV,P06_WALK_01,HumanCalib-M,00,06,1.1434469252635069,0.4288959111875536,1.0036953346693105
BioCV,P06_WALK_01,HumanCalib-M,00,07,0.8933511394248118,0.2753009403679894,1.0045449547846368
BioCV,P06_WALK_01,HumanCalib-M,00,08,0.5173981290081668,0.3055452478109307,1.0063491074144784
BioCV,P06_WALK_01,HumanCalib-M,01,02,0.5631110049144515,0.8304097717364022,0.9706185761934368
BioCV,P06_WALK_01,HumanCalib-M,01,03,1.2245518514240594,0.4231999256255742,0.9742502615817876
BioCV,P06_WALK_01,HumanCalib-M,01,04,1.5000695035860594,0.5886086569458726,0.9787150971316136
BioCV,P06_WALK_01,HumanCalib-M,01,05,2.2923076817496395,1.072912734293137,0.9921731246719148
BioCV,P06_WALK_01,HumanCalib-M,01,06,1.4464914803876034,0.5641473236915232,1.0025703041723668
BioCV,P06_WALK_01,HumanCalib-M,01,07,1.1946935839340087,0.5007507402992389,1.0053987509478877
BioCV,P06_WALK_01,HumanCalib-M,01,08,0.9538574409926568,0.5144077104420133,1.0089174132216212
BioCV,P06_WALK_01,HumanCalib-M,02,03,0.8071960420434635,0.6720694428348205,0.96509773088801
BioCV,P06_WALK_01,HumanCalib-M,02,04,1.1682152771572702,0.6086014596408129,0.9678601303937956
BioCV,P06_WALK_01,HumanCalib-M,02,05,1.882688573437016,0.9364655323046056,0.9771909216741878
BioCV,P06_WALK_01,HumanCalib-M,02,06,0.9684394372626396,0.3169444158314158,0.9892358979516528
BioCV,P06_WALK_01,HumanCalib-M,02,07,0.7454217154168621,0.1005980075587205,0.990712412416926
BioCV,P06_WALK_01,HumanCalib-M,02,08,0.6834941976608198,0.0894875845689936,0.9926844717558206
BioCV,P06_WALK_01,HumanCalib-M,03,04,0.4005121273383837,0.1369246356710401,0.9705792010335814
BioCV,P06_WALK_01,HumanCalib-M,03,05,1.0931524239450423,0.6308751452350957,0.9733180307912436
BioCV,P06_WALK_01,HumanCalib-M,03,06,0.2983898000527279,0.1862016019293579,0.987738315638746
BioCV,P06_WALK_01,HumanCalib-M,03,07,0.0979742044336444,0.046138026664045,0.9877636352924684
BioCV,P06_WALK_01,HumanCalib-M,03,08,0.362507000050407,0.1931452316766674,0.98814171865206
BioCV,P06_WALK_01,HumanCalib-M,04,05,0.8346568994013976,0.8381506300320973,0.9705384531566336
BioCV,P06_WALK_01,HumanCalib-M,04,06,0.5098413448221774,0.1955715183237784,0.9913372468273284
BioCV,P06_WALK_01,HumanCalib-M,04,07,0.4944454200752606,0.1054543052688225,0.990508697835514
BioCV,P06_WALK_01,HumanCalib-M,04,08,0.5467945007103852,0.2545527647289711,0.9904995973457096
BioCV,P06_WALK_01,HumanCalib-M,05,06,0.939090654949482,0.4479190093076281,1.0120671390468394
BioCV,P06_WALK_01,HumanCalib-M,05,07,1.1459941216266205,0.6606705799200961,1.005162370820341
BioCV,P06_WALK_01,HumanCalib-M,05,08,1.3535811715304804,0.7530134128251144,1.002874922102134
BioCV,P06_WALK_01,HumanCalib-M,06,07,0.2788787599628682,0.4225169453910618,1.002065210529096
BioCV,P06_WALK_01,HumanCalib-M,06,08,0.639419850779831,0.445153603659723,1.0021672433219238
BioCV,P06_WALK_01,HumanCalib-M,07,08,0.3991152726956032,0.2629669927694956,1.0018469723296932
BioCV,P06_WALK_02,HumanCalib-M,00,01,0.8164374305684929,0.7489770792394027,1.0168815897559853
BioCV,P06_WALK_02,HumanCalib-M,00,02,0.8334633505034643,1.1586113305529493,0.9843317279831792
BioCV,P06_WALK_02,HumanCalib-M,00,03,1.087085007518382,0.0938817254113705,0.9784477447054092
BioCV,P06_WALK_02,HumanCalib-M,00,04,1.168936647457835,0.3926705371946894,0.980899823269234
BioCV,P06_WALK_02,HumanCalib-M,00,05,1.7597882185336262,0.8139269556541457,0.9947599667761444
BioCV,P06_WALK_02,HumanCalib-M,00,06,1.3777641540960768,0.5283910041807003,1.0033650611423257
BioCV,P06_WALK_02,HumanCalib-M,00,07,1.149469523668317,0.5450724818346119,1.0014092146002562
BioCV,P06_WALK_02,HumanCalib-M,00,08,0.8627000523499175,0.7114790823940953,1.0065016904140045
BioCV,P06_WALK_02,HumanCalib-M,01,02,0.6392393924115638,0.9494958467537324,0.9628726106373592
BioCV,P06_WALK_02,HumanCalib-M,01,03,1.5785474269865838,0.589048812242121,0.9664540724677522
BioCV,P06_WALK_02,HumanCalib-M,01,04,1.8267153220932908,0.68622250284886,0.9711615840390152
BioCV,P06_WALK_02,HumanCalib-M,01,05,2.405516074593337,1.1047293851553002,0.9877326426010392
BioCV,P06_WALK_02,HumanCalib-M,01,06,1.8760434785482352,0.7814776996007641,1.0021173525463645
BioCV,P06_WALK_02,HumanCalib-M,01,07,1.5872027628526597,0.8078566015433645,1.002922922734735
BioCV,P06_WALK_02,HumanCalib-M,01,08,1.42067416195053,0.9105833434770172,1.009457576668868
BioCV,P06_WALK_02,HumanCalib-M,02,03,1.0630548931087895,0.8601522286027802,0.9549771473268848
BioCV,P06_WALK_02,HumanCalib-M,02,04,1.4058933579263304,0.6487607805554794,0.9587802700421516
BioCV,P06_WALK_02,HumanCalib-M,02,05,1.9379144664283725,0.9649969694109838,0.9714074513404432
BioCV,P06_WALK_02,HumanCalib-M,02,06,1.3397852255758516,0.4777315730865236,0.9856460172306916
BioCV,P06_WALK_02,HumanCalib-M,02,07,1.0407987981700162,0.2506564138880978,0.985487158564996
BioCV,P06_WALK_02,HumanCalib-M,02,08,0.9728223148550298,0.1161807165252939,0.9894128756872238
BioCV,P06_WALK_02,HumanCalib-M,03,04,0.4349149100625284,0.2026123973130122,0.9652515623001462
BioCV,P06_WALK_02,HumanCalib-M,03,05,0.8837425229029031,0.6036918692114642,0.9692356466370796
BioCV,P06_WALK_02,HumanCalib-M,03,06,0.3171375240525859,0.2736369853479653,0.983237112238386
BioCV,P06_WALK_02,HumanCalib-M,03,07,0.1136861202529512,0.0295622021370148,0.9815269202906092
BioCV,P06_WALK_02,HumanCalib-M,03,08,0.2359384397495059,0.1373383603346721,0.9828479439620668
BioCV,P06_WALK_02,HumanCalib-M,04,05,0.5982003641017061,0.8982394219518376,0.9660381968456389
BioCV,P06_WALK_02,HumanCalib-M,04,06,0.4544018286375267,0.3604154034575776,0.9857250827179308
BioCV,P06_WALK_02,HumanCalib-M,04,07,0.534526589086461,0.076646671490143,0.9832055592505744
BioCV,P06_WALK_02,HumanCalib-M,04,08,0.4331070436388506,0.1805162136415249,0.9840824368131376
BioCV,P06_WALK_02,HumanCalib-M,05,06,0.6543474481558422,0.1359893540994901,1.0050987223959895
BioCV,P06_WALK_02,HumanCalib-M,05,07,0.9300450145537548,0.5501260026710196,0.9972716950343248
BioCV,P06_WALK_02,HumanCalib-M,05,08,0.9903870535017256,0.5329445123566,0.9961886840666028
BioCV,P06_WALK_02,HumanCalib-M,06,07,0.308658233231743,0.9168121265543606,0.998615264727204
BioCV,P06_WALK_02,HumanCalib-M,06,08,0.5207170935460207,0.5484276813742189,0.99789725326988
BioCV,P06_WALK_02,HumanCalib-M,07,08,0.3274686969945306,0.3947451657221785,0.9931140816619278
BioCV,P09_WALK_01,HumanCalib-M,00,01,0.5743966481038921,0.1233048883578624,1.0204527364204408
BioCV,P09_WALK_01,HumanCalib-M,00,02,0.9082666732471464,0.6638068841639817,1.0027803829302926
BioCV,P09_WALK_01,HumanCalib-M,00,03,0.9458511758151508,0.1080731377301758,0.9984601717513566
BioCV,P09_WALK_01,HumanCalib-M,00,04,0.8740546225756918,0.2787509087822583,1.0016745996396257
BioCV,P09_WALK_01,HumanCalib-M,00,05,1.5814411528641976,0.6960018757890515,1.0067501297143755
BioCV,P09_WALK_01,HumanCalib-M,00,06,0.9765065788400078,0.3622990676472412,1.0034170160707467
BioCV,P09_WALK_01,HumanCalib-M,00,07,0.8028388780940288,0.0664677521195489,1.0082468344410975
BioCV,P09_WALK_01,HumanCalib-M,00,08,0.6169038936699652,0.736265778033718,1.0061663807411343
BioCV,P09_WALK_01,HumanCalib-M,01,02,1.1613208547295115,1.324951241234391,0.9879928069623782
BioCV,P09_WALK_01,HumanCalib-M,01,03,1.224477317489402,0.165602437031117,0.9924032860007994
BioCV,P09_WALK_01,HumanCalib-M,01,04,1.2936677358742277,0.5244995420281688,0.9975377813527722
BioCV,P09_WALK_01,HumanCalib-M,01,05,1.8233222679240983,0.8413351223913305,1.006575663381745
BioCV,P09_WALK_01,HumanCalib-M,01,06,1.2071119028818564,0.4693491368195457,1.006774892017111
BioCV,P09_WALK_01,HumanCalib-M,01,07,1.082152712144934,0.4127877551571357,1.0130810917357396
BioCV,P09_WALK_01,HumanCalib-M,01,08,1.0260196680958973,0.8889537898450847,1.011733022348314
BioCV,P09_WALK_01,HumanCalib-M,02,03,0.0976857328455056,0.5033693428085251,0.9960106309208746
BioCV,P09_WALK_01,HumanCalib-M,02,04,0.3823081097864287,0.0389359672669018,0.9978306831396264
BioCV,P09_WALK_01,HumanCalib-M,02,05,0.6905162886142948,0.2718313806375531,1.004056072721603
BioCV,P09_WALK_01,HumanCalib-M,02,06,0.133222683105931,0.0509001387229759,1.0024944813498948
BioCV,P09_WALK_01,HumanCalib-M,02,07,0.1081258884546677,0.0587335966112383,1.0056189211533315
BioCV,P09_WALK_01,HumanCalib-M,02,08,0.3798206576035403,0.1654700098323432,1.0031663550891663
BioCV,P09_WALK_01,HumanCalib-M,03,04,0.3462956495641962,0.3823967337493901,0.9843030842924634
BioCV,P09_WALK_01,HumanCalib-M,03,05,0.636734265198714,0.3742898998902165,0.9966200199223524
BioCV,P09_WALK_01,HumanCalib-M,03,06,0.1109397010912816,0.0371864444433399,0.9977886208397592
BioCV,P09_WALK_01,HumanCalib-M,03,07,0.1599461429477082,0.0412325707614382,1.000446784883998
BioCV,P09_WALK_01,HumanCalib-M,03,08,0.3795989545999499,0.0473774791966483,0.997532081019726
BioCV,P09_WALK_01,HumanCalib-M,04,05,0.8250984179387796,0.6275256900251241,1.0043784915439378
BioCV,P09_WALK_01,HumanCalib-M,04,06,0.4547380807341079,0.1777811888905105,1.0029831504041575
BioCV,P09_WALK_01,HumanCalib-M,04,07,0.3424426758094407,0.1155787579910923,1.0045423275465095
BioCV,P09_WALK_01,HumanCalib-M,04,08,0.2819223912506513,0.0752710223595463,1.0001498072855692
BioCV,P09_WALK_01,HumanCalib-M,05,06,0.6236009051447531,0.5316286273467662,1.005999823606197
BioCV,P09_WALK_01,HumanCalib-M,05,07,0.7889519281953863,0.1645755583248659,1.0081976913425177
BioCV,P09_WALK_01,HumanCalib-M,05,08,0.9905857897000208,0.323695779481456,1.0019366445002638
BioCV,P09_WALK_01,HumanCalib-M,06,07,0.2101906311039233,0.6210335639130384,1.0038982612846656
BioCV,P09_WALK_01,HumanCalib-M,06,08,0.4498458852496454,0.2390957141403003,0.9955693845350292
BioCV,P09_WALK_01,HumanCalib-M,07,08,0.2810192343861128,1.017972636797327,0.9905867549319348
BioCV,P09_WALK_02,HumanCalib-M,00,01,0.6355944254033005,0.1962807095190062,1.0230782680738193
BioCV,P09_WALK_02,HumanCalib-M,00,02,0.930754477269574,0.6595592234206592,1.0076197390676058
BioCV,P09_WALK_02,HumanCalib-M,00,03,0.8978548390116328,0.1339055346898074,1.0038370777441632
BioCV,P09_WALK_02,HumanCalib-M,00,04,0.7582546078270928,0.2215289647523715,1.0038299817647938
BioCV,P09_WALK_02,HumanCalib-M,00,05,1.48476231128501,0.6606232308363275,1.0072974062182485
BioCV,P09_WALK_02,HumanCalib-M,00,06,1.029889443522328,0.3524763366342069,1.0014411778478003
BioCV,P09_WALK_02,HumanCalib-M,00,07,0.8087076892416596,0.1136963747013774,1.0051293252154914
BioCV,P09_WALK_02,HumanCalib-M,00,08,0.6196575684858311,0.7173356872957168,1.002296615422409
BioCV,P09_WALK_02,HumanCalib-M,01,02,1.1637420299385075,1.3407108436617388,0.9951094867390442
BioCV,P09_WALK_02,HumanCalib-M,01,03,1.1661409240867704,0.1964633409131987,0.9992548136682792
BioCV,P09_WALK_02,HumanCalib-M,01,04,1.1906667998226177,0.4690143414530326,1.000870114847128
BioCV,P09_WALK_02,HumanCalib-M,01,05,1.6944393687206811,0.7956597678389795,1.0088848089788642
BioCV,P09_WALK_02,HumanCalib-M,01,06,1.1617014779037718,0.405759798276723,1.007156973775327
BioCV,P09_WALK_02,HumanCalib-M,01,07,1.056192292696283,0.4090031330051584,1.0126298691884552
BioCV,P09_WALK_02,HumanCalib-M,01,08,1.0305150762221442,0.9382573033186472,1.011197473562234
BioCV,P09_WALK_02,HumanCalib-M,02,03,0.0836042251578388,0.3046536179538122,1.001465353711809
BioCV,P09_WALK_02,HumanCalib-M,02,04,0.380122145649622,0.077688494555038,1.000537356870639
BioCV,P09_WALK_02,HumanCalib-M,02,05,0.565060808678517,0.2190643158835012,1.0069926200961032
BioCV,P09_WALK_02,HumanCalib-M,02,06,0.2090322051674362,0.1044160814398674,1.004413975021196
BioCV,P09_WALK_02,HumanCalib-M,02,07,0.1233704740985659,0.0309486312573426,1.0071429655407336
BioCV,P09_WALK_02,HumanCalib-M,02,08,0.3889158047122786,0.2419296809538783,1.0049864046596595
BioCV,P09_WALK_02,HumanCalib-M,03,04,0.3267346686669268,0.2620098011155556,0.9926127259586804
BioCV,P09_WALK_02,HumanCalib-M,03,05,0.587034085526295,0.2750932224532477,1.003031251743332
BioCV,P09_WALK_02,HumanCalib-M,03,06,0.2519297020905574,0.1189949991307488,1.0023901687679866
BioCV,P09_WALK_02,HumanCalib-M,03,07,0.126199307921757,0.043373205317763,1.0040337487913236
BioCV,P09_WALK_02,HumanCalib-M,03,08,0.3275319929934365,0.086809079203424,1.001121806147416
BioCV,P09_WALK_02,HumanCalib-M,04,05,0.8172299525475781,0.5896352453553915,1.0080458349924184
BioCV,P09_WALK_02,HumanCalib-M,04,06,0.57563480854358,0.2420891818756654,1.005231363264523
BioCV,P09_WALK_02,HumanCalib-M,04,07,0.3297131699554945,0.1141825251156671,1.005561630388232
BioCV,P09_WALK_02,HumanCalib-M,04,08,0.19807362010168,0.0392767747805344,1.0011476548233889
BioCV,P09_WALK_02,HumanCalib-M,05,06,0.5363369258728461,0.5241880823456355,1.0072639183973282
BioCV,P09_WALK_02,HumanCalib-M,05,07,0.6877697558808252,0.1432063696614039,1.0077502829914344
BioCV,P09_WALK_02,HumanCalib-M,05,08,0.891000747835791,0.269123278126497,1.0015787948339083
BioCV,P09_WALK_02,HumanCalib-M,06,07,0.2777220531452105,0.6414342553677774,1.0004152587998476
BioCV,P09_WALK_02,HumanCalib-M,06,08,0.5403435607058185,0.2596012579777151,0.9928131768234498
BioCV,P09_WALK_02,HumanCalib-M,07,08,0.2986122458303862,0.950467719966052,0.987982274364541
BioCV,P10_WALK_01,HumanCalib-M,00,01,0.6080736108369862,1.0582467468785697,0.9898533370323817
BioCV,P10_WALK_01,HumanCalib-M,00,02,0.5947361250767715,0.3973585813136804,0.9985859274890666
BioCV,P10_WALK_01,HumanCalib-M,00,03,0.4945301537670611,0.1837115284281709,0.9916461443784798
BioCV,P10_WALK_01,HumanCalib-M,00,04,0.4275323518080804,0.1170860922760317,0.9938368765041232
BioCV,P10_WALK_01,HumanCalib-M,00,05,0.7701768483664808,0.3397508852189724,0.9948141600714056
BioCV,P10_WALK_01,HumanCalib-M,00,06,0.8599468453914025,0.2979638945569884,0.9877769269292002
BioCV,P10_WALK_01,HumanCalib-M,00,07,0.5235888067287101,0.0855458706538783,0.9894613503809544
BioCV,P10_WALK_01,HumanCalib-M,00,08,0.2380751762399512,0.1386207334534363,0.989941134530661
BioCV,P10_WALK_01,HumanCalib-M,01,02,0.3450030473659491,0.3414539059091148,1.003066278737679
BioCV,P10_WALK_01,HumanCalib-M,01,03,0.2161947328458259,0.2843752621649859,0.992411019663681
BioCV,P10_WALK_01,HumanCalib-M,01,04,0.1905126085004414,0.047036273120222,0.9944042529448448
BioCV,P10_WALK_01,HumanCalib-M,01,05,0.3859945972390051,0.1601480780499421,0.9963923108013294
BioCV,P10_WALK_01,HumanCalib-M,01,06,0.4707456399874663,0.1170759651478914,0.9894296378590676
BioCV,P10_WALK_01,HumanCalib-M,01,07,0.2047675839704348,0.0742847532416033,0.990667738877218
BioCV,P10_WALK_01,HumanCalib-M,01,08,0.3925894714693997,0.2281989548161485,0.9912173309495176
BioCV,P10_WALK_01,HumanCalib-M,02,03,0.1675416645718712,0.3322565623373586,0.9878598928459786
BioCV,P10_WALK_01,HumanCalib-M,02,04,0.3567751290033786,0.077408826290787,0.9910116057205304
BioCV,P10_WALK_01,HumanCalib-M,02,05,0.1823550703256186,0.0597489821552417,0.9965085685332868
BioCV,P10_WALK_01,HumanCalib-M,02,06,0.2850438142530598,0.0450996114538728,0.9924478835787418
BioCV,P10_WALK_01,HumanCalib-M,02,07,0.1560633288863278,0.1426612535479567,0.9940737812519034
BioCV,P10_WALK_01,HumanCalib-M,02,08,0.3703374843395327,0.2294903581411232,0.9953620625036582
BioCV,P10_WALK_01,HumanCalib-M,03,04,0.1976006937779591,0.3695390597648376,0.9825196457264996
BioCV,P10_WALK_01,HumanCalib-M,03,05,0.2973692085786865,0.1750615420884709,0.9922931487185408
BioCV,P10_WALK_01,HumanCalib-M,03,06,0.3950693313616219,0.1240613990889962,0.9894009484705436
BioCV,P10_WALK_01,HumanCalib-M,03,07,0.0361381417020387,0.0065985503479627,0.989738167177596
BioCV,P10_WALK_01,HumanCalib-M,03,08,0.2573624926635401,0.0484222797196507,0.990390317033774
BioCV,P10_WALK_01,HumanCalib-M,04,05,0.4744494124374059,0.1857716027477784,1.0006300942186066
BioCV,P10_WALK_01,HumanCalib-M,04,06,0.5753810368259591,0.3006844924186509,0.9937311335443604
BioCV,P10_WALK_01,HumanCalib-M,04,07,0.2072440099328555,0.1133895859688595,0.9926030366375564
BioCV,P10_WALK_01,HumanCalib-M,04,08,0.233574657717814,0.0480200216619562,0.992626604902808
BioCV,P10_WALK_01,HumanCalib-M,05,06,0.1259490423377036,0.3997038869880353,0.9916093711826368
BioCV,P10_WALK_01,HumanCalib-M,05,07,0.2743059159252867,0.0539985033036075,0.9912912188277444
BioCV,P10_WALK_01,HumanCalib-M,05,08,0.5384574164901763,0.1947577932509907,0.9919674998562252
BioCV,P10_WALK_01,HumanCalib-M,06,07,0.3774749215821202,0.4713859788180465,0.9832108653551972
BioCV,P10_WALK_01,HumanCalib-M,06,08,0.629104661445109,0.5422085732851506,0.9851197220288362
BioCV,P10_WALK_01,HumanCalib-M,07,08,0.2879082621211343,0.3445943548747302,0.987561799063335
BioCV,P10_WALK_02,HumanCalib-M,00,01,0.5356015244377492,0.8972925639651422,1.0020700751160028
BioCV,P10_WALK_02,HumanCalib-M,00,02,0.5214691230547595,0.307239742275005,1.005665427099778
BioCV,P10_WALK_02,HumanCalib-M,00,03,0.5332368946598314,0.2989783795071942,0.9969143575003
BioCV,P10_WALK_02,HumanCalib-M,00,04,0.3136350178735321,0.1217527739495795,0.9968156573907064
BioCV,P10_WALK_02,HumanCalib-M,00,05,0.8098882991820994,0.3519161098384412,0.997675417043166
BioCV,P10_WALK_02,HumanCalib-M,00,06,1.0055421806617475,0.3772328927422858,0.9878516589662032
BioCV,P10_WALK_02,HumanCalib-M,00,07,0.5700983051767167,0.2024583949797166,0.9867932630149068
BioCV,P10_WALK_02,HumanCalib-M,00,08,0.2845696404271365,0.0778113910990132,0.9859064382886528
BioCV,P10_WALK_02,HumanCalib-M,01,02,0.1774713694646964,0.2214114787390555,1.0069835285749251
BioCV,P10_WALK_02,HumanCalib-M,01,03,0.2382978371723752,0.2437148760687986,0.9966738119137646
BioCV,P10_WALK_02,HumanCalib-M,01,04,0.2793685028642299,0.0874243163540084,0.9970575387684096
BioCV,P10_WALK_02,HumanCalib-M,01,05,0.2974881879142538,0.1147391830889161,0.9999764705724316
BioCV,P10_WALK_02,HumanCalib-M,01,06,0.5416097365759117,0.1734549960716578,0.992817887577848
BioCV,P10_WALK_02,HumanCalib-M,01,07,0.2642055485260783,0.0769428256969761,0.993420530261194
BioCV,P10_WALK_02,HumanCalib-M,01,08,0.3837063546828221,0.3273513804041774,0.9937683675513284
BioCV,P10_WALK_02,HumanCalib-M,02,03,0.0818222444311784,0.6734857761863245,0.997552818842688
BioCV,P10_WALK_02,HumanCalib-M,02,04,0.2107677883102851,0.1993309071098778,0.9987262490454109
BioCV,P10_WALK_02,HumanCalib-M,02,05,0.3101027223203787,0.1374376672140123,1.0033863567339238
BioCV,P10_WALK_02,HumanCalib-M,02,06,0.4963436028666144,0.1345054730826494,0.998306192277626
BioCV,P10_WALK_02,HumanCalib-M,02,07,0.0966736291438054,0.0895478486824327,0.9986273302032228
BioCV,P10_WALK_02,HumanCalib-M,02,08,0.2953551391996185,0.3030284175660122,0.998921229777816
BioCV,P10_WALK_02,HumanCalib-M,03,04,0.2285121775580965,0.2262421806122691,0.9876569122786518
BioCV,P10_WALK_02,HumanCalib-M,03,05,0.3299903126754979,0.2208898733782855,0.9957565545415488
BioCV,P10_WALK_02,HumanCalib-M,03,06,0.4781634688350609,0.1513112026243276,0.9940015010618216
BioCV,P10_WALK_02,HumanCalib-M,03,07,0.0510199864136234,0.0216483236273035,0.9937555042552888
BioCV,P10_WALK_02,HumanCalib-M,03,08,0.2773672247993224,0.0978703884841725,0.993593468504724
BioCV,P10_WALK_02,HumanCalib-M,04,05,0.513385729430437,0.3831181284009221,1.0012894157376906
BioCV,P10_WALK_02,HumanCalib-M,04,06,0.7011474445569769,0.3067028758458786,0.997282404964384
BioCV,P10_WALK_02,HumanCalib-M,04,07,0.2612953723184686,0.1316244623657219,0.9955157805006551
BioCV,P10_WALK_02,HumanCalib-M,04,08,0.1286969699519391,0.0091840485593437,0.9943607971862845
BioCV,P10_WALK_02,HumanCalib-M,05,06,0.2642558125011043,0.5310411825287075,0.998284037561158
BioCV,P10_WALK_02,HumanCalib-M,05,07,0.3169450382235051,0.168718237351366,0.9961541597948234
BioCV,P10_WALK_02,HumanCalib-M,05,08,0.5942941708531252,0.210681092635432,0.9945505411496764
BioCV,P10_WALK_02,HumanCalib-M,06,07,0.4518611839187261,0.3998265578743247,0.9862489556686496
BioCV,P10_WALK_02,HumanCalib-M,06,08,0.7507216210848385,0.5155871412340541,0.984982543279829
BioCV,P10_WALK_02,HumanCalib-M,07,08,0.3115841591047941,0.2416826914007958,0.9832817863490162
BioCV,P13_WALK_01,HumanCalib-M,00,01,0.8073236200710306,0.3431433363630783,1.0338640861440385
BioCV,P13_WALK_01,HumanCalib-M,00,02,0.512749165952907,0.3304347343033304,1.0174222064532914
BioCV,P13_WALK_01,HumanCalib-M,00,03,0.3587674798484327,0.1258514831748693,1.0166611952776707
BioCV,P13_WALK_01,HumanCalib-M,00,04,0.2306413902310094,0.1025408347086362,1.0113066536639117
BioCV,P13_WALK_01,HumanCalib-M,00,05,0.2948570545592227,0.1019939832044459,1.0123105484983128
BioCV,P13_WALK_01,HumanCalib-M,00,06,0.6207565036085929,0.279702713061966,1.0061494741776336
BioCV,P13_WALK_01,HumanCalib-M,00,07,0.4035795983633206,0.4116586448124344,1.0061356706361666
BioCV,P13_WALK_01,HumanCalib-M,00,08,0.3131510664822962,0.2323728492599876,1.0021579398917042
BioCV,P13_WALK_01,HumanCalib-M,01,02,0.40473568593156,0.3700147858303632,1.002554952900655
BioCV,P13_WALK_01,HumanCalib-M,01,03,0.4568543373545808,0.4130519285043891,1.0116679697259945
BioCV,P13_WALK_01,HumanCalib-M,01,04,0.5959677061366934,0.2594666316986858,1.0078233389808815
BioCV,P13_WALK_01,HumanCalib-M,01,05,0.5629441125913125,0.2626753747537786,1.013709211803545
BioCV,P13_WALK_01,HumanCalib-M,01,06,0.2676575916092388,0.1406299171289976,1.0136582356421466
BioCV,P13_WALK_01,HumanCalib-M,01,07,0.4085450970875958,0.1979143854485095,1.0176898005329449
BioCV,P13_WALK_01,HumanCalib-M,01,08,0.5002120405807388,0.4371430849939197,1.0172982635462038
BioCV,P13_WALK_01,HumanCalib-M,02,03,0.2701754548119271,0.357929872086852,1.0134736253357055
BioCV,P13_WALK_01,HumanCalib-M,02,04,0.2836927024473001,0.0686276457850564,1.008163895594723
BioCV,P13_WALK_01,HumanCalib-M,02,05,0.2203368520030396,0.122870479271372,1.0120124277280786
BioCV,P13_WALK_01,HumanCalib-M,02,06,0.1438931925295511,0.0801789304751077,1.0114986533611074
BioCV,P13_WALK_01,HumanCalib-M,02,07,0.2288722554415107,0.0460145214324189,1.013341980064939
BioCV,P13_WALK_01,HumanCalib-M,02,08,0.3065251705538337,0.0879171267305452,1.0120928240728926
BioCV,P13_WALK_01,HumanCalib-M,03,04,0.1812757785075441,0.627890587585603,1.0152710141705343
BioCV,P13_WALK_01,HumanCalib-M,03,05,0.1873818913242793,0.0529014828942321,1.0150873106585003
BioCV,P13_WALK_01,HumanCalib-M,03,06,0.3106723118995207,0.1451736969311745,1.01520916013711
BioCV,P13_WALK_01,HumanCalib-M,03,07,0.1099562538247501,0.0456320111346144,1.0158186561710283
BioCV,P13_WALK_01,HumanCalib-M,03,08,0.0712997196046736,0.0625710104217735,1.0140303705103646
BioCV,P13_WALK_01,HumanCalib-M,04,05,0.0761199457697808,0.2058350488291476,1.010784720533641
BioCV,P13_WALK_01,HumanCalib-M,04,06,0.391821912061796,0.1436280530058378,1.012602584973587
BioCV,P13_WALK_01,HumanCalib-M,04,07,0.2043671729642095,0.0723624159067556,1.012783887239818
BioCV,P13_WALK_01,HumanCalib-M,04,08,0.1575022463827881,0.0539173548496935,1.0103846158190322
BioCV,P13_WALK_01,HumanCalib-M,05,06,0.3380655512231019,0.3775326688691679,1.017986944225206
BioCV,P13_WALK_01,HumanCalib-M,05,07,0.204763510440196,0.1093863048797928,1.0163493002897843
BioCV,P13_WALK_01,HumanCalib-M,05,08,0.1904175587658817,0.1249927135696778,1.0126668052326169
BioCV,P13_WALK_01,HumanCalib-M,06,07,0.2648782518844846,0.4160913703802028,1.0099280999328315
BioCV,P13_WALK_01,HumanCalib-M,06,08,0.3594334830989572,0.1916034809166844,1.0064986613860023
BioCV,P13_WALK_01,HumanCalib-M,07,08,0.1134618120962549,0.5525890116377669,1.005427586583722
BioCV,P13_WALK_02,HumanCalib-M,00,01,0.8279820086844232,0.3089012796214603,1.0364620117754484
BioCV,P13_WALK_02,HumanCalib-M,00,02,0.5011579225818746,0.3046730878115175,1.0198293403614649
BioCV,P13_WALK_02,HumanCalib-M,00,03,0.4290598534789336,0.167009739598703,1.0181577819349132
BioCV,P13_WALK_02,HumanCalib-M,00,04,0.2432766381414492,0.1065918998464545,1.0126752832013657
BioCV,P13_WALK_02,HumanCalib-M,00,05,0.3946904048658715,0.1564508252071869,1.0135195756498931
BioCV,P13_WALK_02,HumanCalib-M,00,06,0.7000799223720591,0.3103947685863419,1.0053778106501516
BioCV,P13_WALK_02,HumanCalib-M,00,07,0.4949188522106134,0.4747714631495526,1.0053500444338024
BioCV,P13_WALK_02,HumanCalib-M,00,08,0.3802624018340036,0.2685697336326795,1.00137477945639
BioCV,P13_WALK_02,HumanCalib-M,01,02,0.484616027340604,0.6325507074012074,1.0049800420766708
BioCV,P13_WALK_02,HumanCalib-M,01,03,0.4088389949191756,0.3549368334307191,1.013323158600556
BioCV,P13_WALK_02,HumanCalib-M,01,04,0.5961131873150762,0.2542332065915843,1.0094057811992718
BioCV,P13_WALK_02,HumanCalib-M,01,05,0.4352754386452404,0.1994163470804154,1.01599862748848
BioCV,P13_WALK_02,HumanCalib-M,01,06,0.1302936291502346,0.0849076174933741,1.0142771903214407
BioCV,P13_WALK_02,HumanCalib-M,01,07,0.3525029006217223,0.1672559485440553,1.0186060005498498
BioCV,P13_WALK_02,HumanCalib-M,01,08,0.4994161029240531,0.4721518517507503,1.0180939580648167
BioCV,P13_WALK_02,HumanCalib-M,02,03,0.2990620392809563,0.243605648767859,1.0170275965419149
BioCV,P13_WALK_02,HumanCalib-M,02,04,0.2940717550602246,0.0581501059114648,1.0113427061266325
BioCV,P13_WALK_02,HumanCalib-M,02,05,0.2976008621841737,0.1287594924886995,1.0158776616864065
BioCV,P13_WALK_02,HumanCalib-M,02,06,0.373283635657464,0.157535683443651,1.013443628987064
BioCV,P13_WALK_02,HumanCalib-M,02,07,0.3573012721542255,0.0749504442974949,1.0152125594789088
BioCV,P13_WALK_02,HumanCalib-M,02,08,0.4181610688116677,0.1163869311013093,1.0136676569744894
BioCV,P13_WALK_02,HumanCalib-M,03,04,0.2028837067485979,0.6170429341877365,1.0146941201900068
BioCV,P13_WALK_02,HumanCalib-M,03,05,0.0670395900779002,0.0327285481641612,1.0171667837477425
BioCV,P13_WALK_02,HumanCalib-M,03,06,0.2820031978057215,0.1690952900194155,1.0161967778072014
BioCV,P13_WALK_02,HumanCalib-M,03,07,0.1245084104073668,0.047216248459499,1.0169262893519353
BioCV,P13_WALK_02,HumanCalib-M,03,08,0.1670359364900525,0.083362414897431,1.0149255958102428
BioCV,P13_WALK_02,HumanCalib-M,04,05,0.1803531313672916,0.2542877212786317,1.0144477551336597
BioCV,P13_WALK_02,HumanCalib-M,04,06,0.46624508100887,0.2142771839310083,1.0142499979450328
BioCV,P13_WALK_02,HumanCalib-M,04,07,0.2923977810999786,0.1094211622531863,1.0142747499993736
BioCV,P13_WALK_02,HumanCalib-M,04,08,0.2343439076884497,0.0771152768129654,1.0114182452320852
BioCV,P13_WALK_02,HumanCalib-M,05,06,0.3098058286699784,0.4738594272925815,1.0187637700998355
BioCV,P13_WALK_02,HumanCalib-M,05,07,0.1123569918529996,0.1004896404402509,1.0174402480982685
BioCV,P13_WALK_02,HumanCalib-M,05,08,0.1266870852702124,0.0956358940856719,1.0132835808843894
BioCV,P13_WALK_02,HumanCalib-M,06,07,0.2397396094342499,0.500363502549915,1.0096137409049943
BioCV,P13_WALK_02,HumanCalib-M,06,08,0.3869813327128406,0.232741253677395,1.0053437717097145
BioCV,P13_WALK_02,HumanCalib-M,07,08,0.1488411399218974,0.6226776200073924,1.0035555659188085
BioCV,P16_WALK_01,HumanCalib-M,00,01,0.6197224457827482,0.3665122833415234,1.004908521510477
BioCV,P16_WALK_01,HumanCalib-M,00,02,0.2915794415191624,0.0956590985588232,0.9929621639199816
BioCV,P16_WALK_01,HumanCalib-M,00,03,0.4194972881844815,0.1418574343634556,0.9909913351531524
BioCV,P16_WALK_01,HumanCalib-M,00,04,0.3330890903581409,0.1191742299359199,0.9893295572212322
BioCV,P16_WALK_01,HumanCalib-M,00,05,0.3703483370920267,0.1803757034232789,0.987988863348825
BioCV,P16_WALK_01,HumanCalib-M,00,06,0.5702955982726822,0.2580171596300791,0.9827022923344988
BioCV,P16_WALK_01,HumanCalib-M,00,07,0.4318601229955568,0.3402971982483009,0.9843316533540384
BioCV,P16_WALK_01,HumanCalib-M,00,08,0.2773029321120653,0.1954152932600935,0.9817033925788076
BioCV,P16_WALK_01,HumanCalib-M,01,02,0.3854882830136159,0.3285555815966575,0.9822766864616804
BioCV,P16_WALK_01,HumanCalib-M,01,03,0.4892092285805181,0.1326803598703996,0.988775963453758
BioCV,P16_WALK_01,HumanCalib-M,01,04,0.4868789885097931,0.1512199677828988,0.9892950286888496
BioCV,P16_WALK_01,HumanCalib-M,01,05,0.4999835162674235,0.2301967330289082,0.9916563487253196
BioCV,P16_WALK_01,HumanCalib-M,01,06,0.3780851648582862,0.2060436541065979,0.9903819781089472
BioCV,P16_WALK_01,HumanCalib-M,01,07,0.4771458438684511,0.277049449801547,0.99426076721153
BioCV,P16_WALK_01,HumanCalib-M,01,08,0.5914517631357226,0.705446349382017,0.9928597511315148
BioCV,P16_WALK_01,HumanCalib-M,02,03,0.1954604715758378,0.0769433887709761,0.991917081753953
BioCV,P16_WALK_01,HumanCalib-M,02,04,0.1445697223918926,0.0497067215009994,0.9906037923082038
BioCV,P16_WALK_01,HumanCalib-M,02,05,0.169243066487068,0.0882790067251379,0.9907241498127174
BioCV,P16_WALK_01,HumanCalib-M,02,06,0.2872331122002642,0.1016297860563267,0.9887748640531326
BioCV,P16_WALK_01,HumanCalib-M,02,07,0.1993490963054717,0.0176948445555567,0.9906700815875312
BioCV,P16_WALK_01,HumanCalib-M,02,08,0.2120607741340031,0.245086963092309,0.9887576343210842
BioCV,P16_WALK_01,HumanCalib-M,03,04,0.1144378475943114,0.1597184752820692,0.9892790897548938
BioCV,P16_WALK_01,HumanCalib-M,03,05,0.0526800091849863,0.0423339840412748,0.9899545953858698
BioCV,P16_WALK_01,HumanCalib-M,03,06,0.2006099073892538,0.1413640167889278,0.98937712671241
BioCV,P16_WALK_01,HumanCalib-M,03,07,0.0383267293050441,0.0435981899625988,0.9905180566159176
BioCV,P16_WALK_01,HumanCalib-M,03,08,0.182674636293104,0.1149411147860717,0.9880837324353604
BioCV,P16_WALK_01,HumanCalib-M,04,05,0.0713503864153229,0.0488797193055836,0.9897008108320572
BioCV,P16_WALK_01,HumanCalib-M,04,06,0.2665507544100605,0.1913957886649863,0.9894226620315604
BioCV,P16_WALK_01,HumanCalib-M,04,07,0.1088934614158278,0.0488347576338664,0.9901558251195955
BioCV,P16_WALK_01,HumanCalib-M,04,08,0.1305284149976534,0.053264263917392,0.9867672343255376
BioCV,P16_WALK_01,HumanCalib-M,05,06,0.2422335728400136,0.3498226696972636,0.9907801792362534
BioCV,P16_WALK_01,HumanCalib-M,05,07,0.0689410792784921,0.0302213688250409,0.990617541030366
BioCV,P16_WALK_01,HumanCalib-M,05,08,0.134190089109364,0.0153991124813253,0.9853214547189942
BioCV,P16_WALK_01,HumanCalib-M,06,07,0.1806193032545818,0.5150493808260873,0.984867717332627
BioCV,P16_WALK_01,HumanCalib-M,06,08,0.3758271808795505,0.1677790324501982,0.9782325348498484
BioCV,P16_WALK_01,HumanCalib-M,07,08,0.2000632910098351,0.7945421400714906,0.973553392676346
BioCV,P16_WALK_02,HumanCalib-M,00,01,0.5604299505464809,0.3207529598590258,1.005485589834265
BioCV,P16_WALK_02,HumanCalib-M,00,02,0.2482692388969429,0.1341916695285525,0.994011751830737
BioCV,P16_WALK_02,HumanCalib-M,00,03,0.382764859266388,0.144456969554296,0.9917221447958028
BioCV,P16_WALK_02,HumanCalib-M,00,04,0.2979831474592566,0.0926954227165089,0.9909606745760065
BioCV,P16_WALK_02,HumanCalib-M,00,05,0.2600403422767577,0.1417845173864321,0.9903208693620198
BioCV,P16_WALK_02,HumanCalib-M,00,06,0.5418163981915255,0.2352341862379901,0.9853042731194308
BioCV,P16_WALK_02,HumanCalib-M,00,07,0.4260525785946053,0.2567323982722479,0.9873243685522242
BioCV,P16_WALK_02,HumanCalib-M,00,08,0.3421625916840523,0.4888572704914361,0.9850035271313776
BioCV,P16_WALK_02,HumanCalib-M,01,02,0.4159344253291459,0.3827452985784834,0.9836595487166222
BioCV,P16_WALK_02,HumanCalib-M,01,03,0.4628658459038489,0.0940054102947521,0.9892350305907428
BioCV,P16_WALK_02,HumanCalib-M,01,04,0.5269543313753211,0.1781879578975471,0.99039228462203
BioCV,P16_WALK_02,HumanCalib-M,01,05,0.4762217566791941,0.2122597869478968,0.9932439585770664
BioCV,P16_WALK_02,HumanCalib-M,01,06,0.3608149988929428,0.2048355197831042,0.9919840415555028
BioCV,P16_WALK_02,HumanCalib-M,01,07,0.4680269224167477,0.2770359657623077,0.9959106874656332
BioCV,P16_WALK_02,HumanCalib-M,01,08,0.6528817308135004,0.7995339572391874,0.9942080145637808
BioCV,P16_WALK_02,HumanCalib-M,02,03,0.1490914413995844,0.2029444697155701,0.9928018428882416
BioCV,P16_WALK_02,HumanCalib-M,02,04,0.1299524234152091,0.0621467423291734,0.9918460006562664
BioCV,P16_WALK_02,HumanCalib-M,02,05,0.0658680119931006,0.0439127661719154,0.9924853248194464
BioCV,P16_WALK_02,HumanCalib-M,02,06,0.2954397490539576,0.1110152553966009,0.9905116415458476
BioCV,P16_WALK_02,HumanCalib-M,02,07,0.1891085494902377,0.0099736301962938,0.9923491570889166
BioCV,P16_WALK_02,HumanCalib-M,02,08,0.2467208760879242,0.2943585395552395,0.990061935053436
BioCV,P16_WALK_02,HumanCalib-M,03,04,0.1273332867121933,0.0762594176131992,0.9875047010568914
BioCV,P16_WALK_02,HumanCalib-M,03,05,0.1248827948691391,0.0123641721620848,0.9901748776057252
BioCV,P16_WALK_02,HumanCalib-M,03,06,0.2093815819316397,0.1377251472844836,0.9901303532215304
BioCV,P16_WALK_02,HumanCalib-M,03,07,0.0465511202426009,0.0372250666067031,0.9913109808494998
BioCV,P16_WALK_02,HumanCalib-M,03,08,0.2173579455900792,0.1304606128562506,0.9883473275528218
BioCV,P16_WALK_02,HumanCalib-M,04,05,0.0695489845186106,0.0296671215640391,0.9914217684380948
BioCV,P16_WALK_02,HumanCalib-M,04,06,0.3211423050890048,0.2160899847505615,0.9912300034654874
BioCV,P16_WALK_02,HumanCalib-M,04,07,0.1586149248984985,0.0753353260354803,0.9917682764329288
BioCV,P16_WALK_02,HumanCalib-M,04,08,0.1373680734687762,0.0577936617590206,0.9875138163680464
BioCV,P16_WALK_02,HumanCalib-M,05,06,0.3098216026086079,0.3964830796316987,0.9929619921423034
BioCV,P16_WALK_02,HumanCalib-M,05,07,0.1671331937935412,0.0651001852944196,0.9924710724755952
BioCV,P16_WALK_02,HumanCalib-M,05,08,0.1815377996144958,0.0439996137528872,0.9858335796254092
BioCV,P16_WALK_02,HumanCalib-M,06,07,0.1801813507029968,0.5189093997250408,0.9863199489055338
BioCV,P16_WALK_02,HumanCalib-M,06,08,0.4224996146145752,0.1404553660035337,0.9776520940080808
BioCV,P16_WALK_02,HumanCalib-M,07,08,0.2427874150565153,0.961810190270089,0.9705954956886904
BioCV,P17_WALK_01,HumanCalib-M,00,01,0.7240673283921462,0.913938658483841,0.9976075563084412
BioCV,P17_WALK_01,HumanCalib-M,00,02,0.8295160197490447,0.6934117474972286,0.9936081818538608
BioCV,P17_WALK_01,HumanCalib-M,00,03,0.3481554906740286,0.037402187021466,0.9903655258269048
BioCV,P17_WALK_01,HumanCalib-M,00,04,0.7333369905138164,0.2775207097703422,0.9904822703142732
BioCV,P17_WALK_01,HumanCalib-M,00,05,0.8275797251519017,0.408666021574398,0.9997546028008788
BioCV,P17_WALK_01,HumanCalib-M,00,06,0.3812138724737836,0.2148803743253841,1.001205124872142
BioCV,P17_WALK_01,HumanCalib-M,00,07,0.3369218658892184,0.2784629501712274,1.0034398522920125
BioCV,P17_WALK_01,HumanCalib-M,00,08,0.3103248954994784,0.305217726353948,1.006627704289399
BioCV,P17_WALK_01,HumanCalib-M,01,02,0.1246466975354618,0.3568538220963408,0.9877466048616252
BioCV,P17_WALK_01,HumanCalib-M,01,03,0.8445846484597055,0.2167735366062723,0.9842220474600704
BioCV,P17_WALK_01,HumanCalib-M,01,04,1.2470753956712903,0.4631143042290013,0.98345631585669
BioCV,P17_WALK_01,HumanCalib-M,01,05,1.1798902925149997,0.5953242653001618,0.9931136752281604
BioCV,P17_WALK_01,HumanCalib-M,01,06,0.6005096906105478,0.2245239453633858,0.9971437296298968
BioCV,P17_WALK_01,HumanCalib-M,01,07,0.7914272454054712,0.0952077832571182,0.998919829471178
BioCV,P17_WALK_01,HumanCalib-M,01,08,0.8980564293659116,0.193564364321609,1.0010605735824292
BioCV,P17_WALK_01,HumanCalib-M,02,03,0.9357616262515368,0.2863184852428305,0.9793079282261732
BioCV,P17_WALK_01,HumanCalib-M,02,04,1.332261110443761,0.527410935902596,0.9787654515414264
BioCV,P17_WALK_01,HumanCalib-M,02,05,1.240001373560371,0.5956981191777185,0.9885379075191294
BioCV,P17_WALK_01,HumanCalib-M,02,06,0.6776224660549955,0.211293243481609,0.993883165595528
BioCV,P17_WALK_01,HumanCalib-M,02,07,0.8865680728079176,0.0428112325156627,0.9953494459776244
BioCV,P17_WALK_01,HumanCalib-M,02,08,0.9959623848705192,0.1693276009117008,0.9968863288040888
BioCV,P17_WALK_01,HumanCalib-M,03,04,0.4246365585396651,0.3660018104593027,0.9788464136015615
BioCV,P17_WALK_01,HumanCalib-M,03,05,0.4871886732057816,0.3375665916320272,0.9855854025440391
BioCV,P17_WALK_01,HumanCalib-M,03,06,0.2767991151464231,0.0650964292442494,0.9922568210389144
BioCV,P17_WALK_01,HumanCalib-M,03,07,0.0812233580866539,0.0284697119878151,0.9925100161446274
BioCV,P17_WALK_01,HumanCalib-M,03,08,0.1084352677919143,0.0837282204339004,0.9929731151403602
BioCV,P17_WALK_01,HumanCalib-M,04,05,0.3234869827669369,0.5286509161341735,0.9857482482656303
BioCV,P17_WALK_01,HumanCalib-M,04,06,0.6655965175865688,0.0633038284118521,0.9941804624117634
BioCV,P17_WALK_01,HumanCalib-M,04,07,0.4703268109225037,0.1101623943501092,0.9933494435973764
BioCV,P17_WALK_01,HumanCalib-M,04,08,0.4241102709745266,0.1947919753730789,0.9933525205540116
BioCV,P17_WALK_01,HumanCalib-M,05,06,0.6087219410934878,0.3066998904322149,1.0070105444494313
BioCV,P17_WALK_01,HumanCalib-M,05,07,0.5295201523953582,0.2857229045455921,1.002482356391555
BioCV,P17_WALK_01,HumanCalib-M,05,08,0.5511687745240242,0.2695655997195453,1.0015517279899018
BioCV,P17_WALK_01,HumanCalib-M,06,07,0.2522032543319453,0.1800067182695238,0.9982021427387584
BioCV,P17_WALK_01,HumanCalib-M,06,08,0.3618296280603468,0.1901972657398041,0.9988245208196778
BioCV,P17_WALK_01,HumanCalib-M,07,08,0.1480055679405409,0.137423102516723,0.9990663500669806
BioCV,P17_WALK_02,HumanCalib-M,00,01,0.6562210658561023,0.6509179455872751,0.9840016878190952
BioCV,P17_WALK_02,HumanCalib-M,00,02,0.3871492088522263,0.2547065924312928,0.9930285439515034
BioCV,P17_WALK_02,HumanCalib-M,00,03,0.1498809235728424,0.0231578188465745,0.992411759753422
BioCV,P17_WALK_02,HumanCalib-M,00,04,0.1105889747766529,0.0231693155131398,0.9910733086607082
BioCV,P17_WALK_02,HumanCalib-M,00,05,0.4328662403453561,0.1838032066949381,0.991511646206674
BioCV,P17_WALK_02,HumanCalib-M,00,06,0.0969920239081456,0.0936578059070152,0.991170379223434
BioCV,P17_WALK_02,HumanCalib-M,00,07,0.2145925407968288,0.3528452839585847,0.9932599280291854
BioCV,P17_WALK_02,HumanCalib-M,00,08,0.3107901500260966,0.6224341296170756,0.9909265469610508
BioCV,P17_WALK_02,HumanCalib-M,01,02,0.4132017139847547,0.5849791395549635,1.0040470269071595
BioCV,P17_WALK_02,HumanCalib-M,01,03,0.7877267912046697,0.1799767587888115,0.9953585826215648
BioCV,P17_WALK_02,HumanCalib-M,01,04,0.6884471147660298,0.2020308385794067,0.9925466291645224
BioCV,P17_WALK_02,HumanCalib-M,01,05,1.043554200984551,0.498844066249264,0.9917305279183972
BioCV,P17_WALK_02,HumanCalib-M,01,06,0.656496487555016,0.2788389132497469,0.9903235321046712
BioCV,P17_WALK_02,HumanCalib-M,01,07,0.8395686974913689,0.3269697447012942,0.9914561437697554
BioCV,P17_WALK_02,HumanCalib-M,01,08,0.9449229571665404,0.4872774722382472,0.9894423713756118
BioCV,P17_WALK_02,HumanCalib-M,02,03,0.5012136413873466,0.0324370762369525,0.9917651157586465
BioCV,P17_WALK_02,HumanCalib-M,02,04,0.4388712099343316,0.1706060831721446,0.990616073535775
BioCV,P17_WALK_02,HumanCalib-M,02,05,0.789446423478051,0.3649042862104043,0.9921429148478336
BioCV,P17_WALK_02,HumanCalib-M,02,06,0.3330094412392861,0.1073605622557469,0.9924965774363356
BioCV,P17_WALK_02,HumanCalib-M,02,07,0.5549509474112393,0.0624066807154582,0.9944966575882208
BioCV,P17_WALK_02,HumanCalib-M,02,08,0.6061396452218129,0.1632596224209021,0.9936288496790168
BioCV,P17_WALK_02,HumanCalib-M,03,04,0.1124730597928474,0.1851688887887187,0.9913687997314384
BioCV,P17_WALK_02,HumanCalib-M,03,05,0.2952160604156086,0.1537201297596661,0.9920142739732772
BioCV,P17_WALK_02,HumanCalib-M,03,06,0.1784663038202859,0.0387272303905523,0.9925280729570554
BioCV,P17_WALK_02,HumanCalib-M,03,07,0.0665440018087538,0.0250287787619286,0.9943336476802952
BioCV,P17_WALK_02,HumanCalib-M,03,08,0.1893694849322747,0.103068961379562,0.9939924634519712
BioCV,P17_WALK_02,HumanCalib-M,04,05,0.3635805701295317,0.3491835710935253,0.9911848927414504
BioCV,P17_WALK_02,HumanCalib-M,04,06,0.1633496851853391,0.0293390852668726,0.9919998122485556
BioCV,P17_WALK_02,HumanCalib-M,04,07,0.1542738947122633,0.0356441615112343,0.9939762671603718
BioCV,P17_WALK_02,HumanCalib-M,04,08,0.2971704579105511,0.1255186488000253,0.9938297461207586
BioCV,P17_WALK_02,HumanCalib-M,05,06,0.4733537270708699,0.2254479025725377,0.9934462247358352
BioCV,P17_WALK_02,HumanCalib-M,05,07,0.2369909595868377,0.0800923483013155,0.995750987845667
BioCV,P17_WALK_02,HumanCalib-M,05,08,0.2922548721611918,0.1310348246437742,0.9960281884509852
BioCV,P17_WALK_02,HumanCalib-M,06,07,0.2387496013625387,0.3825703429544318,0.9964882904080448
BioCV,P17_WALK_02,HumanCalib-M,06,08,0.293515203545487,0.1336748595281448,0.9976763526656428
BioCV,P17_WALK_02,HumanCalib-M,07,08,0.1697562247252897,0.2895291790285082,1.0027012216670406
BioCV,P18_WALK_01,HumanCalib-M,00,01,0.9860447275356312,1.3055100869883276,0.9974801740535348
BioCV,P18_WALK_01,HumanCalib-M,00,02,0.9089286024614036,0.8199217429276188,0.999807133037979
BioCV,P18_WALK_01,HumanCalib-M,00,03,0.2564163481609155,0.0468945814914636,0.9973530164101844
BioCV,P18_WALK_01,HumanCalib-M,00,04,0.5982205388964198,0.1630652210878983,0.9965837141724836
BioCV,P18_WALK_01,HumanCalib-M,00,05,0.9744196642649778,0.427290698946539,1.005025552940232
BioCV,P18_WALK_01,HumanCalib-M,00,06,0.313491398639265,0.1826819107172956,1.0058250608120771
BioCV,P18_WALK_01,HumanCalib-M,00,07,0.255577128392374,0.0985485640752729,1.0077100324720203
BioCV,P18_WALK_01,HumanCalib-M,00,08,0.4416267260629504,0.7497673960694435,1.0077472457928016
BioCV,P18_WALK_01,HumanCalib-M,01,02,0.2561831781346355,0.7624336617126939,1.0017350877525504
BioCV,P18_WALK_01,HumanCalib-M,01,03,0.8689447431565485,0.0158336240291084,0.99460093807723
BioCV,P18_WALK_01,HumanCalib-M,01,04,1.3962997019186758,0.4052365596773932,0.9922449878444272
BioCV,P18_WALK_01,HumanCalib-M,01,05,1.6360322892741332,0.7132423417167655,0.9991615564015544
BioCV,P18_WALK_01,HumanCalib-M,01,06,0.7633171253794985,0.135723933902313,1.0018033864440297
BioCV,P18_WALK_01,HumanCalib-M,01,07,0.8759080019614653,0.1207574274487978,1.002842748143428
BioCV,P18_WALK_01,HumanCalib-M,01,08,1.4146213208056275,0.7450384285011962,1.0040649132032295
BioCV,P18_WALK_01,HumanCalib-M,02,03,0.8537134976049902,0.2771177415764976,0.987631014244225
BioCV,P18_WALK_01,HumanCalib-M,02,04,1.400627745347912,0.4600274410166249,0.9862409702943437
BioCV,P18_WALK_01,HumanCalib-M,02,05,1.6911975257278655,0.6937079778988617,0.9940420041744984
BioCV,P18_WALK_01,HumanCalib-M,02,06,0.745720560007971,0.1486114980498238,0.9995527759981614
BioCV,P18_WALK_01,HumanCalib-M,02,07,0.8557574327029313,0.0463992184403868,1.001290851746354
BioCV,P18_WALK_01,HumanCalib-M,02,08,1.3197508710175614,0.4762986881852215,1.0030901596871842
BioCV,P18_WALK_01,HumanCalib-M,03,04,0.5472886088909811,0.4699196843176195,0.9883177545057286
BioCV,P18_WALK_01,HumanCalib-M,03,05,0.8720926346567299,0.3855355923021819,0.99103828422006
BioCV,P18_WALK_01,HumanCalib-M,03,06,0.1205445365207803,0.0515332182765955,0.9984902135017818
BioCV,P18_WALK_01,HumanCalib-M,03,07,0.0368747327409614,0.0398375945171809,0.9991850642092356
BioCV,P18_WALK_01,HumanCalib-M,03,08,0.6155261224886962,0.2807014447584135,1.0012826600296203
BioCV,P18_WALK_01,HumanCalib-M,04,05,0.4063755628733948,0.49969805293823,0.9883159750982268
BioCV,P18_WALK_01,HumanCalib-M,04,06,0.6581489210619507,0.1414199716657715,0.9992423800180168
BioCV,P18_WALK_01,HumanCalib-M,04,07,0.5478845814317355,0.1000611542022346,0.999198193915197
BioCV,P18_WALK_01,HumanCalib-M,04,08,0.5456467534558066,0.3084538253844145,1.0020211945593946
BioCV,P18_WALK_01,HumanCalib-M,05,06,0.9739508712602306,0.5667544354482743,1.0141095425566995
BioCV,P18_WALK_01,HumanCalib-M,05,07,0.8797258094174618,0.3811272157414941,1.0093716708550764
BioCV,P18_WALK_01,HumanCalib-M,05,08,0.9347724604120792,0.5091658733383626,1.0130280380706145
BioCV,P18_WALK_01,HumanCalib-M,06,07,0.1152027391234526,0.1114030494471941,1.004741631963857
BioCV,P18_WALK_01,HumanCalib-M,06,08,0.6970365813895967,0.2930691634295749,1.0139602785593422
BioCV,P18_WALK_01,HumanCalib-M,07,08,0.6031597797731488,0.8240439342682657,1.0271521219719182
BioCV,P18_WALK_02,HumanCalib-M,00,01,0.9655042628572076,1.2726141070596495,1.0160381015755249
BioCV,P18_WALK_02,HumanCalib-M,00,02,0.7586651854538001,0.8204074531420554,1.003615558663977
BioCV,P18_WALK_02,HumanCalib-M,00,03,0.567393221066453,0.0122873407056995,0.9967149895620638
BioCV,P18_WALK_02,HumanCalib-M,00,04,1.0635058138290183,0.4027911076999902,1.000525950532516
BioCV,P18_WALK_02,HumanCalib-M,00,05,1.2281015771386092,0.5834742184789569,1.013640585538803
BioCV,P18_WALK_02,HumanCalib-M,00,06,0.7198238091706367,0.2796039121216362,1.0186306979515698
BioCV,P18_WALK_02,HumanCalib-M,00,07,0.5471840672885475,0.4133782020632706,1.0181431803823895
BioCV,P18_WALK_02,HumanCalib-M,00,08,0.3659337212800352,0.2497773620002552,1.0220470993433746
BioCV,P18_WALK_02,HumanCalib-M,01,02,0.2998351757135035,0.3389695600001791,0.986015605267906
BioCV,P18_WALK_02,HumanCalib-M,01,03,1.1783796730387466,0.3413016531433541,0.9848342102734824
BioCV,P18_WALK_02,HumanCalib-M,01,04,1.9350733759626604,0.793859093306794,0.9892177299676722
BioCV,P18_WALK_02,HumanCalib-M,01,05,1.979329697355524,0.9538002526839046,1.0042900256049565
BioCV,P18_WALK_02,HumanCalib-M,01,06,1.0947020496117297,0.3878521945708023,1.013088835220632
BioCV,P18_WALK_02,HumanCalib-M,01,07,1.073517718776662,0.3452662130211251,1.0135406891244445
BioCV,P18_WALK_02,HumanCalib-M,01,08,1.2458950870214898,0.404681359674902,1.017964410966004
BioCV,P18_WALK_02,HumanCalib-M,02,03,0.8859725779093222,0.2355131085410959,0.980603057263364
BioCV,P18_WALK_02,HumanCalib-M,02,04,1.658964959583124,0.7006619191051189,0.9839705526895464
BioCV,P18_WALK_02,HumanCalib-M,02,05,1.6872924043257949,0.8219916994957427,0.9971818831363206
BioCV,P18_WALK_02,HumanCalib-M,02,06,0.7967925167114357,0.2657176131123692,1.0059175684696071
BioCV,P18_WALK_02,HumanCalib-M,02,07,0.7787779245315596,0.1016534706356476,1.0056653121053196
BioCV,P18_WALK_02,HumanCalib-M,02,08,0.9917378733681266,0.2603642154409323,1.0086238183166758
BioCV,P18_WALK_02,HumanCalib-M,03,04,0.8024786354637231,0.6031764348752097,0.9789541676435656
BioCV,P18_WALK_02,HumanCalib-M,03,05,0.8085740561812436,0.6661086269135716,0.9900374078217564
BioCV,P18_WALK_02,HumanCalib-M,03,06,0.2569498863763262,0.2048905963369904,1.0006057290024832
BioCV,P18_WALK_02,HumanCalib-M,03,07,0.1130764667115692,0.0677028899244839,0.999519509232376
BioCV,P18_WALK_02,HumanCalib-M,03,08,0.3774379810382895,0.2308662688264124,1.0016139728239393
BioCV,P18_WALK_02,HumanCalib-M,04,05,0.385599476867957,0.768593536765253,0.9938635239387932
BioCV,P18_WALK_02,HumanCalib-M,04,06,1.0090891882936524,0.2803530731221638,1.0061564870271085
BioCV,P18_WALK_02,HumanCalib-M,04,07,0.9140384217787404,0.1223100648969938,1.0035251098624225
BioCV,P18_WALK_02,HumanCalib-M,04,08,0.7234943445108842,0.2892376042201577,1.0056370976981672
BioCV,P18_WALK_02,HumanCalib-M,05,06,0.9310413550201444,0.4264901633034389,1.023395216822762
BioCV,P18_WALK_02,HumanCalib-M,05,07,0.9157071474536734,0.4505194150049051,1.01595132883699
BioCV,P18_WALK_02,HumanCalib-M,05,08,0.9029118795334228,0.4680357238116181,1.0181834572708768
BioCV,P18_WALK_02,HumanCalib-M,06,07,0.2047823922039307,0.5483284479005017,1.0140066348932302
BioCV,P18_WALK_02,HumanCalib-M,06,08,0.6208662697118221,0.3726798007169076,1.0195779580902151
BioCV,P18_WALK_02,HumanCalib-M,07,08,0.4258895689900266,0.7463121488772312,1.023605633453739
BioCV,P03_WALK_01,HumanCalib-R,00,01,0.6050522760222057,0.7700096095518041,0.9711634447071336
BioCV,P03_WALK_01,HumanCalib-R,00,02,0.7647516691154865,0.3824688680492283,0.9743061972474176
BioCV,P03_WALK_01,HumanCalib-R,00,03,0.6230824359311629,0.219767305410642,0.971547563130334
BioCV,P03_WALK_01,HumanCalib-R,00,04,0.5341263779430871,0.253235792223379,0.9762387060098124
BioCV,P03_WALK_01,HumanCalib-R,00,05,0.7723972576228988,0.3816737505387516,0.9759482982270044
BioCV,P03_WALK_01,HumanCalib-R,00,06,0.7631618313957532,0.2829813318969227,0.9767007845177164
BioCV,P03_WALK_01,HumanCalib-R,00,07,0.7515148500989135,1.075055021335125,0.983307960814956
BioCV,P03_WALK_01,HumanCalib-R,00,08,0.27572936511917,0.0962545456209545,0.9732639438870891
BioCV,P03_WALK_01,HumanCalib-R,01,02,0.1706293784235568,0.1228496407356723,0.9764838529833696
BioCV,P03_WALK_01,HumanCalib-R,01,03,0.1673871750776689,0.2973545727613909,0.971768220536366
BioCV,P03_WALK_01,HumanCalib-R,01,04,0.2539821312614411,0.140082268983909,0.9776879238929832
BioCV,P03_WALK_01,HumanCalib-R,01,05,0.514965730379351,0.2243758138877426,0.977730059355975
BioCV,P03_WALK_01,HumanCalib-R,01,06,0.1962917780032637,0.0554039760650821,0.9764700545205184
BioCV,P03_WALK_01,HumanCalib-R,01,07,0.5041394108873355,0.6277999750398253,0.9832001063532596
BioCV,P03_WALK_01,HumanCalib-R,01,08,0.3741355002090505,0.2333939883129505,0.9730601476538724
BioCV,P03_WALK_01,HumanCalib-R,02,03,0.1899235108061426,0.4366139635439017,0.9714255619036856
BioCV,P03_WALK_01,HumanCalib-R,02,04,0.3252857103074781,0.1435867552621003,0.9779320404086078
BioCV,P03_WALK_01,HumanCalib-R,02,05,0.5035115753889516,0.1904870644270199,0.9781555101144654
BioCV,P03_WALK_01,HumanCalib-R,02,06,0.1365035879365513,0.0231335559478499,0.9761594645610034
BioCV,P03_WALK_01,HumanCalib-R,02,07,0.5709913384701192,0.424103080045475,0.9821253464488214
BioCV,P03_WALK_01,HumanCalib-R,02,08,0.5403114127050417,0.2033754615549924,0.973999953806298
BioCV,P03_WALK_01,HumanCalib-R,03,04,0.1681514768989146,0.6916005334260087,0.9707546758982024
BioCV,P03_WALK_01,HumanCalib-R,03,05,0.4117805172530158,0.1413329335661077,0.9741902375479302
BioCV,P03_WALK_01,HumanCalib-R,03,06,0.2462496481665334,0.1259045267589181,0.9721187749422951
BioCV,P03_WALK_01,HumanCalib-R,03,07,0.5934055795889148,0.2600456117504846,0.9788255657493442
BioCV,P03_WALK_01,HumanCalib-R,03,08,0.4392687151722392,0.1842824207342556,0.9709967602356986
BioCV,P03_WALK_01,HumanCalib-R,04,05,0.3120120461936986,0.0674705742561899,0.9800587431987604
BioCV,P03_WALK_01,HumanCalib-R,04,06,0.3148062866245069,0.1444087115079348,0.975508749342182
BioCV,P03_WALK_01,HumanCalib-R,04,07,0.5263139976523729,0.2572128440695833,0.98385758881371
BioCV,P03_WALK_01,HumanCalib-R,04,08,0.3629537361163974,0.1582775287059148,0.9745732839064356
BioCV,P03_WALK_01,HumanCalib-R,05,06,0.4516685212417728,0.3670663524180874,0.970814090446219
BioCV,P03_WALK_01,HumanCalib-R,05,07,0.5874332387871554,0.6512751536921084,0.9852759867334804
BioCV,P03_WALK_01,HumanCalib-R,05,08,0.6242627799951139,0.3272368365624151,0.9729045041493986
BioCV,P03_WALK_01,HumanCalib-R,06,07,0.4454286100429583,1.3601857270578128,0.995493810331014
BioCV,P03_WALK_01,HumanCalib-R,06,08,0.515756187663565,0.3913419388320674,0.9750642511407684
BioCV,P03_WALK_01,HumanCalib-R,07,08,0.5024428494417837,2.800544626286047,0.964533353225576
BioCV,P03_WALK_02,HumanCalib-R,00,01,0.5351421459583627,0.5566172904034133,0.9665288806743254
BioCV,P03_WALK_02,HumanCalib-R,00,02,0.7970954850178192,0.3551765567130582,0.96857363562113
BioCV,P03_WALK_02,HumanCalib-R,00,03,0.6468573991965058,0.1455963282502918,0.96634878460362
BioCV,P03_WALK_02,HumanCalib-R,00,04,0.5554877802131325,0.2151661874667823,0.9704355861335132
BioCV,P03_WALK_02,HumanCalib-R,00,05,1.1415100408143448,0.561544518366343,0.9778632375040868
BioCV,P03_WALK_02,HumanCalib-R,00,06,1.3690218891532435,0.526936324473593,0.9836649655964346
BioCV,P03_WALK_02,HumanCalib-R,00,07,0.5555155774364916,0.5040470415655978,0.9885342166642797
BioCV,P03_WALK_02,HumanCalib-R,00,08,0.5803501480901275,0.5323213010646787,0.9776419484706078
BioCV,P03_WALK_02,HumanCalib-R,01,02,0.3339812107289076,0.3790661573290086,0.9700313686754838
BioCV,P03_WALK_02,HumanCalib-R,01,03,0.2259096450506033,0.2785106448046554,0.9653259899837876
BioCV,P03_WALK_02,HumanCalib-R,01,04,0.283317920661424,0.0298553097011746,0.9693222128848298
BioCV,P03_WALK_02,HumanCalib-R,01,05,0.659417284869161,0.3869788369040942,0.9741266193268864
BioCV,P03_WALK_02,HumanCalib-R,01,06,0.8407888560132852,0.3175262490546267,0.9777558983222184
BioCV,P03_WALK_02,HumanCalib-R,01,07,0.0500494970633541,0.334983784128234,0.9825757905627168
BioCV,P03_WALK_02,HumanCalib-R,01,08,0.0591606112806995,0.0923790479596309,0.9722197627621826
BioCV,P03_WALK_02,HumanCalib-R,02,03,0.2637249055847334,0.2839506776197528,0.9624258239339608
BioCV,P03_WALK_02,HumanCalib-R,02,04,0.4952067019462761,0.2455058398581538,0.9663023927908568
BioCV,P03_WALK_02,HumanCalib-R,02,05,0.5736669655673726,0.3387745021699281,0.9694798792569842
BioCV,P03_WALK_02,HumanCalib-R,02,06,0.6360260549199143,0.2647181103584798,0.9737189446899626
BioCV,P03_WALK_02,HumanCalib-R,02,07,0.3442731858500928,0.2310138246158283,0.9787768496008596
BioCV,P03_WALK_02,HumanCalib-R,02,08,0.27577504990766,0.0974036112994455,0.970959192714784
BioCV,P03_WALK_02,HumanCalib-R,03,04,0.2399955643699395,0.4206601223988123,0.9591850037674892
BioCV,P03_WALK_02,HumanCalib-R,03,05,0.5332554035831797,0.4661830953941013,0.9616294432070888
BioCV,P03_WALK_02,HumanCalib-R,03,06,0.7485111267790395,0.350831702413895,0.9677255189839984
BioCV,P03_WALK_02,HumanCalib-R,03,07,0.2656293410709534,0.0804957794593463,0.9741230885281752
BioCV,P03_WALK_02,HumanCalib-R,03,08,0.1902012217513942,0.1230548405788908,0.9671412334132063
BioCV,P03_WALK_02,HumanCalib-R,04,05,0.6060247911321139,0.6005295655716232,0.9627273626321264
BioCV,P03_WALK_02,HumanCalib-R,04,06,0.9006734179832155,0.4010865577949292,0.970302897540794
BioCV,P03_WALK_02,HumanCalib-R,04,07,0.3209607457203083,0.0525120474986758,0.9782658012963352
BioCV,P03_WALK_02,HumanCalib-R,04,08,0.2990358049369931,0.1239013013248615,0.970154593251954
BioCV,P03_WALK_02,HumanCalib-R,05,06,0.3894333175642318,0.2542031831122457,0.9784218822642778
BioCV,P03_WALK_02,HumanCalib-R,05,07,0.6661665805744014,0.0882774915938424,0.988718881918877
BioCV,P03_WALK_02,HumanCalib-R,05,08,0.6239901406091862,0.3783504013821872,0.9769697500897604
BioCV,P03_WALK_02,HumanCalib-R,06,07,0.8337157268378187,0.7093176726951508,1.000809013338244
BioCV,P03_WALK_02,HumanCalib-R,06,08,0.7928948774779992,0.638536446213184,0.982902582022324
BioCV,P03_WALK_02,HumanCalib-R,07,08,0.0830897488471911,2.628356039157894,0.9749492357521572
BioCV,P04_WALK_01,HumanCalib-R,00,01,0.622439399443983,0.6578389517062437,0.9863149778205732
BioCV,P04_WALK_01,HumanCalib-R,00,02,0.7119539718021151,0.3380346290780983,0.9821173900342614
BioCV,P04_WALK_01,HumanCalib-R,00,03,0.7434417359158452,0.1054096396851129,0.980121632004428
BioCV,P04_WALK_01,HumanCalib-R,00,04,0.5987254222024996,0.2432747179531697,0.9835217569050658
BioCV,P04_WALK_01,HumanCalib-R,00,05,1.1607504054466982,0.5642243755034871,0.9894009850374074
BioCV,P04_WALK_01,HumanCalib-R,00,06,0.93143777170502,0.3144216441267331,0.9954907956459704
BioCV,P04_WALK_01,HumanCalib-R,00,07,0.4435006259613867,0.950480006034014,1.002973045552827
BioCV,P04_WALK_01,HumanCalib-R,00,08,0.4537454234316421,0.2895546455778242,0.9916578430351044
BioCV,P04_WALK_01,HumanCalib-R,01,02,0.2522297188551735,0.0751014630374864,0.975755797243402
BioCV,P04_WALK_01,HumanCalib-R,01,03,0.3826461676789454,0.1075549223420867,0.9768232373804
BioCV,P04_WALK_01,HumanCalib-R,01,04,0.5096937041707992,0.1654454430010211,0.9808636256377028
BioCV,P04_WALK_01,HumanCalib-R,01,05,0.61896758791709,0.3032074130183851,0.9875303916699552
BioCV,P04_WALK_01,HumanCalib-R,01,06,0.6850170508538977,0.3398016604357982,0.99163264669593
BioCV,P04_WALK_01,HumanCalib-R,01,07,0.3686990983193431,0.3303653074576977,0.9998080472873276
BioCV,P04_WALK_01,HumanCalib-R,01,08,0.2875891946202185,0.0633532229781388,0.9896917791414256
BioCV,P04_WALK_01,HumanCalib-R,02,03,0.1397379970746903,0.240894435742106,0.9774253199473952
BioCV,P04_WALK_01,HumanCalib-R,02,04,0.3477821140361062,0.1205243492519588,0.9802346613124024
BioCV,P04_WALK_01,HumanCalib-R,02,05,0.450776095187356,0.2012867850407338,0.9853600281431678
BioCV,P04_WALK_01,HumanCalib-R,02,06,0.4563707599219888,0.2167484246473493,0.9876450642224082
BioCV,P04_WALK_01,HumanCalib-R,02,07,0.3837333792559937,0.318088376937486,0.9947084227148996
BioCV,P04_WALK_01,HumanCalib-R,02,08,0.2682568528731897,0.1312496736462167,0.9858349806809772
BioCV,P04_WALK_01,HumanCalib-R,03,04,0.2581435073226862,0.3281079468637802,0.9737280914729268
BioCV,P04_WALK_01,HumanCalib-R,03,05,0.4494713681947811,0.3246537252318197,0.980393791258103
BioCV,P04_WALK_01,HumanCalib-R,03,06,0.3241539984866366,0.2424471275919046,0.9823375750705304
BioCV,P04_WALK_01,HumanCalib-R,03,07,0.400785816779922,0.1133439870239493,0.9905526484504292
BioCV,P04_WALK_01,HumanCalib-R,03,08,0.2986097470306387,0.1703490335545335,0.9826908775799308
BioCV,P04_WALK_01,HumanCalib-R,04,05,0.6966327476412418,0.594728803018334,0.9848449486796916
BioCV,P04_WALK_01,HumanCalib-R,04,06,0.3476569801243136,0.2857559503812312,0.984716119918398
BioCV,P04_WALK_01,HumanCalib-R,04,07,0.3332257267804913,0.0601362137670789,0.9948299288654712
BioCV,P04_WALK_01,HumanCalib-R,04,08,0.262673950395109,0.1534797183369834,0.9855460522253662
BioCV,P04_WALK_01,HumanCalib-R,05,06,0.5394058039762012,0.4913920710747643,0.9851067031835342
BioCV,P04_WALK_01,HumanCalib-R,05,07,0.7844757508389578,0.3993615029913216,1.0020016151153204
BioCV,P04_WALK_01,HumanCalib-R,05,08,0.7101551432783523,0.2120228689559616,0.9898740556975216
BioCV,P04_WALK_01,HumanCalib-R,06,07,0.5683636338784593,1.0002929432389596,1.019013904090959
BioCV,P04_WALK_01,HumanCalib-R,06,08,0.5388877583689656,0.5143901731943694,0.9979487978006653
BioCV,P04_WALK_01,HumanCalib-R,07,08,0.1729929858576183,2.652129319972072,0.986067800745231
BioCV,P04_WALK_02,HumanCalib-R,00,01,0.576263717425674,0.5467184946121807,0.9833812316922664
BioCV,P04_WALK_02,HumanCalib-R,00,02,0.5039751137744478,0.2785216221523673,0.9787866691919614
BioCV,P04_WALK_02,HumanCalib-R,00,03,0.675854226759815,0.1924628495163396,0.9755160411102274
BioCV,P04_WALK_02,HumanCalib-R,00,04,0.6378226323717147,0.2655907834533977,0.97711485568916
BioCV,P04_WALK_02,HumanCalib-R,00,05,0.9103795938818338,0.4578538261909437,0.980722967214834
BioCV,P04_WALK_02,HumanCalib-R,00,06,0.7583892060205825,0.2674398681388066,0.9835258045129412
BioCV,P04_WALK_02,HumanCalib-R,00,07,0.42792256133155,1.041564630567257,0.9875297030228668
BioCV,P04_WALK_02,HumanCalib-R,00,08,0.4514184962862846,0.3503598562309261,0.97580437248146
BioCV,P04_WALK_02,HumanCalib-R,01,02,0.1562371146797408,0.3699880334527892,0.9721490043046084
BioCV,P04_WALK_02,HumanCalib-R,01,03,0.3372017246799774,0.1060253085586476,0.9724552433188038
BioCV,P04_WALK_02,HumanCalib-R,01,04,0.4221671711254464,0.1438471601799362,0.9750688857206472
BioCV,P04_WALK_02,HumanCalib-R,01,05,0.3804720882482159,0.1694463582228058,0.9812862099395157
BioCV,P04_WALK_02,HumanCalib-R,01,06,0.5326826682084804,0.2544878006829424,0.9831395927329696
BioCV,P04_WALK_02,HumanCalib-R,01,07,0.2275085162887694,0.32900806748795,0.9897329536459396
BioCV,P04_WALK_02,HumanCalib-R,01,08,0.2914013519806377,0.280293058192569,0.9799095951292708
BioCV,P04_WALK_02,HumanCalib-R,02,03,0.2775812671535232,0.0982312517546523,0.9715729061243086
BioCV,P04_WALK_02,HumanCalib-R,02,04,0.3333790955229084,0.0869506874364928,0.9734598234227476
BioCV,P04_WALK_02,HumanCalib-R,02,05,0.4587777372436927,0.1605637747155262,0.9791900696874428
BioCV,P04_WALK_02,HumanCalib-R,02,06,0.5017133202189329,0.1982108411198445,0.9797344888505012
BioCV,P04_WALK_02,HumanCalib-R,02,07,0.2706143516921951,0.2848577084870492,0.9857806889743554
BioCV,P04_WALK_02,HumanCalib-R,02,08,0.2159612734294559,0.0824688571573029,0.9772865926714412
BioCV,P04_WALK_02,HumanCalib-R,03,04,0.1249004079364576,0.1287314967508024,0.9697823483015
BioCV,P04_WALK_02,HumanCalib-R,03,05,0.3537536073079789,0.193262024116412,0.9768709246020596
BioCV,P04_WALK_02,HumanCalib-R,03,06,0.2703858849283726,0.1708792162917728,0.9762387278502886
BioCV,P04_WALK_02,HumanCalib-R,03,07,0.4204720948845612,0.1475636531353681,0.9831035457745516
BioCV,P04_WALK_02,HumanCalib-R,03,08,0.2363546251489464,0.0854708610063889,0.9747473674354774
BioCV,P04_WALK_02,HumanCalib-R,04,05,0.4690533701866807,0.3198643863917212,0.980985695700375
BioCV,P04_WALK_02,HumanCalib-R,04,06,0.2339125026295428,0.1958468642803089,0.9777257001040002
BioCV,P04_WALK_02,HumanCalib-R,04,07,0.4543247174716611,0.1046568536561129,0.9862577829428356
BioCV,P04_WALK_02,HumanCalib-R,04,08,0.2237287017727727,0.1182928221389995,0.9760048303686484
BioCV,P04_WALK_02,HumanCalib-R,05,06,0.4599611587391065,0.3757484428941604,0.9755182672704564
BioCV,P04_WALK_02,HumanCalib-R,05,07,0.5203586716028576,0.3705206168893693,0.9912632181041542
BioCV,P04_WALK_02,HumanCalib-R,05,08,0.4955029170388368,0.0756899235570665,0.9776812753231358
BioCV,P04_WALK_02,HumanCalib-R,06,07,0.519025604748225,0.8661267688475028,1.006549518625562
BioCV,P04_WALK_02,HumanCalib-R,06,08,0.3457007632905224,0.4824468321969793,0.9823526937251684
BioCV,P04_WALK_02,HumanCalib-R,07,08,0.2447024523592683,2.6484948240845254,0.964904797240806
BioCV,P06_WALK_01,HumanCalib-R,00,01,0.1698262196584384,0.1337267130616042,0.9642049682688056
BioCV,P06_WALK_01,HumanCalib-R,00,02,0.784614165571426,0.5432906764352168,0.9674230560139736
BioCV,P06_WALK_01,HumanCalib-R,00,03,0.740171881357086,0.129520888139145,0.9615567050413472
BioCV,P06_WALK_01,HumanCalib-R,00,04,0.8597129187451696,0.2606515027744128,0.9704161253242422
BioCV,P06_WALK_01,HumanCalib-R,00,05,1.4004737435740475,0.6327360151826689,0.9717997771232734
BioCV,P06_WALK_01,HumanCalib-R,00,06,1.4947859829288552,0.4993045112601642,0.9819978547276176
BioCV,P06_WALK_01,HumanCalib-R,00,07,0.8609883787230159,0.6787973128898389,0.9764733149534208
BioCV,P06_WALK_01,HumanCalib-R,00,08,0.6192774720392314,0.6909825678484681,0.9690768467801988
BioCV,P06_WALK_01,HumanCalib-R,01,02,0.7236528651201536,0.8716513267099376,0.9705853212881947
BioCV,P06_WALK_01,HumanCalib-R,01,03,0.6536280710232353,0.3620966369880821,0.9614877608051196
BioCV,P06_WALK_01,HumanCalib-R,01,04,0.8020496193359906,0.3199069804280175,0.9717617302194796
BioCV,P06_WALK_01,HumanCalib-R,01,05,1.3844809125823792,0.6509530112171379,0.9729474059818864
BioCV,P06_WALK_01,HumanCalib-R,01,06,1.397597310197241,0.4504663618708638,0.9791979430849944
BioCV,P06_WALK_01,HumanCalib-R,01,07,0.8395354221534098,0.4657678146263914,0.9751899312927158
BioCV,P06_WALK_01,HumanCalib-R,01,08,0.5380048756340481,0.3296665670201308,0.9667605684251268
BioCV,P06_WALK_01,HumanCalib-R,02,03,0.1542010169481435,0.6647927160085917,0.9593150661120994
BioCV,P06_WALK_01,HumanCalib-R,02,04,0.1031428332487529,0.0719820180490722,0.9705889722708412
BioCV,P06_WALK_01,HumanCalib-R,02,05,0.6984144715981728,0.275704877654548,0.972459412379126
BioCV,P06_WALK_01,HumanCalib-R,02,06,0.7391921887827907,0.2360681531683379,0.975665748064586
BioCV,P06_WALK_01,HumanCalib-R,02,07,0.2654729460917768,0.29046806124634,0.9740631688465068
BioCV,P06_WALK_01,HumanCalib-R,02,08,0.1980259831191895,0.1395883412441294,0.967546318369506
BioCV,P06_WALK_01,HumanCalib-R,03,04,0.1972616994686927,1.116457674230186,0.9594850035585406
BioCV,P06_WALK_01,HumanCalib-R,03,05,0.8261928717712717,0.4446728782608238,0.965138225815788
BioCV,P06_WALK_01,HumanCalib-R,03,06,0.7667766762227497,0.3867615091677696,0.966809035281198
BioCV,P06_WALK_01,HumanCalib-R,03,07,0.414909474222806,0.2026073960907296,0.968166587832876
BioCV,P06_WALK_01,HumanCalib-R,03,08,0.1293430437273036,0.0982433923430882,0.9612595590200864
BioCV,P06_WALK_01,HumanCalib-R,04,05,0.6310930891289065,0.4524175538282788,0.9759197354954336
BioCV,P06_WALK_01,HumanCalib-R,04,06,0.692064876849462,0.4602603068289769,0.9729300609484082
BioCV,P06_WALK_01,HumanCalib-R,04,07,0.3004412619104624,0.1448287805126663,0.9760749788463032
BioCV,P06_WALK_01,HumanCalib-R,04,08,0.2770298182485045,0.1130712906454528,0.9674375814545444
BioCV,P06_WALK_01,HumanCalib-R,05,06,0.7270416634381341,0.9627877288472314,0.9681949554517304
BioCV,P06_WALK_01,HumanCalib-R,05,07,0.5891582197959421,0.2921085433075244,0.9772111398585636
BioCV,P06_WALK_01,HumanCalib-R,05,08,0.8934803833879201,0.2794129376636746,0.9658803356869248
BioCV,P06_WALK_01,HumanCalib-R,06,07,0.8144358716784832,0.6866500350036048,1.0004181894420254
BioCV,P06_WALK_01,HumanCalib-R,06,08,0.8781178165353292,1.154261056082531,0.9756800527314766
BioCV,P06_WALK_01,HumanCalib-R,07,08,0.4074774417461563,2.010684134664988,0.9506212359091536
BioCV,P06_WALK_02,HumanCalib-R,00,01,0.5356127505148413,0.8451001110989917,0.9734364971551348
BioCV,P06_WALK_02,HumanCalib-R,00,02,0.8795428096568475,0.6545877177967215,0.9669579235395188
BioCV,P06_WALK_02,HumanCalib-R,00,03,0.7788680005148902,0.0730739258514102,0.9656469319165684
BioCV,P06_WALK_02,HumanCalib-R,00,04,0.8919454970461472,0.2894943773789467,0.9703097469967268
BioCV,P06_WALK_02,HumanCalib-R,00,05,1.084001345758581,0.4922587793394702,0.9716869129565874
BioCV,P06_WALK_02,HumanCalib-R,00,06,1.595229638584969,0.6327250790767057,0.9788455299715773
BioCV,P06_WALK_02,HumanCalib-R,00,07,0.921267605477086,0.6562945823066224,0.9810834628637596
BioCV,P06_WALK_02,HumanCalib-R,00,08,0.8313035764616771,0.6522698387255069,0.9673713429299602
BioCV,P06_WALK_02,HumanCalib-R,01,02,0.4106441161585318,0.5391452212762269,0.9623285648653946
BioCV,P06_WALK_02,HumanCalib-R,01,03,0.4194041269783992,0.0330560421794825,0.9632045231496495
BioCV,P06_WALK_02,HumanCalib-R,01,04,0.4301975909933551,0.1336323162790755,0.9696201267051704
BioCV,P06_WALK_02,HumanCalib-R,01,05,0.6830181640382404,0.3182533251732375,0.9711182709773676
BioCV,P06_WALK_02,HumanCalib-R,01,06,1.2315437160569456,0.5205757574964489,0.9773348276388268
BioCV,P06_WALK_02,HumanCalib-R,01,07,0.5390005006243838,0.2248388673923272,0.9813515759874312
BioCV,P06_WALK_02,HumanCalib-R,01,08,0.4577855172211219,0.4370160144803813,0.9703947115008998
BioCV,P06_WALK_02,HumanCalib-R,02,03,0.2199761601424737,0.1007345210782441,0.96178860870072
BioCV,P06_WALK_02,HumanCalib-R,02,04,0.0800284375796609,0.1264084434389161,0.968418617475312
BioCV,P06_WALK_02,HumanCalib-R,02,05,0.2993006808139519,0.1971192472415891,0.96760240942229
BioCV,P06_WALK_02,HumanCalib-R,02,06,0.8363939888121374,0.3307900074866542,0.9713818338626452
BioCV,P06_WALK_02,HumanCalib-R,02,07,0.207694029393072,0.1546680590614998,0.9749208597539704
BioCV,P06_WALK_02,HumanCalib-R,02,08,0.187048046586804,0.1139972990882949,0.9665492949207368
BioCV,P06_WALK_02,HumanCalib-R,03,04,0.1910870212907502,0.5589070602034213,0.968443539298154
BioCV,P06_WALK_02,HumanCalib-R,03,05,0.3094046499743781,0.2822124616389248,0.9653387622925796
BioCV,P06_WALK_02,HumanCalib-R,03,06,0.8427802637006855,0.3749726902911826,0.9678289832184372
BioCV,P06_WALK_02,HumanCalib-R,03,07,0.2451594905361366,0.0827159697666817,0.9725551474658184
BioCV,P06_WALK_02,HumanCalib-R,03,08,0.0728502021449296,0.0324256562272666,0.9646102961432376
BioCV,P06_WALK_02,HumanCalib-R,04,05,0.2703190639649918,0.2126382703773859,0.9660120879335404
BioCV,P06_WALK_02,HumanCalib-R,04,06,0.8168970893619297,0.4545462637821619,0.9691888262535112
BioCV,P06_WALK_02,HumanCalib-R,04,07,0.2425609238628806,0.1596907031319206,0.9760861939391564
BioCV,P06_WALK_02,HumanCalib-R,04,08,0.1696133942399364,0.0645924066638879,0.9672093744079624
BioCV,P06_WALK_02,HumanCalib-R,05,06,0.5514324531015464,0.5883502177057226,0.969609171291632
BioCV,P06_WALK_02,HumanCalib-R,05,07,0.2439863125797894,0.2423546295862295,0.9797453896696632
BioCV,P06_WALK_02,HumanCalib-R,05,08,0.253019483684346,0.1659806271597593,0.967848988640264
BioCV,P06_WALK_02,HumanCalib-R,06,07,0.7250856147990484,0.3661469018155205,0.9955394160475242
BioCV,P06_WALK_02,HumanCalib-R,06,08,0.7874332093911837,0.8370986656242219,0.975341891073522
BioCV,P06_WALK_02,HumanCalib-R,07,08,0.1761836380233052,2.583209951046124,0.9629077082862066
BioCV,P09_WALK_01,HumanCalib-R,00,01,0.6054962346789345,0.6328221266399765,0.9680878895163292
BioCV,P09_WALK_01,HumanCalib-R,00,02,0.8084416959583375,0.4567241700604118,0.9723422405980812
BioCV,P09_WALK_01,HumanCalib-R,00,03,0.8609522560730002,0.1142633575206118,0.9703061284092438
BioCV,P09_WALK_01,HumanCalib-R,00,04,0.7998656295823134,0.2859730521363717,0.9765316843374552
BioCV,P09_WALK_01,HumanCalib-R,00,05,1.2989388758893323,0.6135353379195074,0.9821515366271276
BioCV,P09_WALK_01,HumanCalib-R,00,06,1.3815513391693903,0.4683574202651587,0.9905167726477944
BioCV,P09_WALK_01,HumanCalib-R,00,07,0.7159584915777114,0.677078934907921,0.9906408956609398
BioCV,P09_WALK_01,HumanCalib-R,00,08,0.671714034102472,0.6061029535904454,0.9844036840395638
BioCV,P09_WALK_01,HumanCalib-R,01,02,0.2681182667553019,0.3114499308954613,0.97588024609542
BioCV,P09_WALK_01,HumanCalib-R,01,03,0.3290403852217561,0.3178572017444578,0.9695627916398086
BioCV,P09_WALK_01,HumanCalib-R,01,04,0.2723125726795246,0.1923477687055348,0.9756423869282388
BioCV,P09_WALK_01,HumanCalib-R,01,05,0.7766954658252123,0.3817847402005982,0.9792480718843845
BioCV,P09_WALK_01,HumanCalib-R,01,06,0.7859886867079805,0.2075862493466603,0.9836117102682912
BioCV,P09_WALK_01,HumanCalib-R,01,07,0.322460420458328,0.5835348802726849,0.98473333094287
BioCV,P09_WALK_01,HumanCalib-R,01,08,0.2035562020671728,0.2273901186358464,0.9768387848050922
BioCV,P09_WALK_01,HumanCalib-R,02,03,0.169341846977249,0.407843506889412,0.9672567939700653
BioCV,P09_WALK_01,HumanCalib-R,02,04,0.1845730464019437,0.0414812636329416,0.973697845389924
BioCV,P09_WALK_01,HumanCalib-R,02,05,0.5151406969517106,0.2184380725586581,0.9771524532382464
BioCV,P09_WALK_01,HumanCalib-R,02,06,0.5962451915372489,0.1759888919584266,0.9804589339341226
BioCV,P09_WALK_01,HumanCalib-R,02,07,0.2625102379976506,0.3866549886106333,0.9827857692648942
BioCV,P09_WALK_01,HumanCalib-R,02,08,0.1561217307129013,0.1306748793912468,0.976329833753925
BioCV,P09_WALK_01,HumanCalib-R,03,04,0.0746971221431126,0.6362323465275379,0.9648643581865252
BioCV,P09_WALK_01,HumanCalib-R,03,05,0.5432178979588633,0.4028117987637382,0.970773189535348
BioCV,P09_WALK_01,HumanCalib-R,03,06,0.5472039921519063,0.3038930081906432,0.973770015584379
BioCV,P09_WALK_01,HumanCalib-R,03,07,0.4264045939955437,0.1992101188760608,0.9786162167883296
BioCV,P09_WALK_01,HumanCalib-R,03,08,0.209313579764305,0.1606634619792787,0.9720589141592796
BioCV,P09_WALK_01,HumanCalib-R,04,05,0.6139685151525556,0.5222450800447623,0.976630382654884
BioCV,P09_WALK_01,HumanCalib-R,04,06,0.6032563385224587,0.3707379873404381,0.9778783893251888
BioCV,P09_WALK_01,HumanCalib-R,04,07,0.4223336971903728,0.0998437938950101,0.9847066591206368
BioCV,P09_WALK_01,HumanCalib-R,04,08,0.1768219897207819,0.1132559855050525,0.9766565983284258
BioCV,P09_WALK_01,HumanCalib-R,05,06,0.4207255939452242,0.6034886441367178,0.9784394610280543
BioCV,P09_WALK_01,HumanCalib-R,05,07,0.631242918874737,0.1658188578525227,0.9915322843040084
BioCV,P09_WALK_01,HumanCalib-R,05,08,0.6511212341676665,0.108790951833155,0.9799558885411156
BioCV,P09_WALK_01,HumanCalib-R,06,07,0.7997736791150162,0.2263078754926673,1.0118386808329582
BioCV,P09_WALK_01,HumanCalib-R,06,08,0.7294037090534243,0.7434946120206484,0.9892141065677358
BioCV,P09_WALK_01,HumanCalib-R,07,08,0.2851411308279905,2.3445950852564783,0.969223335095326
BioCV,P09_WALK_02,HumanCalib-R,00,01,0.3340377278724533,0.3718422376380336,0.9742565150251142
BioCV,P09_WALK_02,HumanCalib-R,00,02,0.8220439207454795,0.4521825719778371,0.974226278211764
BioCV,P09_WALK_02,HumanCalib-R,00,03,0.765552765200919,0.1384183747201264,0.9736628870616408
BioCV,P09_WALK_02,HumanCalib-R,00,04,0.6955670767220166,0.2600711821348461,0.9780252447897232
BioCV,P09_WALK_02,HumanCalib-R,00,05,1.073966852470002,0.5180762269787674,0.9839019223771768
BioCV,P09_WALK_02,HumanCalib-R,00,06,1.2490505212452965,0.4492901872256783,0.9915993395580264
BioCV,P09_WALK_02,HumanCalib-R,00,07,0.6483423873165581,0.7218863987427911,0.9932608005275412
BioCV,P09_WALK_02,HumanCalib-R,00,08,0.6306986181657881,0.599955029604908,0.9854262533386294
BioCV,P09_WALK_02,HumanCalib-R,01,02,0.5293535806575744,0.5208444295409723,0.9745099325964606
BioCV,P09_WALK_02,HumanCalib-R,01,03,0.4919838921122664,0.2425936686831517,0.9720799784184496
BioCV,P09_WALK_02,HumanCalib-R,01,04,0.4092307274409652,0.2257720253036242,0.9762365956949032
BioCV,P09_WALK_02,HumanCalib-R,01,05,0.8017517766266675,0.3910702207144659,0.981108340492654
BioCV,P09_WALK_02,HumanCalib-R,01,06,0.9262498712687872,0.2854481064060533,0.9852427082671584
BioCV,P09_WALK_02,HumanCalib-R,01,07,0.3736003660362041,0.5239281530305626,0.9883115673937052
BioCV,P09_WALK_02,HumanCalib-R,01,08,0.3444866295303943,0.2510382700249495,0.9794750729306886
BioCV,P09_WALK_02,HumanCalib-R,02,03,0.1957997891807891,0.2946309954222786,0.9710636340286946
BioCV,P09_WALK_02,HumanCalib-R,02,04,0.2603446346527585,0.0430047427658613,0.9749650032799158
BioCV,P09_WALK_02,HumanCalib-R,02,05,0.2951851933015406,0.1183867797054569,0.9792275792074902
BioCV,P09_WALK_02,HumanCalib-R,02,06,0.4937478410059561,0.1736501351539255,0.9816468170410404
BioCV,P09_WALK_02,HumanCalib-R,02,07,0.2817172434976496,0.3879531248488721,0.9850775321720872
BioCV,P09_WALK_02,HumanCalib-R,02,08,0.204758612548432,0.0906630281244195,0.9776462749883608
BioCV,P09_WALK_02,HumanCalib-R,03,04,0.1176145460626977,0.3979334198726709,0.9686071445982511
BioCV,P09_WALK_02,HumanCalib-R,03,05,0.4516115471347248,0.3277117918332977,0.9746418286393336
BioCV,P09_WALK_02,HumanCalib-R,03,06,0.5412883409399264,0.2975600199484124,0.9763502805690312
BioCV,P09_WALK_02,HumanCalib-R,03,07,0.3939846280181226,0.1770305090766641,0.9820822552911008
BioCV,P09_WALK_02,HumanCalib-R,03,08,0.1675087881526193,0.1204938599096075,0.974677049768671
BioCV,P09_WALK_02,HumanCalib-R,04,05,0.5441079856476285,0.4794435375411138,0.9791295665777484
BioCV,P09_WALK_02,HumanCalib-R,04,06,0.5798443701736623,0.3685554799329264,0.9789439922227936
BioCV,P09_WALK_02,HumanCalib-R,04,07,0.3881212847014533,0.0747026618798138,0.986722776801454
BioCV,P09_WALK_02,HumanCalib-R,04,08,0.148519659814297,0.0978131423445332,0.9776937084638097
BioCV,P09_WALK_02,HumanCalib-R,05,06,0.4989638106115345,0.5782123877049268,0.9785620313164626
BioCV,P09_WALK_02,HumanCalib-R,05,07,0.4754610221929705,0.2499973614367761,0.9934281784326922
BioCV,P09_WALK_02,HumanCalib-R,05,08,0.4904151025047251,0.0647005558963574,0.9808268380923192
BioCV,P09_WALK_02,HumanCalib-R,06,07,0.7212811138546769,0.3435361075545042,1.013688094098031
BioCV,P09_WALK_02,HumanCalib-R,06,08,0.6405794224587803,0.7185836239580952,0.989726541053447
BioCV,P09_WALK_02,HumanCalib-R,07,08,0.2539698980390277,2.689084249382476,0.97063628691389
BioCV,P10_WALK_01,HumanCalib-R,00,01,0.4374105381473467,0.2495104912352647,0.9573076948138222
BioCV,P10_WALK_01,HumanCalib-R,00,02,0.2761814484922255,0.2224482773576233,0.9685903014462202
BioCV,P10_WALK_01,HumanCalib-R,00,03,0.7238778025253895,0.1874308144292444,0.9627870598527358
BioCV,P10_WALK_01,HumanCalib-R,00,04,0.9013585181605362,0.3320134178131014,0.969993563101395
BioCV,P10_WALK_01,HumanCalib-R,00,05,0.9811637109850112,0.4716465428503363,0.9731780804640708
BioCV,P10_WALK_01,HumanCalib-R,00,06,1.0794438051162687,0.4143247151860626,0.97629646078172
BioCV,P10_WALK_01,HumanCalib-R,00,07,0.7894024427910642,0.4235378730758846,0.9812121581704288
BioCV,P10_WALK_01,HumanCalib-R,00,08,0.7929840337441626,0.8884542300773987,0.973858679708406
BioCV,P10_WALK_01,HumanCalib-R,01,02,0.5085974386129605,0.7749307374336581,0.9765788941324238
BioCV,P10_WALK_01,HumanCalib-R,01,03,0.6958295211575242,0.529211808046272,0.964579681861604
BioCV,P10_WALK_01,HumanCalib-R,01,04,0.8530352181865056,0.4305109811032566,0.97165945097479
BioCV,P10_WALK_01,HumanCalib-R,01,05,1.1363382898823238,0.5167133116986031,0.9738429654393644
BioCV,P10_WALK_01,HumanCalib-R,01,06,1.042033669267884,0.2466783672099417,0.972037348687046
BioCV,P10_WALK_01,HumanCalib-R,01,07,0.8250627757831015,0.4248917548227155,0.9753533825169136
BioCV,P10_WALK_01,HumanCalib-R,01,08,0.7812617799164493,0.5168475746348695,0.9664769725932896
BioCV,P10_WALK_01,HumanCalib-R,02,03,0.5079183224257576,0.4280974448122726,0.9568623449232504
BioCV,P10_WALK_01,HumanCalib-R,02,04,0.6615446824595591,0.3095747248916629,0.9656921973855076
BioCV,P10_WALK_01,HumanCalib-R,02,05,0.7124444189740449,0.2604621062333127,0.970961666860055
BioCV,P10_WALK_01,HumanCalib-R,02,06,0.817782181084665,0.2103710870489479,0.9702547470944372
BioCV,P10_WALK_01,HumanCalib-R,02,07,0.5190647715292463,0.1279937162620474,0.9749239194403696
BioCV,P10_WALK_01,HumanCalib-R,02,08,0.5414778555494943,0.2535057233928866,0.969354534874587
BioCV,P10_WALK_01,HumanCalib-R,03,04,0.2044919716370054,0.8017762603819095,0.9567588350887896
BioCV,P10_WALK_01,HumanCalib-R,03,05,0.6273289990947392,0.3078694784839878,0.9658532905592444
BioCV,P10_WALK_01,HumanCalib-R,03,06,0.44669501694024,0.1794802705463282,0.964122774062352
BioCV,P10_WALK_01,HumanCalib-R,03,07,0.3819629094771987,0.1547160228003488,0.9691018931780638
BioCV,P10_WALK_01,HumanCalib-R,03,08,0.1761075736529141,0.0929924950093759,0.9631275323657288
BioCV,P10_WALK_01,HumanCalib-R,04,05,0.5651068186839647,0.1587262588947807,0.9764293643516718
BioCV,P10_WALK_01,HumanCalib-R,04,06,0.2531706767372629,0.1016806367058703,0.9696963691749714
BioCV,P10_WALK_01,HumanCalib-R,04,07,0.3376808813870786,0.0981845678621404,0.9755782302692222
BioCV,P10_WALK_01,HumanCalib-R,04,08,0.1338167385548105,0.0812381460198327,0.968068870530825
BioCV,P10_WALK_01,HumanCalib-R,05,06,0.4901501138943542,0.3208362529975863,0.9651909219831292
BioCV,P10_WALK_01,HumanCalib-R,05,07,0.3673795513942082,0.3686113858636657,0.976746227018703
BioCV,P10_WALK_01,HumanCalib-R,05,08,0.4920589014723842,0.191964508544033,0.967597889305237
BioCV,P10_WALK_01,HumanCalib-R,06,07,0.3424647092997958,0.7233043062277593,0.9878530906821548
BioCV,P10_WALK_01,HumanCalib-R,06,08,0.2993741607300701,0.2524417201171721,0.9704273928010266
BioCV,P10_WALK_01,HumanCalib-R,07,08,0.2278002109738142,1.8559398005999883,0.9587799014923344
BioCV,P10_WALK_02,HumanCalib-R,00,01,0.3524159259459962,0.3919181044558718,0.9658738263960815
BioCV,P10_WALK_02,HumanCalib-R,00,02,0.507014014200302,0.4687418957063149,0.9680132910148254
BioCV,P10_WALK_02,HumanCalib-R,00,03,0.7428328940228988,0.1887912814054276,0.9637807769200546
BioCV,P10_WALK_02,HumanCalib-R,00,04,0.9146043334224152,0.347198551999543,0.9691898851523016
BioCV,P10_WALK_02,HumanCalib-R,00,05,1.3849242640970063,0.6518330519434948,0.9748973686057604
BioCV,P10_WALK_02,HumanCalib-R,00,06,1.0954201057886477,0.3865867361608915,0.9788783319677876
BioCV,P10_WALK_02,HumanCalib-R,00,07,0.7011402231097852,0.1970708203658664,0.9806339711098484
BioCV,P10_WALK_02,HumanCalib-R,00,08,0.6392598697013936,0.6305387724060111,0.9745515952361492
BioCV,P10_WALK_02,HumanCalib-R,01,02,0.3004600039785673,0.7528201099659628,0.9692731759339736
BioCV,P10_WALK_02,HumanCalib-R,01,03,0.4310338412549441,0.3205643415620778,0.9627978218270404
BioCV,P10_WALK_02,HumanCalib-R,01,04,0.5799333666380342,0.2835712786072619,0.968504301707857
BioCV,P10_WALK_02,HumanCalib-R,01,05,1.0664372760737877,0.5199733943531364,0.9741407746974078
BioCV,P10_WALK_02,HumanCalib-R,01,06,0.7483947395671583,0.2247284505401104,0.9754610237229492
BioCV,P10_WALK_02,HumanCalib-R,01,07,0.3592434020686407,0.1626271616173211,0.9769208719794686
BioCV,P10_WALK_02,HumanCalib-R,01,08,0.3039919004458983,0.2512174619416297,0.9709727042677998
BioCV,P10_WALK_02,HumanCalib-R,02,03,0.475381659340239,0.2690529051353574,0.9550923366289976
BioCV,P10_WALK_02,HumanCalib-R,02,04,0.5951362524167768,0.3134802770420801,0.9616682871003503
BioCV,P10_WALK_02,HumanCalib-R,02,05,0.9010917491254816,0.3990640811826989,0.9685339775341572
BioCV,P10_WALK_02,HumanCalib-R,02,06,0.7248078904406247,0.2266326572978851,0.9701943284866708
BioCV,P10_WALK_02,HumanCalib-R,02,07,0.3276829476643625,0.0807701060557133,0.9728290333652818
BioCV,P10_WALK_02,HumanCalib-R,02,08,0.3100174642470894,0.1158532384815357,0.9692409914940732
BioCV,P10_WALK_02,HumanCalib-R,03,04,0.1932640561478972,0.5146166453104712,0.9577194817936276
BioCV,P10_WALK_02,HumanCalib-R,03,05,0.79584320496881,0.483358961273057,0.9652186406000564
BioCV,P10_WALK_02,HumanCalib-R,03,06,0.4081412840316531,0.198890388591625,0.9657222310003944
BioCV,P10_WALK_02,HumanCalib-R,03,07,0.2712391577220147,0.1021508907618644,0.9686079057791334
BioCV,P10_WALK_02,HumanCalib-R,03,08,0.1918932733042317,0.1411791624132588,0.964662357731776
BioCV,P10_WALK_02,HumanCalib-R,04,05,0.659549000939173,0.5697334351975156,0.9721476864505256
BioCV,P10_WALK_02,HumanCalib-R,04,06,0.2200098100858605,0.1608812213541708,0.9696315641876496
BioCV,P10_WALK_02,HumanCalib-R,04,07,0.3104364901868852,0.0604568232770665,0.9732259857466014
BioCV,P10_WALK_02,HumanCalib-R,04,08,0.3007746844612223,0.147472142050846,0.96843984866781
BioCV,P10_WALK_02,HumanCalib-R,05,06,0.5006816835864539,0.4224874024690792,0.969277492089622
BioCV,P10_WALK_02,HumanCalib-R,05,07,0.7145225996750036,0.1219961125556603,0.9768450114388753
BioCV,P10_WALK_02,HumanCalib-R,05,08,0.7840508693510632,0.1326342644355752,0.9711463157230774
BioCV,P10_WALK_02,HumanCalib-R,06,07,0.4197169341531161,0.1994884687958137,0.9868742457128376
BioCV,P10_WALK_02,HumanCalib-R,06,08,0.4622905926582933,0.4743825588105514,0.975643102120711
BioCV,P10_WALK_02,HumanCalib-R,07,08,0.1140252061683231,1.3009544104669557,0.9678988027832351
BioCV,P13_WALK_01,HumanCalib-R,00,01,0.5429845411051875,0.7463055211670817,0.9940847317923336
BioCV,P13_WALK_01,HumanCalib-R,00,02,1.0623624643701493,0.7057475692108083,0.988124371745764
BioCV,P13_WALK_01,HumanCalib-R,00,03,0.5848011805539001,0.2127894280054201,0.9798088743825883
BioCV,P13_WALK_01,HumanCalib-R,00,04,0.7130573526710204,0.2198758022285393,0.9901120875697677
BioCV,P13_WALK_01,HumanCalib-R,00,05,1.4738096932052986,0.6889383622160977,0.998105143425605
BioCV,P13_WALK_01,HumanCalib-R,00,06,1.5353197880240512,0.6085901358853879,1.005801053879507
BioCV,P13_WALK_01,HumanCalib-R,00,07,0.7026923178298835,0.8298962283289849,1.0117206384343116
BioCV,P13_WALK_01,HumanCalib-R,00,08,0.6812220338900882,0.5293908887761226,0.998145725330851
BioCV,P13_WALK_01,HumanCalib-R,01,02,0.551443832684786,0.6252330572105249,0.9826676795197192
BioCV,P13_WALK_01,HumanCalib-R,01,03,0.5290478479892189,0.263785542329588,0.974079890964798
BioCV,P13_WALK_01,HumanCalib-R,01,04,0.494843246650874,0.1462522319159033,0.9868328280830144
BioCV,P13_WALK_01,HumanCalib-R,01,05,1.0128311038984543,0.4832240051103187,0.994867646742114
BioCV,P13_WALK_01,HumanCalib-R,01,06,1.1396611466487885,0.4602682919197113,1.0006113858764565
BioCV,P13_WALK_01,HumanCalib-R,01,07,0.3801204665606694,0.3781611806473043,1.0078779263959252
BioCV,P13_WALK_01,HumanCalib-R,01,08,0.3232009981726448,0.2163638893565432,0.9958893704607672
BioCV,P13_WALK_01,HumanCalib-R,02,03,0.7381482908205144,0.548704287467271,0.96983204603955
BioCV,P13_WALK_01,HumanCalib-R,02,04,0.5777552916539426,0.2401763506518452,0.9835523316484844
BioCV,P13_WALK_01,HumanCalib-R,02,05,0.4962320172743649,0.2568510013520069,0.98994385393523
BioCV,P13_WALK_01,HumanCalib-R,02,06,0.6993785568992414,0.2701613256299614,0.9940073769901934
BioCV,P13_WALK_01,HumanCalib-R,02,07,0.5394860412076201,0.3359305963218755,1.000486313351767
BioCV,P13_WALK_01,HumanCalib-R,02,08,0.4365206985533039,0.0934736967887816,0.9907825509436228
BioCV,P13_WALK_01,HumanCalib-R,03,04,0.2145574987742418,1.245946437201451,0.9712890148020896
BioCV,P13_WALK_01,HumanCalib-R,03,05,1.0159334625047614,0.7551178419969075,0.9793747923459092
BioCV,P13_WALK_01,HumanCalib-R,03,06,1.0264289886075066,0.4579463484606015,0.9834307807043762
BioCV,P13_WALK_01,HumanCalib-R,03,07,0.4687260087669982,0.1171269406345598,0.9911317253791097
BioCV,P13_WALK_01,HumanCalib-R,03,08,0.3247632483762789,0.1902501015602984,0.981922268347164
BioCV,P13_WALK_01,HumanCalib-R,04,05,0.8262708046637015,0.788135282776972,0.9885250127666516
BioCV,P13_WALK_01,HumanCalib-R,04,06,0.8375717572147096,0.459816454984534,0.9908809284704034
BioCV,P13_WALK_01,HumanCalib-R,04,07,0.3211488853912901,0.0932594313908833,1.0006550940978072
BioCV,P13_WALK_01,HumanCalib-R,04,08,0.2000395753166014,0.1272473335318087,0.989997149585334
BioCV,P13_WALK_01,HumanCalib-R,05,06,0.2842534977268587,0.4030741464233888,0.9938823425881614
BioCV,P13_WALK_01,HumanCalib-R,05,07,0.8527787616417033,0.2815634795012123,1.0099606969834802
BioCV,P13_WALK_01,HumanCalib-R,05,08,0.793670942265478,0.2867078487114481,0.9957380231073708
BioCV,P13_WALK_01,HumanCalib-R,06,07,0.9011014998878676,0.7731555075362255,1.028579671820665
BioCV,P13_WALK_01,HumanCalib-R,06,08,0.8706896980831555,0.775809674128694,1.004920648926244
BioCV,P13_WALK_01,HumanCalib-R,07,08,0.2651619552969436,3.461535036000323,0.9933830240402348
BioCV,P13_WALK_02,HumanCalib-R,00,01,0.7561223928589946,0.8843800733022851,0.982543518300528
BioCV,P13_WALK_02,HumanCalib-R,00,02,1.1656339160744198,0.6954309325903735,0.9839836693401796
BioCV,P13_WALK_02,HumanCalib-R,00,03,0.7095773301354165,0.0975496901582894,0.9814471334800052
BioCV,P13_WALK_02,HumanCalib-R,00,04,0.8373016126093976,0.2797904968375688,0.987207490137366
BioCV,P13_WALK_02,HumanCalib-R,00,05,1.4036686628399646,0.6417405094739661,0.9971657144910664
BioCV,P13_WALK_02,HumanCalib-R,00,06,1.7767114622906874,0.6074370673374708,1.008226028579384
BioCV,P13_WALK_02,HumanCalib-R,00,07,0.7399870874577408,0.8792849630961961,1.0130813457113674
BioCV,P13_WALK_02,HumanCalib-R,00,08,0.6975422985240606,0.6014444092768054,0.999719051691304
BioCV,P13_WALK_02,HumanCalib-R,01,02,0.4205389887337388,0.554869205683214,0.9848748351312032
BioCV,P13_WALK_02,HumanCalib-R,01,03,0.3013366566866565,0.215774024316235,0.979290291437338
BioCV,P13_WALK_02,HumanCalib-R,01,04,0.3634830792384846,0.0420652068032098,0.9850505741988428
BioCV,P13_WALK_02,HumanCalib-R,01,05,0.6666460758743699,0.3303394499164362,0.993138682609456
BioCV,P13_WALK_02,HumanCalib-R,01,06,1.0463093278865974,0.352977263203702,1.0001576440702826
BioCV,P13_WALK_02,HumanCalib-R,01,07,0.1786606679384759,0.5899833708070313,1.0052944222912576
BioCV,P13_WALK_02,HumanCalib-R,01,08,0.1120533108588205,0.0832704503460541,0.9918585947420177
BioCV,P13_WALK_02,HumanCalib-R,02,03,0.6399739935742413,0.3429483412543101,0.9760587001167972
BioCV,P13_WALK_02,HumanCalib-R,02,04,0.6227423991646782,0.2070762030786428,0.9820380666136128
BioCV,P13_WALK_02,HumanCalib-R,02,05,0.3827663714907588,0.2522698065423998,0.988730176466047
BioCV,P13_WALK_02,HumanCalib-R,02,06,0.7416832147423951,0.2775525616334071,0.9943621551708124
BioCV,P13_WALK_02,HumanCalib-R,02,07,0.5133863935072438,0.4058757422444463,0.9997500085302404
BioCV,P13_WALK_02,HumanCalib-R,02,08,0.5016736051624748,0.1390990460957492,0.9891094698155304
BioCV,P13_WALK_02,HumanCalib-R,03,04,0.1347529259250904,0.4975120290937834,0.974033749166078
BioCV,P13_WALK_02,HumanCalib-R,03,05,0.7423762240138305,0.5990887241456471,0.9805914518162856
BioCV,P13_WALK_02,HumanCalib-R,03,06,1.0929682077435394,0.4747043162110091,0.9861490709977486
BioCV,P13_WALK_02,HumanCalib-R,03,07,0.3254125056875289,0.1025861155980469,0.9938037949327644
BioCV,P13_WALK_02,HumanCalib-R,03,08,0.2127412585428361,0.1789787881170576,0.9839693439842812
BioCV,P13_WALK_02,HumanCalib-R,04,05,0.6582140539125586,0.7359917912300792,0.9845484927439538
BioCV,P13_WALK_02,HumanCalib-R,04,06,0.9873985098299014,0.5597841867669664,0.989670397326888
BioCV,P13_WALK_02,HumanCalib-R,04,07,0.3747668610384895,0.0351566767352827,0.9996971633444376
BioCV,P13_WALK_02,HumanCalib-R,04,08,0.3009633157820187,0.1798158610155974,0.9881956605602644
BioCV,P13_WALK_02,HumanCalib-R,05,06,0.391290914671837,0.6099078472688332,0.9950063317734698
BioCV,P13_WALK_02,HumanCalib-R,05,07,0.7329796182954534,0.2420479238756939,1.011473779062139
BioCV,P13_WALK_02,HumanCalib-R,05,08,0.707358958121863,0.3318161006939339,0.9958042761196602
BioCV,P13_WALK_02,HumanCalib-R,06,07,1.0866837863064631,0.5754994018970114,1.0344106627086849
BioCV,P13_WALK_02,HumanCalib-R,06,08,1.086914031375429,1.029842659060005,1.007762343406083
BioCV,P13_WALK_02,HumanCalib-R,07,08,0.2310359489342999,3.653194210014917,0.9925628599969734
BioCV,P16_WALK_01,HumanCalib-R,00,01,0.3713293728742542,0.3208034069928676,0.9830674462955274
BioCV,P16_WALK_01,HumanCalib-R,00,02,0.3156409852985985,0.2187259864037884,0.975386786275609
BioCV,P16_WALK_01,HumanCalib-R,00,03,0.4303266161078704,0.1293552740190731,0.9749444253236816
BioCV,P16_WALK_01,HumanCalib-R,00,04,0.4533331635745987,0.2189062356027773,0.9794140418800104
BioCV,P16_WALK_01,HumanCalib-R,00,05,0.4928319888394398,0.2514052534240672,0.9790846935075532
BioCV,P16_WALK_01,HumanCalib-R,00,06,0.6965678676209919,0.2275934695440141,0.9822298955333958
BioCV,P16_WALK_01,HumanCalib-R,00,07,0.4766824093987221,0.9568718902970312,0.9839491067829028
BioCV,P16_WALK_01,HumanCalib-R,00,08,0.5112187847081321,0.555441977498025,0.9738145663891016
BioCV,P16_WALK_01,HumanCalib-R,01,02,0.4436727819295506,0.5991172601973872,0.9678518574031912
BioCV,P16_WALK_01,HumanCalib-R,01,03,0.3695407335501164,0.0855520633337504,0.972552320687638
BioCV,P16_WALK_01,HumanCalib-R,01,04,0.2267439529565493,0.1072510301051982,0.979389622494542
BioCV,P16_WALK_01,HumanCalib-R,01,05,0.5688756146693801,0.3078915652379589,0.9785852896554046
BioCV,P16_WALK_01,HumanCalib-R,01,06,0.6515603906649059,0.3046455581370335,0.9824780406431628
BioCV,P16_WALK_01,HumanCalib-R,01,07,0.2424675350772169,0.3281358941713837,0.9873739199335078
BioCV,P16_WALK_01,HumanCalib-R,01,08,0.4452116340431666,0.4748395195739791,0.977885728434482
BioCV,P16_WALK_01,HumanCalib-R,02,03,0.205977109213614,0.4387099376657256,0.9785835757971924
BioCV,P16_WALK_01,HumanCalib-R,02,04,0.3534295205738732,0.150125982180116,0.984288842031752
BioCV,P16_WALK_01,HumanCalib-R,02,05,0.1789464815023407,0.1401505733057744,0.9786232026690004
BioCV,P16_WALK_01,HumanCalib-R,02,06,0.4164566838429619,0.145454255173463,0.9800708897277828
BioCV,P16_WALK_01,HumanCalib-R,02,07,0.4431837628017757,0.3601337853377666,0.9835072543239848
BioCV,P16_WALK_01,HumanCalib-R,02,08,0.2522143376510054,0.1171065281722151,0.9746959046162256
BioCV,P16_WALK_01,HumanCalib-R,03,04,0.1892397717165015,0.6418116892177205,0.9778624140091878
BioCV,P16_WALK_01,HumanCalib-R,03,05,0.2380327613380994,0.2030076142324792,0.9722836848493612
BioCV,P16_WALK_01,HumanCalib-R,03,06,0.3616415613017096,0.20276272653072,0.975893445743582
BioCV,P16_WALK_01,HumanCalib-R,03,07,0.3613873385276216,0.1772738806859748,0.9817120859186867
BioCV,P16_WALK_01,HumanCalib-R,03,08,0.1349874540346476,0.032975646957518,0.9731553784673872
BioCV,P16_WALK_01,HumanCalib-R,04,05,0.419941548035316,0.0983923718546365,0.9721497541709584
BioCV,P16_WALK_01,HumanCalib-R,04,06,0.4767590692660988,0.2306746375746373,0.977823576239752
BioCV,P16_WALK_01,HumanCalib-R,04,07,0.2578502431652472,0.109922055518484,0.9861565923500032
BioCV,P16_WALK_01,HumanCalib-R,04,08,0.2624950779180588,0.0539988107507888,0.9759524988203636
BioCV,P16_WALK_01,HumanCalib-R,05,06,0.2798295320296717,0.2120166331960966,0.9811700003239344
BioCV,P16_WALK_01,HumanCalib-R,05,07,0.5114653560742546,0.108406063965998,0.9921848457621204
BioCV,P16_WALK_01,HumanCalib-R,05,08,0.2025815472543653,0.2301149504919029,0.9763326617632446
BioCV,P16_WALK_01,HumanCalib-R,06,07,0.4990682030814418,0.6559580507227067,1.00515332093473
BioCV,P16_WALK_01,HumanCalib-R,06,08,0.2301084051579292,0.5641769109247711,0.9790254183332208
BioCV,P16_WALK_01,HumanCalib-R,07,08,0.3563849640054473,3.0770459670424697,0.9589865325371386
BioCV,P16_WALK_02,HumanCalib-R,00,01,0.3736322356664874,0.3990326395162005,0.974372063528507
BioCV,P16_WALK_02,HumanCalib-R,00,02,0.5348284568861328,0.3144124794160062,0.9758151149384467
BioCV,P16_WALK_02,HumanCalib-R,00,03,0.4416023647673343,0.0750303935816317,0.9770346460831462
BioCV,P16_WALK_02,HumanCalib-R,00,04,0.5440687308275659,0.2229918270432444,0.980151083181505
BioCV,P16_WALK_02,HumanCalib-R,00,05,0.7670209252801968,0.3706570978770107,0.9833922845693336
BioCV,P16_WALK_02,HumanCalib-R,00,06,0.9780033317019674,0.3433792177919932,0.9884548760085476
BioCV,P16_WALK_02,HumanCalib-R,00,07,0.6815109714082116,0.6651873750355382,0.9901227364124908
BioCV,P16_WALK_02,HumanCalib-R,00,08,0.5647269081840834,0.6266091758428681,0.9838642135070396
BioCV,P16_WALK_02,HumanCalib-R,01,02,0.2093069475865639,0.2915844178498409,0.9766508770922772
BioCV,P16_WALK_02,HumanCalib-R,01,03,0.1318535937407643,0.1495765791259306,0.977416031585497
BioCV,P16_WALK_02,HumanCalib-R,01,04,0.2221004829050391,0.1530796961488892,0.9806005592110228
BioCV,P16_WALK_02,HumanCalib-R,01,05,0.3982068665855313,0.224877633158036,0.982276504142376
BioCV,P16_WALK_02,HumanCalib-R,01,06,0.6069971154237851,0.2436717057780552,0.9845130235246916
BioCV,P16_WALK_02,HumanCalib-R,01,07,0.3690395393216698,0.4081695216855406,0.98723859798234
BioCV,P16_WALK_02,HumanCalib-R,01,08,0.1949573995315226,0.2267147347074108,0.9791537595943376
BioCV,P16_WALK_02,HumanCalib-R,02,03,0.1445068018106759,0.4230525172639975,0.9811045158666788
BioCV,P16_WALK_02,HumanCalib-R,02,04,0.1630491130751302,0.1568654576286695,0.9833167083498826
BioCV,P16_WALK_02,HumanCalib-R,02,05,0.3145943795167813,0.1670669477958147,0.982521052398724
BioCV,P16_WALK_02,HumanCalib-R,02,06,0.478400635022534,0.1883348311880228,0.9829635403228508
BioCV,P16_WALK_02,HumanCalib-R,02,07,0.4396673401822177,0.3112168859571771,0.985574003486758
BioCV,P16_WALK_02,HumanCalib-R,02,08,0.1244945833216264,0.0665693938188285,0.9784209603170224
BioCV,P16_WALK_02,HumanCalib-R,03,04,0.1089566496563338,0.381177073885131,0.9761212375428662
BioCV,P16_WALK_02,HumanCalib-R,03,05,0.3501534834466062,0.2952767100976548,0.976831407285048
BioCV,P16_WALK_02,HumanCalib-R,03,06,0.5721172222808866,0.2620869059191787,0.9784384167756331
BioCV,P16_WALK_02,HumanCalib-R,03,07,0.4004266673012135,0.1334438951456845,0.98368177819918
BioCV,P16_WALK_02,HumanCalib-R,03,08,0.1618390006859807,0.0270883642821999,0.9767498528540208
BioCV,P16_WALK_02,HumanCalib-R,04,05,0.2696769928430624,0.2655343611211738,0.9780929884500084
BioCV,P16_WALK_02,HumanCalib-R,04,06,0.506033637209128,0.2704205511807426,0.9795806005840804
BioCV,P16_WALK_02,HumanCalib-R,04,07,0.3738605965907606,0.1073022178057831,0.9869008373138732
BioCV,P16_WALK_02,HumanCalib-R,04,08,0.1462777899700919,0.0552443743461353,0.9783805677449794
BioCV,P16_WALK_02,HumanCalib-R,05,06,0.2728117357522951,0.2839556405918784,0.9802868348225742
BioCV,P16_WALK_02,HumanCalib-R,05,07,0.2867948968295937,0.09178409590711,0.99258704967838
BioCV,P16_WALK_02,HumanCalib-R,05,08,0.2198143574829931,0.120806056956614,0.9798630262175676
BioCV,P16_WALK_02,HumanCalib-R,06,07,0.4910415443991519,0.4108640448658251,1.0080807016210542
BioCV,P16_WALK_02,HumanCalib-R,06,08,0.4195383251874127,0.5497356813936846,0.984737037752944
BioCV,P16_WALK_02,HumanCalib-R,07,08,0.3175603429968441,2.4609203853072623,0.965193665140918
BioCV,P17_WALK_01,HumanCalib-R,00,01,0.3576742252744885,0.3483673917511487,0.9734979323486544
BioCV,P17_WALK_01,HumanCalib-R,00,02,0.815004716228384,0.4743198523694391,0.9725754051219636
BioCV,P17_WALK_01,HumanCalib-R,00,03,0.2016934834569851,0.0177646956295671,0.9725378998077876
BioCV,P17_WALK_01,HumanCalib-R,00,04,0.3339650401295528,0.1257728250691042,0.9764792490237156
BioCV,P17_WALK_01,HumanCalib-R,00,05,1.1251559883631514,0.5444314073299467,0.9799336431528024
BioCV,P17_WALK_01,HumanCalib-R,00,06,0.9626821109180356,0.358140804222752,0.985389255648781
BioCV,P17_WALK_01,HumanCalib-R,00,07,0.375080318067003,0.8199608440693564,0.9885482438548608
BioCV,P17_WALK_01,HumanCalib-R,00,08,0.385067480179861,0.4354274278759835,0.978361333033399
BioCV,P17_WALK_01,HumanCalib-R,01,02,0.4845937486679443,0.5728922551219652,0.9715040057130516
BioCV,P17_WALK_01,HumanCalib-R,01,03,0.4505024998680799,0.0781439795145645,0.9714871033335624
BioCV,P17_WALK_01,HumanCalib-R,01,04,0.1337536586769415,0.0737123577158288,0.976559867612459
BioCV,P17_WALK_01,HumanCalib-R,01,05,0.7995547764171576,0.3684460973235347,0.9788691095514186
BioCV,P17_WALK_01,HumanCalib-R,01,06,0.6316666495467624,0.2421475540026257,0.9810421394998924
BioCV,P17_WALK_01,HumanCalib-R,01,07,0.1281945079294293,0.4127706749741686,0.985450820047204
BioCV,P17_WALK_01,HumanCalib-R,01,08,0.1147029277746574,0.1596223411467298,0.9754616409959722
BioCV,P17_WALK_01,HumanCalib-R,02,03,0.8642369753620309,0.3174378049960811,0.9728014108819693
BioCV,P17_WALK_01,HumanCalib-R,02,04,0.4898055433198883,0.2179315261852016,0.9780852786974268
BioCV,P17_WALK_01,HumanCalib-R,02,05,0.4288271019009383,0.1578152227915557,0.9786218739677104
BioCV,P17_WALK_01,HumanCalib-R,02,06,0.2234977078922073,0.1194911630261603,0.979044566342028
BioCV,P17_WALK_01,HumanCalib-R,02,07,0.5628004324976557,0.3830193401777005,0.9830854951214728
BioCV,P17_WALK_01,HumanCalib-R,02,08,0.4335822820725719,0.1003428654648446,0.974410467095662
BioCV,P17_WALK_01,HumanCalib-R,03,04,0.4330491855951466,0.6161922764367712,0.9751231773685416
BioCV,P17_WALK_01,HumanCalib-R,03,05,1.2242171644669193,0.6695429095578587,0.9749832189377208
BioCV,P17_WALK_01,HumanCalib-R,03,06,0.9790056541661586,0.3545198483362543,0.9746568756241616
BioCV,P17_WALK_01,HumanCalib-R,03,07,0.4857094731032826,0.0924833259919078,0.9807403655703084
BioCV,P17_WALK_01,HumanCalib-R,03,08,0.4421274333212163,0.0657347870511098,0.9725333298021565
BioCV,P17_WALK_01,HumanCalib-R,04,05,0.7994728273465956,0.7117254396622728,0.9765513475884492
BioCV,P17_WALK_01,HumanCalib-R,04,06,0.6618437983333498,0.3798780103999504,0.9756025026484276
BioCV,P17_WALK_01,HumanCalib-R,04,07,0.2475423339852147,0.1075671812692961,0.9843030124058596
BioCV,P17_WALK_01,HumanCalib-R,04,08,0.1113182635456204,0.0221504754629112,0.9747981425521208
BioCV,P17_WALK_01,HumanCalib-R,05,06,0.5226874132831569,0.4607619930409541,0.9738459355326126
BioCV,P17_WALK_01,HumanCalib-R,05,07,0.8438160129011252,0.3267200740862643,0.989390591633682
BioCV,P17_WALK_01,HumanCalib-R,05,08,0.7856653703827104,0.2193373905281986,0.9763057808851016
BioCV,P17_WALK_01,HumanCalib-R,06,07,0.6960503687825058,0.6406076106287855,1.0072552459413342
BioCV,P17_WALK_01,HumanCalib-R,06,08,0.5802539984192294,0.6304948325946108,0.9836120932075608
BioCV,P17_WALK_01,HumanCalib-R,07,08,0.2405818449762502,2.992988266106003,0.967719544526922
BioCV,P17_WALK_02,HumanCalib-R,00,01,0.3024518668178956,0.3811554678408055,0.977231347467066
BioCV,P17_WALK_02,HumanCalib-R,00,02,0.9033725723418242,0.5162416301523469,0.9722173813576156
BioCV,P17_WALK_02,HumanCalib-R,00,03,0.3066485927721443,0.1025597282620341,0.9754947325432012
BioCV,P17_WALK_02,HumanCalib-R,00,04,0.5718776564435174,0.1908671684892478,0.9767386892591624
BioCV,P17_WALK_02,HumanCalib-R,00,05,1.1635889607849323,0.5572975882036946,0.9825362914226278
BioCV,P17_WALK_02,HumanCalib-R,00,06,1.0035184711181897,0.4353641580029146,0.9869695563501604
BioCV,P17_WALK_02,HumanCalib-R,00,07,0.4906673117545528,0.5226313783970964,0.9911479012100572
BioCV,P17_WALK_02,HumanCalib-R,00,08,0.5031571183793322,0.4559435300829074,0.9830085814931484
BioCV,P17_WALK_02,HumanCalib-R,01,02,0.6644433157932383,0.9081282846785554,0.965867385758568
BioCV,P17_WALK_02,HumanCalib-R,01,03,0.3980140448904538,0.2227848169309575,0.9726743990914326
BioCV,P17_WALK_02,HumanCalib-R,01,04,0.3748760011315989,0.1618245192871474,0.9742907666701536
BioCV,P17_WALK_02,HumanCalib-R,01,05,0.9049888603104168,0.4421852111548199,0.97899510656644
BioCV,P17_WALK_02,HumanCalib-R,01,06,0.7847036775345817,0.3245726778383798,0.9815059926922032
BioCV,P17_WALK_02,HumanCalib-R,01,07,0.2631070287504647,0.2274895403238642,0.986555310212356
BioCV,P17_WALK_02,HumanCalib-R,01,08,0.2936086535123569,0.1759103919507397,0.9790126589080136
BioCV,P17_WALK_02,HumanCalib-R,02,03,0.7600756391503024,0.0770502400842604,0.976108777844181
BioCV,P17_WALK_02,HumanCalib-R,02,04,0.3380351523747307,0.1554781051608539,0.9771560551084336
BioCV,P17_WALK_02,HumanCalib-R,02,05,0.2772283059573454,0.1546689475502483,0.9785888915268888
BioCV,P17_WALK_02,HumanCalib-R,02,06,0.2229820738198065,0.1205757635374033,0.979007231509878
BioCV,P17_WALK_02,HumanCalib-R,02,07,0.5037880903492798,0.3089276093853408,0.9827638416998716
BioCV,P17_WALK_02,HumanCalib-R,02,08,0.4113671297781887,0.1387678228501479,0.9757199081091006
BioCV,P17_WALK_02,HumanCalib-R,03,04,0.4403096684130617,0.4665497042186765,0.9792631552997638
BioCV,P17_WALK_02,HumanCalib-R,03,05,1.0366945192298755,0.6058253159053195,0.9767997712486772
BioCV,P17_WALK_02,HumanCalib-R,03,06,0.8133432748062994,0.3119397465606357,0.977159215680662
BioCV,P17_WALK_02,HumanCalib-R,03,07,0.4180567254694711,0.1068901914914466,0.9824427656688254
BioCV,P17_WALK_02,HumanCalib-R,03,08,0.3861203114749241,0.0373230754330714,0.9760024416680888
BioCV,P17_WALK_02,HumanCalib-R,04,05,0.6072180585230735,0.6129754983450403,0.9739022584865904
BioCV,P17_WALK_02,HumanCalib-R,04,06,0.4636799188776989,0.3096128628048971,0.9755725061109226
BioCV,P17_WALK_02,HumanCalib-R,04,07,0.2793497240378115,0.1030562085783321,0.9831388451008995
BioCV,P17_WALK_02,HumanCalib-R,04,08,0.1249089118046583,0.0703985344466176,0.9758609230104884
BioCV,P17_WALK_02,HumanCalib-R,05,06,0.3511896683304581,0.2141435215736678,0.9779511632683388
BioCV,P17_WALK_02,HumanCalib-R,05,07,0.7526907394276601,0.1678720202770688,0.9900698784991432
BioCV,P17_WALK_02,HumanCalib-R,05,08,0.6785295166106896,0.2608707404266034,0.9798815560144232
BioCV,P17_WALK_02,HumanCalib-R,06,07,0.5671851549824731,0.5856909139479386,1.002920196643313
BioCV,P17_WALK_02,HumanCalib-R,06,08,0.5053947846511063,0.4839960282254253,0.9852418368311288
BioCV,P17_WALK_02,HumanCalib-R,07,08,0.1578651908653818,2.3708492859599213,0.9747648741631368
BioCV,P18_WALK_01,HumanCalib-R,00,01,0.2208538055240695,0.4139681951477302,0.9751659395223732
BioCV,P18_WALK_01,HumanCalib-R,00,02,0.8842313317669043,0.4013274900713465,0.9683494726065044
BioCV,P18_WALK_01,HumanCalib-R,00,03,1.1064320287362626,0.1246666786279954,0.9697455656096468
BioCV,P18_WALK_01,HumanCalib-R,00,04,0.9676255904223916,0.3808869306682338,0.9766043949515688
BioCV,P18_WALK_01,HumanCalib-R,00,05,1.0443421034665066,0.5018664612597121,0.9833213036680012
BioCV,P18_WALK_01,HumanCalib-R,00,06,1.2677400649607142,0.4357967035340367,0.9940386397940164
BioCV,P18_WALK_01,HumanCalib-R,00,07,0.7979546739777655,0.4585698102300675,0.9952784436512416
BioCV,P18_WALK_01,HumanCalib-R,00,08,0.7629515271682832,0.6119640483364335,0.9906018091413816
BioCV,P18_WALK_01,HumanCalib-R,01,02,0.8389794786670977,1.321746530054288,0.9603279058198432
BioCV,P18_WALK_01,HumanCalib-R,01,03,1.1418398374916523,0.1938219700235884,0.9660996594581772
BioCV,P18_WALK_01,HumanCalib-R,01,04,0.9679688490793787,0.4724116371987766,0.972983929107076
BioCV,P18_WALK_01,HumanCalib-R,01,05,1.0760292680529218,0.5238453113031784,0.9786386409992334
BioCV,P18_WALK_01,HumanCalib-R,01,06,1.2555000760432544,0.3905317635893781,0.9854965523411032
BioCV,P18_WALK_01,HumanCalib-R,01,07,0.849796723248584,0.3094906577105948,0.9874883145026324
BioCV,P18_WALK_01,HumanCalib-R,01,08,0.8302952084678453,0.413961512325732,0.9817017869265602
BioCV,P18_WALK_01,HumanCalib-R,02,03,0.4461322059811672,0.8016709496196447,0.9735686857707684
BioCV,P18_WALK_01,HumanCalib-R,02,04,0.2845231195568422,0.2763774531029902,0.9774677050577713
BioCV,P18_WALK_01,HumanCalib-R,02,05,0.4049239797138315,0.179463107427515,0.9792826133957148
BioCV,P18_WALK_01,HumanCalib-R,02,06,0.4375647484925981,0.1053426491480958,0.9821563484675492
BioCV,P18_WALK_01,HumanCalib-R,02,07,0.44669095684036,0.4230822092967889,0.9828484487956092
BioCV,P18_WALK_01,HumanCalib-R,02,08,0.4347305202245189,0.3111343257371989,0.9766425548723368
BioCV,P18_WALK_01,HumanCalib-R,03,04,0.3087250182831509,0.5319899046779114,0.9613281121719636
BioCV,P18_WALK_01,HumanCalib-R,03,05,0.1503906142999805,0.2474755941710784,0.9697797739817356
BioCV,P18_WALK_01,HumanCalib-R,03,06,0.3040524503136406,0.2303695830657449,0.9740827682610472
BioCV,P18_WALK_01,HumanCalib-R,03,07,0.4227100880149365,0.2400324760995888,0.9783046114838748
BioCV,P18_WALK_01,HumanCalib-R,03,08,0.3696771425615792,0.2826120710481771,0.973139574357194
BioCV,P18_WALK_01,HumanCalib-R,04,05,0.368543487227392,0.2476458595656794,0.9768867611295056
BioCV,P18_WALK_01,HumanCalib-R,04,06,0.4253741950169215,0.2993875190780497,0.9790340014451588
BioCV,P18_WALK_01,HumanCalib-R,04,07,0.5081985323052864,0.165269066631043,0.9847296055326326
BioCV,P18_WALK_01,HumanCalib-R,04,08,0.4091933423313034,0.2481342442405157,0.978347986923954
BioCV,P18_WALK_01,HumanCalib-R,05,06,0.3125787871935008,0.6090584816290149,0.9800279557163596
BioCV,P18_WALK_01,HumanCalib-R,05,07,0.3023008253604798,0.1239979177614564,0.9912355763955616
BioCV,P18_WALK_01,HumanCalib-R,05,08,0.3067976289610989,0.170119165867292,0.9824933065106052
BioCV,P18_WALK_01,HumanCalib-R,06,07,0.5803865199325533,0.0444256377168514,1.0108211792967028
BioCV,P18_WALK_01,HumanCalib-R,06,08,0.5933549774099343,0.7213852153551185,0.9933370236506464
BioCV,P18_WALK_01,HumanCalib-R,07,08,0.1727693306484657,1.95256476647792,0.9783724665794844
BioCV,P18_WALK_02,HumanCalib-R,00,01,0.2945872596305994,0.2757422835637935,0.9828147856639048
BioCV,P18_WALK_02,HumanCalib-R,00,02,0.5940903842429377,0.3050506969677012,0.980959049865431
BioCV,P18_WALK_02,HumanCalib-R,00,03,0.785080582242188,0.2501415372625072,0.9730890791003752
BioCV,P18_WALK_02,HumanCalib-R,00,04,0.7745929294620846,0.3387022649983902,0.98326773503415
BioCV,P18_WALK_02,HumanCalib-R,00,05,0.8211007231325946,0.4079433129528578,0.9912178219418089
BioCV,P18_WALK_02,HumanCalib-R,00,06,1.1473269502403085,0.3948793045461639,1.0012608141199646
BioCV,P18_WALK_02,HumanCalib-R,00,07,0.6166523433976606,0.5951282213589255,1.002936764237758
BioCV,P18_WALK_02,HumanCalib-R,00,08,0.652202717416746,0.5724989737124084,0.9965577312375564
BioCV,P18_WALK_02,HumanCalib-R,01,02,0.3427606384301039,0.4371199018896614,0.9786944029230116
BioCV,P18_WALK_02,HumanCalib-R,01,03,0.5480705478509836,0.5025194064369946,0.9684395562620002
BioCV,P18_WALK_02,HumanCalib-R,01,04,0.5790166496168745,0.2526961342505083,0.979489909002294
BioCV,P18_WALK_02,HumanCalib-R,01,05,0.55558668173275,0.2787444414512359,0.987790516710295
BioCV,P18_WALK_02,HumanCalib-R,01,06,0.8702154344908369,0.3001240120439368,0.9934431008457932
BioCV,P18_WALK_02,HumanCalib-R,01,07,0.3591258871900082,0.3928090448705295,0.9962787520264952
BioCV,P18_WALK_02,HumanCalib-R,01,08,0.4047917994316957,0.2594910785760795,0.988907036959861
BioCV,P18_WALK_02,HumanCalib-R,02,03,0.3162467920833985,0.7603164932025643,0.9655791875985248
BioCV,P18_WALK_02,HumanCalib-R,02,04,0.5648523849319386,0.1568254590514301,0.97593252513332
BioCV,P18_WALK_02,HumanCalib-R,02,05,0.2412046465863467,0.1116001421289236,0.9845937237926502
BioCV,P18_WALK_02,HumanCalib-R,02,06,0.5927985218593647,0.2162010756486053,0.9887191351277876
BioCV,P18_WALK_02,HumanCalib-R,02,07,0.1980172388172794,0.359825747079702,0.9920465737897316
BioCV,P18_WALK_02,HumanCalib-R,02,08,0.0678174496874456,0.1791502610155,0.9856773886858716
BioCV,P18_WALK_02,HumanCalib-R,03,04,0.3775693468170422,1.1463472296494857,0.9561608581653952
BioCV,P18_WALK_02,HumanCalib-R,03,05,0.378738637136508,0.4922319150575535,0.9732525121887488
BioCV,P18_WALK_02,HumanCalib-R,03,06,0.4173074882182135,0.3496932041016489,0.9770782087671326
BioCV,P18_WALK_02,HumanCalib-R,03,07,0.4862041120090365,0.2059407039651022,0.982732262824285
BioCV,P18_WALK_02,HumanCalib-R,03,08,0.2704311491078583,0.2640230326304308,0.976388105906558
BioCV,P18_WALK_02,HumanCalib-R,04,05,0.6816422188545099,0.4661949588048439,0.9878472750973268
BioCV,P18_WALK_02,HumanCalib-R,04,06,0.6408994566634382,0.3469732710133924,0.986409275501868
BioCV,P18_WALK_02,HumanCalib-R,04,07,0.6923031830377442,0.1273149835539044,0.9931720005609096
BioCV,P18_WALK_02,HumanCalib-R,04,08,0.5592942860810205,0.2534149374117482,0.9850208353203084
BioCV,P18_WALK_02,HumanCalib-R,05,06,0.4501393179651238,0.6884795586130843,0.98523288652259
BioCV,P18_WALK_02,HumanCalib-R,05,07,0.2529524255361327,0.2533850748192172,0.9999769628168732
BioCV,P18_WALK_02,HumanCalib-R,05,08,0.2107746258431992,0.0994259459686194,0.989357844543924
BioCV,P18_WALK_02,HumanCalib-R,06,07,0.6654930730028622,0.3145493618081559,1.022049219175104
BioCV,P18_WALK_02,HumanCalib-R,06,08,0.5405786230358928,0.6591615722230016,1.000651748771051
BioCV,P18_WALK_02,HumanCalib-R,07,08,0.243518789117208,2.3144836828329245,0.9831608981283424
I-MOVE-23,subject10,HumanCalib-M,Cam21,Cam22,0.3604091379066473,0.333916838641409,1.0107555910982533
I-MOVE-23,subject10,HumanCalib-M,Cam21,Cam23,0.1215922621224826,0.1661798667761245,1.0039373297582108
I-MOVE-23,subject10,HumanCalib-M,Cam21,Cam24,0.2798157401173944,0.2109577246576519,1.0150000146162896
I-MOVE-23,subject10,HumanCalib-M,Cam21,Cam25,0.4226550806997944,0.3451293344109591,1.0077077112882034
I-MOVE-23,subject10,HumanCalib-M,Cam21,Cam26,0.2019121227262981,0.3361369870684871,1.0095352335595318
I-MOVE-23,subject10,HumanCalib-M,Cam21,Cam27,0.4692005765301993,0.5430723845377247,1.013326481593484
I-MOVE-23,subject10,HumanCalib-M,Cam21,Cam28,0.5704851155622829,0.1744939802808729,1.017098367800893
I-MOVE-23,subject10,HumanCalib-M,Cam21,Cam29,0.5465181777854479,0.4516619318735439,1.0196626917864486
I-MOVE-23,subject10,HumanCalib-M,Cam21,Cam30,0.3589500696461044,0.190546904479347,1.015000462047127
I-MOVE-23,subject10,HumanCalib-M,Cam22,Cam23,0.3615917394139086,0.2254218527304314,1.007258159568272
I-MOVE-23,subject10,HumanCalib-M,Cam22,Cam24,0.3369240742755957,0.4577675161331574,1.0036275322260595
I-MOVE-23,subject10,HumanCalib-M,Cam22,Cam25,0.4585835826314753,0.1651162227525884,0.9854055742334856
I-MOVE-23,subject10,HumanCalib-M,Cam22,Cam26,0.4867563701478029,0.2353918146231083,1.009731985912263
I-MOVE-23,subject10,HumanCalib-M,Cam22,Cam27,0.4373878099670825,0.1076990344072996,1.0130823773671676
I-MOVE-23,subject10,HumanCalib-M,Cam22,Cam28,0.4751925755902046,0.2212169527300891,1.0120635166752954
I-MOVE-23,subject10,HumanCalib-M,Cam22,Cam29,0.4003543299743321,0.2607553384832728,1.0004656419727136
I-MOVE-23,subject10,HumanCalib-M,Cam22,Cam30,0.3196804307086638,0.1561367504813067,1.0104519238937926
I-MOVE-23,subject10,HumanCalib-M,Cam23,Cam24,0.3207903822645711,0.0740048082995914,1.0102563677810974
I-MOVE-23,subject10,HumanCalib-M,Cam23,Cam25,0.5309174990402518,0.2706220240615078,1.0065412460277097
I-MOVE-23,subject10,HumanCalib-M,Cam23,Cam26,0.3003370797639598,0.2616289813066753,0.9849302426957562
I-MOVE-23,subject10,HumanCalib-M,Cam23,Cam27,0.4706988908394546,1.1142269755867649,0.9938059931561364
I-MOVE-23,subject10,HumanCalib-M,Cam23,Cam28,0.5178937042611226,0.4818906810443373,1.0072653410441397
I-MOVE-23,subject10,HumanCalib-M,Cam23,Cam29,0.5213682633679979,0.1152450338591795,1.0102966333889558
I-MOVE-23,subject10,HumanCalib-M,Cam23,Cam30,0.2717897016830163,0.1784113456314713,1.006787180445799
I-MOVE-23,subject10,HumanCalib-M,Cam24,Cam25,0.3615514711701815,1.2792354731923476,1.0047471275785351
I-MOVE-23,subject10,HumanCalib-M,Cam24,Cam26,0.2598238782707492,0.1610530783784924,1.0122814904372406
I-MOVE-23,subject10,HumanCalib-M,Cam24,Cam27,0.6641115830535639,0.2946918627327307,1.0194092967875414
I-MOVE-23,subject10,HumanCalib-M,Cam24,Cam28,0.3979306097774819,0.1143596922829978,1.01801573793341
I-MOVE-23,subject10,HumanCalib-M,Cam24,Cam29,0.6905386082282761,0.2981626879291309,1.0088022455879184
I-MOVE-23,subject10,HumanCalib-M,Cam24,Cam30,0.3473551349874146,0.1071509280433383,1.0197582814726704
I-MOVE-23,subject10,HumanCalib-M,Cam25,Cam26,0.348537311669536,0.0976067238220462,1.0080718879924768
I-MOVE-23,subject10,HumanCalib-M,Cam25,Cam27,0.6535970700308239,0.1958264928092453,1.0138350800843243
I-MOVE-23,subject10,HumanCalib-M,Cam25,Cam28,0.7353935149929351,0.1982171476902612,1.0126538083095482
I-MOVE-23,subject10,HumanCalib-M,Cam25,Cam29,0.7292628963739298,0.2882720461368525,0.9964157466530698
I-MOVE-23,subject10,HumanCalib-M,Cam25,Cam30,0.6522183596100418,0.2798616986988579,1.011148729089488
I-MOVE-23,subject10,HumanCalib-M,Cam26,Cam27,0.6401848886205752,0.9852797982914896,0.9979808515460376
I-MOVE-23,subject10,HumanCalib-M,Cam26,Cam28,0.6235258484755918,0.4286132863931411,1.0097949804351505
I-MOVE-23,subject10,HumanCalib-M,Cam26,Cam29,0.7300509639576505,0.2328757437175296,1.0144643021600173
I-MOVE-23,subject10,HumanCalib-M,Cam26,Cam30,0.493828543680413,0.2454135108487204,1.009380334022287
I-MOVE-23,subject10,HumanCalib-M,Cam27,Cam28,0.8535682368782076,1.2039367298630783,1.0270524905866585
I-MOVE-23,subject10,HumanCalib-M,Cam27,Cam29,0.1808381574809883,0.1683185035121358,1.0165311804006518
I-MOVE-23,subject10,HumanCalib-M,Cam27,Cam30,0.5906119987827838,0.3821700008654776,1.019261660505004
I-MOVE-23,subject10,HumanCalib-M,Cam28,Cam29,0.7998110627747123,0.2606024449249637,1.016744853847863
I-MOVE-23,subject10,HumanCalib-M,Cam28,Cam30,0.2929889140670852,0.286467239214723,1.0151643362306748
I-MOVE-23,subject10,HumanCalib-M,Cam29,Cam30,0.5531496746776303,0.215542136718905,1.0148029808208512
I-MOVE-23,subject11,HumanCalib-M,Cam21,Cam22,1.1127554068097247,0.1445556955712202,1.0168555115935156
I-MOVE-23,subject11,HumanCalib-M,Cam21,Cam23,0.7505218450295182,0.4097266788444968,1.0367905143750598
I-MOVE-23,subject11,HumanCalib-M,Cam21,Cam24,1.2204918820959982,0.5956124782625382,1.0207099396438375
I-MOVE-23,subject11,HumanCalib-M,Cam21,Cam25,0.903438485348095,0.3833291622819605,1.0113125216979832
I-MOVE-23,subject11,HumanCalib-M,Cam21,Cam26,0.4841354567722435,0.3458100733334462,1.0425663373958085
I-MOVE-23,subject11,HumanCalib-M,Cam21,Cam27,1.558940746454801,0.5439118680954584,1.055490858292539
I-MOVE-23,subject11,HumanCalib-M,Cam21,Cam28,2.391773758169435,1.4115169753900878,1.0502577198518743
I-MOVE-23,subject11,HumanCalib-M,Cam21,Cam29,0.9256047648190388,0.7715564326239907,1.021144874226719
I-MOVE-23,subject11,HumanCalib-M,Cam21,Cam30,2.2964150936296384,1.304565062680662,1.0384760028089477
I-MOVE-23,subject11,HumanCalib-M,Cam22,Cam23,0.4608832821167056,0.1591259433290084,1.0246305672264926
I-MOVE-23,subject11,HumanCalib-M,Cam22,Cam24,0.641731461379314,0.1494367977324827,1.0021138650760195
I-MOVE-23,subject11,HumanCalib-M,Cam22,Cam25,0.785069910986294,0.5884027581066968,0.984408904061151
I-MOVE-23,subject11,HumanCalib-M,Cam22,Cam26,0.8445545980948874,0.2572759979586452,1.025801212439382
I-MOVE-23,subject11,HumanCalib-M,Cam22,Cam27,0.5192916370763357,0.3703962522605673,1.0300101925410508
I-MOVE-23,subject11,HumanCalib-M,Cam22,Cam28,1.333342240909668,0.7104345167829953,1.0215142466962408
I-MOVE-23,subject11,HumanCalib-M,Cam22,Cam29,0.4917605869774947,0.2299882814587678,1.0059833580262276
I-MOVE-23,subject11,HumanCalib-M,Cam22,Cam30,1.203189742765872,0.6218745471492005,1.0147721178475972
I-MOVE-23,subject11,HumanCalib-M,Cam23,Cam24,0.7807267320196821,0.4799879333678627,1.0281323087537602
I-MOVE-23,subject11,HumanCalib-M,Cam23,Cam25,0.6947416499832836,0.4346181936718044,1.0212453278861826
I-MOVE-23,subject11,HumanCalib-M,Cam23,Cam26,0.441137198382101,0.8339912951575582,1.0246923233795862
I-MOVE-23,subject11,HumanCalib-M,Cam23,Cam27,0.9558629307263332,1.3792353288325852,1.0464803161513014
I-MOVE-23,subject11,HumanCalib-M,Cam23,Cam28,1.7821372297106288,0.675404689940286,1.048755667102903
I-MOVE-23,subject11,HumanCalib-M,Cam23,Cam29,0.4696690761105307,0.2880254175548825,1.0294073626515048
I-MOVE-23,subject11,HumanCalib-M,Cam23,Cam30,1.6482755511562173,0.5789302727663905,1.0373502679367208
I-MOVE-23,subject11,HumanCalib-M,Cam24,Cam25,0.396153632155995,0.6622465717138896,0.997295415794042
I-MOVE-23,subject11,HumanCalib-M,Cam24,Cam26,0.8738966211469664,0.3115007108513098,1.0291943761831883
I-MOVE-23,subject11,HumanCalib-M,Cam24,Cam27,0.6468384313100582,0.486643936822418,1.034376724968175
I-MOVE-23,subject11,HumanCalib-M,Cam24,Cam28,1.3850565930092875,0.9672517894098186,1.0232153000636195
I-MOVE-23,subject11,HumanCalib-M,Cam24,Cam29,1.061446603292197,0.3894107081287926,1.0043889984481127
I-MOVE-23,subject11,HumanCalib-M,Cam24,Cam30,1.3451791200792276,1.1378948921878371,1.0158403200928474
I-MOVE-23,subject11,HumanCalib-M,Cam25,Cam26,0.5850010573427967,0.2752879272014341,1.0216872880407477
I-MOVE-23,subject11,HumanCalib-M,Cam25,Cam27,0.9832214700103596,0.4516777292635182,1.025941910018909
I-MOVE-23,subject11,HumanCalib-M,Cam25,Cam28,1.765480976707225,0.9027913214160532,1.016257733760258
I-MOVE-23,subject11,HumanCalib-M,Cam25,Cam29,1.052118612997636,0.4220230173795375,0.9947745460264428
I-MOVE-23,subject11,HumanCalib-M,Cam25,Cam30,1.718214982802733,0.9237519440436316,1.008473025897768
I-MOVE-23,subject11,HumanCalib-M,Cam26,Cam27,1.2754917311008336,0.7326695573294743,1.056383567701605
I-MOVE-23,subject11,HumanCalib-M,Cam26,Cam28,2.113580217526228,0.902260321973731,1.0537904016872437
I-MOVE-23,subject11,HumanCalib-M,Cam26,Cam29,0.8375101501850916,0.5180999522876243,1.0318793280584018
I-MOVE-23,subject11,HumanCalib-M,Cam26,Cam30,2.0084285077042483,0.8095221462940397,1.040832128852364
I-MOVE-23,subject11,HumanCalib-M,Cam27,Cam28,0.8411631112938097,1.2491219402391278,1.0665634754725233
I-MOVE-23,subject11,HumanCalib-M,Cam27,Cam29,0.9664565222063988,0.4693103000232247,1.037015147153515
I-MOVE-23,subject11,HumanCalib-M,Cam27,Cam30,0.7564389482909593,0.7830672513878139,1.0489511114671597
I-MOVE-23,subject11,HumanCalib-M,Cam28,Cam29,1.7179436816593816,0.5382377549779492,1.0287870381515545
I-MOVE-23,subject11,HumanCalib-M,Cam28,Cam30,0.2488514244929913,0.7074018663197478,1.0352978466992524
I-MOVE-23,subject11,HumanCalib-M,Cam29,Cam30,1.5682138643016537,0.8081650116376425,1.019780185463251
I-MOVE-23,subject12,HumanCalib-M,Cam21,Cam22,0.5214238258216033,0.098635761980821,1.0148147637149814
I-MOVE-23,subject12,HumanCalib-M,Cam21,Cam23,0.4452825371437543,0.1986262629105436,1.0201631017419794
I-MOVE-23,subject12,HumanCalib-M,Cam21,Cam24,0.7113729101298597,0.2888511037373332,1.0147303277709474
I-MOVE-23,subject12,HumanCalib-M,Cam21,Cam25,0.5938569145917557,0.1450881464058475,1.0117744022337454
I-MOVE-23,subject12,HumanCalib-M,Cam21,Cam26,0.5050306657161127,0.3139129428234101,1.019474935552115
I-MOVE-23,subject12,HumanCalib-M,Cam21,Cam27,0.3620466944853464,0.2467757403682916,1.0225074471460922
I-MOVE-23,subject12,HumanCalib-M,Cam21,Cam28,0.8552204306893169,0.5637841595202079,1.0246776960798132
I-MOVE-23,subject12,HumanCalib-M,Cam21,Cam29,0.2999299160301678,0.1881402761497823,1.014439986211045
I-MOVE-23,subject12,HumanCalib-M,Cam21,Cam30,0.8580171839617251,0.5178342008232381,1.0213836422566425
I-MOVE-23,subject12,HumanCalib-M,Cam22,Cam23,0.1661140540273591,0.0878347619038083,1.0168156967276232
I-MOVE-23,subject12,HumanCalib-M,Cam22,Cam24,0.2150398532318395,0.2432818251709456,1.0118941201951055
I-MOVE-23,subject12,HumanCalib-M,Cam22,Cam25,0.1025558116644819,0.6939457651827378,1.0081193688096572
I-MOVE-23,subject12,HumanCalib-M,Cam22,Cam26,0.074774801313408,0.0787476903962556,1.0161669139999407
I-MOVE-23,subject12,HumanCalib-M,Cam22,Cam27,0.1883286089134485,0.025104088963851,1.017177856237363
I-MOVE-23,subject12,HumanCalib-M,Cam22,Cam28,0.3928454580450097,0.1959073226016378,1.0153574268563592
I-MOVE-23,subject12,HumanCalib-M,Cam22,Cam29,0.3100857933102157,0.209947738309856,1.013887674590377
I-MOVE-23,subject12,HumanCalib-M,Cam22,Cam30,0.3403930257136843,0.1982232405051265,1.01474176787476
I-MOVE-23,subject12,HumanCalib-M,Cam23,Cam24,0.3621726677922038,0.1962893822753932,1.0166788894675014
I-MOVE-23,subject12,HumanCalib-M,Cam23,Cam25,0.2555832836662049,0.1473210981608491,1.014547129735949
I-MOVE-23,subject12,HumanCalib-M,Cam23,Cam26,0.1369601866454743,0.2954126484527605,1.0180506367781912
I-MOVE-23,subject12,HumanCalib-M,Cam23,Cam27,0.2282788205175709,0.1783112592865426,1.020610178564679
I-MOVE-23,subject12,HumanCalib-M,Cam23,Cam28,0.553477176034993,0.099317196264999,1.024785434968989
I-MOVE-23,subject12,HumanCalib-M,Cam23,Cam29,0.2307882220744759,0.0654078413095168,1.017534031753134
I-MOVE-23,subject12,HumanCalib-M,Cam23,Cam30,0.4689635593556117,0.1729098133785146,1.0199308203041777
I-MOVE-23,subject12,HumanCalib-M,Cam24,Cam25,0.1197744849367793,0.0648293299567625,1.0053233206933896
I-MOVE-23,subject12,HumanCalib-M,Cam24,Cam26,0.236244285073436,0.1109580556954416,1.0155809971756489
I-MOVE-23,subject12,HumanCalib-M,Cam24,Cam27,0.3552283709447655,0.1633637688709814,1.0170953099620537
I-MOVE-23,subject12,HumanCalib-M,Cam24,Cam28,0.257205520631634,0.2703262668947034,1.0133617648213382
I-MOVE-23,subject12,HumanCalib-M,Cam24,Cam29,0.475820978364695,0.2394986007978996,1.0117062290367098
I-MOVE-23,subject12,HumanCalib-M,Cam24,Cam30,0.2064624741309541,0.2238930884556731,1.0119279300088946
I-MOVE-23,subject12,HumanCalib-M,Cam25,Cam26,0.1268652385247904,0.0983121138264141,1.0136001194136368
I-MOVE-23,subject12,HumanCalib-M,Cam25,Cam27,0.2412705652460158,0.1231157729580796,1.0144749377830828
I-MOVE-23,subject12,HumanCalib-M,Cam25,Cam28,0.3282921047697669,0.2322630136465327,1.0113915235871995
I-MOVE-23,subject12,HumanCalib-M,Cam25,Cam29,0.3656796819925188,0.2828958627321598,1.0089530448405657
I-MOVE-23,subject12,HumanCalib-M,Cam25,Cam30,0.2870137840011607,0.1654492354410924,1.0096422609768734
I-MOVE-23,subject12,HumanCalib-M,Cam26,Cam27,0.1943276879091017,0.2937029119762934,1.0188260445936437
I-MOVE-23,subject12,HumanCalib-M,Cam26,Cam28,0.4481272186208513,0.0410601800642759,1.0233243341921316
I-MOVE-23,subject12,HumanCalib-M,Cam26,Cam29,0.2602610208612383,0.0928607502550597,1.0169552882518278
I-MOVE-23,subject12,HumanCalib-M,Cam26,Cam30,0.3808024806791206,0.1363861520844951,1.018838432541891
I-MOVE-23,subject12,HumanCalib-M,Cam27,Cam28,0.500830414243709,0.5029035893677326,1.0303834413622852
I-MOVE-23,subject12,HumanCalib-M,Cam27,Cam29,0.2181666884776352,0.0742711057634742,1.018132641119353
I-MOVE-23,subject12,HumanCalib-M,Cam27,Cam30,0.508985120397571,0.2562005428449093,1.0211126364288257
I-MOVE-23,subject12,HumanCalib-M,Cam28,Cam29,0.6804801330766267,0.1188301107009817,1.0173953961358817
I-MOVE-23,subject12,HumanCalib-M,Cam28,Cam30,0.2135548002816951,0.2130010507105751,1.0160435353859627
I-MOVE-23,subject12,HumanCalib-M,Cam29,Cam30,0.6403481920538746,0.2965811505915332,1.0162372181187511
I-MOVE-23,subject13,HumanCalib-M,Cam21,Cam22,0.6328773053264016,0.3588172610680609,1.0184809217205593
I-MOVE-23,subject13,HumanCalib-M,Cam21,Cam23,0.2204057701510176,0.0975868851353778,1.0432956586150235
I-MOVE-23,subject13,HumanCalib-M,Cam21,Cam24,0.5730511515595084,0.169459671259527,1.0199614665427887
I-MOVE-23,subject13,HumanCalib-M,Cam21,Cam25,1.0994559615343973,0.631110152325006,1.0064242734992117
I-MOVE-23,subject13,HumanCalib-M,Cam21,Cam26,0.7317653925499493,1.3817302287591264,1.0129512588821428
I-MOVE-23,subject13,HumanCalib-M,Cam21,Cam27,0.8491596258451016,0.4885119277665703,1.0409799698324778
I-MOVE-23,subject13,HumanCalib-M,Cam21,Cam28,0.7016388175518259,0.515081880952017,1.02664614991376
I-MOVE-23,subject13,HumanCalib-M,Cam21,Cam29,0.7316668164024963,0.376175437612366,1.012181591627698
I-MOVE-23,subject13,HumanCalib-M,Cam21,Cam30,0.6202979881812879,0.3418585310458534,1.0218282070384492
I-MOVE-23,subject13,HumanCalib-M,Cam22,Cam23,0.4606560561822068,0.2641847021851435,1.029720489496594
I-MOVE-23,subject13,HumanCalib-M,Cam22,Cam24,0.4104054975211402,0.2583300954326187,1.0291515296808225
I-MOVE-23,subject13,HumanCalib-M,Cam22,Cam25,0.950762589587505,1.5417428345922308,0.9772952070413984
I-MOVE-23,subject13,HumanCalib-M,Cam22,Cam26,0.3884440421664737,0.250161841865431,1.015580331673607
I-MOVE-23,subject13,HumanCalib-M,Cam22,Cam27,0.4701983384763625,0.2799432258370398,1.0262596727912274
I-MOVE-23,subject13,HumanCalib-M,Cam22,Cam28,0.3929289241173712,0.116644196484377,1.019242943013085
I-MOVE-23,subject13,HumanCalib-M,Cam22,Cam29,0.34567224389543,0.4477232464704928,1.020094934059382
I-MOVE-23,subject13,HumanCalib-M,Cam22,Cam30,0.0935764874126849,0.1700282545612234,1.0206785093610873
I-MOVE-23,subject13,HumanCalib-M,Cam23,Cam24,0.4051399628895912,0.1110259032228932,1.0298978519646498
I-MOVE-23,subject13,HumanCalib-M,Cam23,Cam25,0.9632497815503336,0.5679645752800843,1.0229374968525011
I-MOVE-23,subject13,HumanCalib-M,Cam23,Cam26,0.5153158473179159,5.79062871411297,1.0906386691770893
I-MOVE-23,subject13,HumanCalib-M,Cam23,Cam27,0.7107454090376977,0.2313876229161391,1.058070665093107
I-MOVE-23,subject13,HumanCalib-M,Cam23,Cam28,0.5610238886024935,0.808187082377927,1.044508540343596
I-MOVE-23,subject13,HumanCalib-M,Cam23,Cam29,0.6232340214883578,0.226023222951981,1.0299821613615214
I-MOVE-23,subject13,HumanCalib-M,Cam23,Cam30,0.4669800552371426,0.5040754382233025,1.0357777794534178
I-MOVE-23,subject13,HumanCalib-M,Cam24,Cam25,1.145840348329331,3.2467990047573774,1.0257465812544588
I-MOVE-23,subject13,HumanCalib-M,Cam24,Cam26,0.4839058921339287,0.1277440284651977,1.0133639506507883
I-MOVE-23,subject13,HumanCalib-M,Cam24,Cam27,0.8383701946196616,0.6921749708779813,1.0222577179849268
I-MOVE-23,subject13,HumanCalib-M,Cam24,Cam28,0.724865032522071,0.3278121487725053,1.0130181477856106
I-MOVE-23,subject13,HumanCalib-M,Cam24,Cam29,0.4481903919855011,0.1271991478799411,1.0191618841158427
I-MOVE-23,subject13,HumanCalib-M,Cam24,Cam30,0.3923546848066392,0.2829315762645208,1.0150381635316734
I-MOVE-23,subject13,HumanCalib-M,Cam25,Cam26,0.6966194196656952,0.1935670755508359,1.0077401622091484
I-MOVE-23,subject13,HumanCalib-M,Cam25,Cam27,0.6404624564416517,0.3306670175675467,1.0188932006875628
I-MOVE-23,subject13,HumanCalib-M,Cam25,Cam28,0.632898178020539,0.2583169875629558,1.0123905974202958
I-MOVE-23,subject13,HumanCalib-M,Cam25,Cam29,1.2960839864388816,0.6623039843842059,0.9941212042604736
I-MOVE-23,subject13,HumanCalib-M,Cam25,Cam30,1.039750112354079,0.4291068973249236,1.01173715082452
I-MOVE-23,subject13,HumanCalib-M,Cam26,Cam27,0.5225983585982447,1.9393202280078516,1.0281724453950585
I-MOVE-23,subject13,HumanCalib-M,Cam26,Cam28,0.4358829115812682,0.517764518555899,1.0161780272624168
I-MOVE-23,subject13,HumanCalib-M,Cam26,Cam29,0.6944737909494726,0.2239123271631963,1.0123919173404377
I-MOVE-23,subject13,HumanCalib-M,Cam26,Cam30,0.4695898640454078,0.2542937571013031,1.0112404747525223
I-MOVE-23,subject13,HumanCalib-M,Cam27,Cam28,0.1540569827782993,1.3912596340179326,1.036622719573992
I-MOVE-23,subject13,HumanCalib-M,Cam27,Cam29,0.7735768859716239,0.3117599764855375,1.0262655262275555
I-MOVE-23,subject13,HumanCalib-M,Cam27,Cam30,0.5427326409851086,0.57671176617955,1.0281257406601816
I-MOVE-23,subject13,HumanCalib-M,Cam28,Cam29,0.7130532457392911,0.2589804573964066,1.0161473918566497
I-MOVE-23,subject13,HumanCalib-M,Cam28,Cam30,0.4667207190553897,0.4565914721963037,1.014622784661844
I-MOVE-23,subject13,HumanCalib-M,Cam29,Cam30,0.2569348320881426,0.1624569508922017,1.014364650237521
I-MOVE-23,subject2,HumanCalib-M,Cam21,Cam22,0.317665761551776,0.1378016485948159,1.0019607138319473
I-MOVE-23,subject2,HumanCalib-M,Cam21,Cam23,0.202130553199903,0.1180329798812873,1.0020785911961
I-MOVE-23,subject2,HumanCalib-M,Cam21,Cam24,0.4279160236067701,0.3273811015660793,1.0005739636027535
I-MOVE-23,subject2,HumanCalib-M,Cam21,Cam25,0.483736040314726,0.3569449314523429,0.993817200277551
I-MOVE-23,subject2,HumanCalib-M,Cam21,Cam26,0.4259609313020072,0.6285419085609785,0.994189737208371
I-MOVE-23,subject2,HumanCalib-M,Cam21,Cam27,0.0982109118910759,0.2444694733595759,1.009313227004166
I-MOVE-23,subject2,HumanCalib-M,Cam21,Cam28,0.5856817539471706,0.2272441771757821,1.0084408385934005
I-MOVE-23,subject2,HumanCalib-M,Cam21,Cam29,0.2613912256816132,0.3057356587695959,1.003908378449438
I-MOVE-23,subject2,HumanCalib-M,Cam21,Cam30,0.6642687988886202,0.3843251176589853,1.0068757174587162
I-MOVE-23,subject2,HumanCalib-M,Cam22,Cam23,0.3069750457444656,0.1773438371890417,1.0018808842041145
I-MOVE-23,subject2,HumanCalib-M,Cam22,Cam24,0.2711593205419043,0.2629234872800361,0.9934154606332564
I-MOVE-23,subject2,HumanCalib-M,Cam22,Cam25,0.3546419880564715,1.2077912909545674,0.9759803814646434
I-MOVE-23,subject2,HumanCalib-M,Cam22,Cam26,0.4097600139645231,0.2636402570438102,0.9983396193636872
I-MOVE-23,subject2,HumanCalib-M,Cam22,Cam27,0.2197408098054152,0.019909952947613,1.005310220651974
I-MOVE-23,subject2,HumanCalib-M,Cam22,Cam28,0.3411998842960464,0.1964925488141217,1.0024069755388818
I-MOVE-23,subject2,HumanCalib-M,Cam22,Cam29,0.1558525504819687,0.146192805741029,0.9980436415003768
I-MOVE-23,subject2,HumanCalib-M,Cam22,Cam30,0.5141521517752671,0.2286803967413834,0.997630142969351
I-MOVE-23,subject2,HumanCalib-M,Cam23,Cam24,0.4641721479364381,0.2798643745177679,1.0021319501582555
I-MOVE-23,subject2,HumanCalib-M,Cam23,Cam25,0.5494303848364132,0.3460567733233114,0.9974473681359132
I-MOVE-23,subject2,HumanCalib-M,Cam23,Cam26,0.4390222177538789,2.228065922738898,1.004957325206249
I-MOVE-23,subject2,HumanCalib-M,Cam23,Cam27,0.1885701795270644,0.7384820080752481,1.001696490244295
I-MOVE-23,subject2,HumanCalib-M,Cam23,Cam28,0.5653502403578491,0.1789985826486485,1.007236884764957
I-MOVE-23,subject2,HumanCalib-M,Cam23,Cam29,0.182713766378035,0.0782611631715709,1.0026884602186177
I-MOVE-23,subject2,HumanCalib-M,Cam23,Cam30,0.7085784082694674,0.1570053428242004,1.0068704582496055
I-MOVE-23,subject2,HumanCalib-M,Cam24,Cam25,0.1030600248991664,0.8780962353181564,0.9843283162391544
I-MOVE-23,subject2,HumanCalib-M,Cam24,Cam26,0.2355097071679488,0.1505322616077054,0.9966429606882088
I-MOVE-23,subject2,HumanCalib-M,Cam24,Cam27,0.3619894392161648,0.1680505825713917,1.0069167894142783
I-MOVE-23,subject2,HumanCalib-M,Cam24,Cam28,0.2008670025373327,0.2873757092683459,1.0030699248430714
I-MOVE-23,subject2,HumanCalib-M,Cam24,Cam29,0.3946450759368575,0.1647487374175565,0.993910165167658
I-MOVE-23,subject2,HumanCalib-M,Cam24,Cam30,0.2533884253767531,0.3194151550480901,0.9946385058304016
I-MOVE-23,subject2,HumanCalib-M,Cam25,Cam26,0.2746537948923297,0.1013640347478507,0.9928180508863812
I-MOVE-23,subject2,HumanCalib-M,Cam25,Cam27,0.4277964921833326,0.1506387455417121,1.000853034006575
I-MOVE-23,subject2,HumanCalib-M,Cam25,Cam28,0.2518434567714503,0.2744690231065764,0.9971227913974332
I-MOVE-23,subject2,HumanCalib-M,Cam25,Cam29,0.4835215556004706,0.4151922618279085,0.9846000122873316
I-MOVE-23,subject2,HumanCalib-M,Cam25,Cam30,0.1903972538603577,0.3738961760080397,0.9894098406508336
I-MOVE-23,subject2,HumanCalib-M,Cam26,Cam27,0.4006724936995762,1.4931034887648251,0.992216033973719
I-MOVE-23,subject2,HumanCalib-M,Cam26,Cam28,0.3553621316371393,0.5700153410757269,0.9975701033175262
I-MOVE-23,subject2,HumanCalib-M,Cam26,Cam29,0.4633254884427624,0.1195690949530985,0.9989175798648008
I-MOVE-23,subject2,HumanCalib-M,Cam26,Cam30,0.352933540151245,0.135074604220832,0.9988611556016824
I-MOVE-23,subject2,HumanCalib-M,Cam27,Cam28,0.5050528045258547,0.7127677609009093,1.0194027032583022
I-MOVE-23,subject2,HumanCalib-M,Cam27,Cam29,0.1797373793660589,0.1767637614146919,1.0066870975222113
I-MOVE-23,subject2,HumanCalib-M,Cam27,Cam30,0.6091187071886567,0.3455840209256849,1.0162659095037878
I-MOVE-23,subject2,HumanCalib-M,Cam28,Cam29,0.4674444132423074,0.1828179291052431,1.0039976213654085
I-MOVE-23,subject2,HumanCalib-M,Cam28,Cam30,0.2685861925535479,0.1191468839190507,1.013794941092105
I-MOVE-23,subject2,HumanCalib-M,Cam29,Cam30,0.6454732097880848,0.3135394993775892,0.9991461710800078
I-MOVE-23,subject3,HumanCalib-M,Cam21,Cam22,0.4553829994278003,0.3378920833687364,1.0240723398406708
I-MOVE-23,subject3,HumanCalib-M,Cam21,Cam23,0.353567161238656,0.1504677475313423,1.010120400111406
I-MOVE-23,subject3,HumanCalib-M,Cam21,Cam24,0.385218851329872,0.1696096134315722,1.029109999973305
I-MOVE-23,subject3,HumanCalib-M,Cam21,Cam25,0.4427269632180516,0.3342320953581174,1.0177201415787898
I-MOVE-23,subject3,HumanCalib-M,Cam21,Cam26,0.1138938532926844,0.263146907052522,1.0112394216436498
I-MOVE-23,subject3,HumanCalib-M,Cam21,Cam27,0.8620696558984623,0.6225186442472502,1.0037724136903796
I-MOVE-23,subject3,HumanCalib-M,Cam21,Cam28,1.119804892661343,0.7937028049213788,1.0165577470336202
I-MOVE-23,subject3,HumanCalib-M,Cam21,Cam29,0.2606216810928027,0.1554322446628682,1.031146401563752
I-MOVE-23,subject3,HumanCalib-M,Cam21,Cam30,0.77410450784299,0.4837648475656071,1.0246350150290726
I-MOVE-23,subject3,HumanCalib-M,Cam22,Cam23,0.3367355358998559,0.233548484301566,1.0173896304014256
I-MOVE-23,subject3,HumanCalib-M,Cam22,Cam24,0.283414433998491,0.5332158231074121,1.0208436942735484
I-MOVE-23,subject3,HumanCalib-M,Cam22,Cam25,0.6640454006303921,0.3029563008750477,0.9895192389103432
I-MOVE-23,subject3,HumanCalib-M,Cam22,Cam26,0.4016517338584949,0.2432265079661192,1.01884265692559
I-MOVE-23,subject3,HumanCalib-M,Cam22,Cam27,0.76084871633867,0.5179178354821192,1.0168881960456555
I-MOVE-23,subject3,HumanCalib-M,Cam22,Cam28,0.895329602727136,0.4784008742727126,1.0235062671318207
I-MOVE-23,subject3,HumanCalib-M,Cam22,Cam29,0.3778951082458518,0.3705791482666767,1.0180618262773375
I-MOVE-23,subject3,HumanCalib-M,Cam22,Cam30,0.5939227739132613,0.1132237192329538,1.0261222657005178
I-MOVE-23,subject3,HumanCalib-M,Cam23,Cam24,0.066564420753827,0.1044740504484397,1.0200175862674954
I-MOVE-23,subject3,HumanCalib-M,Cam23,Cam25,0.7388497195036136,0.292151025140416,1.015000227070974
I-MOVE-23,subject3,HumanCalib-M,Cam23,Cam26,0.3124281202789789,0.1035667259922558,1.004182659717013
I-MOVE-23,subject3,HumanCalib-M,Cam23,Cam27,0.6899736342317307,0.6572317511748874,0.9919660971674806
I-MOVE-23,subject3,HumanCalib-M,Cam23,Cam28,0.794763181425314,0.3676914524637126,1.0034750934582042
I-MOVE-23,subject3,HumanCalib-M,Cam23,Cam29,0.3611525099014931,0.1451251349852746,1.0189023605634897
I-MOVE-23,subject3,HumanCalib-M,Cam23,Cam30,0.4653658621916762,0.3049357344380425,1.0118376520146573
I-MOVE-23,subject3,HumanCalib-M,Cam24,Cam25,0.743677918737236,2.3701500742022485,1.0190194266880193
I-MOVE-23,subject3,HumanCalib-M,Cam24,Cam26,0.3338366580284621,0.1222942184838013,1.0215294100868526
I-MOVE-23,subject3,HumanCalib-M,Cam24,Cam27,0.6934405232320446,0.7812972007643658,1.023215467019828
I-MOVE-23,subject3,HumanCalib-M,Cam24,Cam28,0.7788147011547762,0.6661965260865762,1.0321714224609213
I-MOVE-23,subject3,HumanCalib-M,Cam24,Cam29,0.3748041478023385,0.1703488780049006,1.0279361087351078
I-MOVE-23,subject3,HumanCalib-M,Cam24,Cam30,0.4548874662609022,0.1058568098025707,1.038399819203104
I-MOVE-23,subject3,HumanCalib-M,Cam25,Cam26,0.4388317192528552,0.0929444246433127,1.015511725418938
I-MOVE-23,subject3,HumanCalib-M,Cam25,Cam27,1.2361727036373984,0.634534221726754,1.0173639401055667
I-MOVE-23,subject3,HumanCalib-M,Cam25,Cam28,1.504185218740251,0.4846207396626182,1.0244778362860616
I-MOVE-23,subject3,HumanCalib-M,Cam25,Cam29,0.5903834593967768,0.5293420657214994,1.0073837357812288
I-MOVE-23,subject3,HumanCalib-M,Cam25,Cam30,1.1652791863731409,0.3389530510134894,1.0253238282377608
I-MOVE-23,subject3,HumanCalib-M,Cam26,Cam27,0.9005459407997676,0.478521153272103,0.9909764468329596
I-MOVE-23,subject3,HumanCalib-M,Cam26,Cam28,1.101724969703082,0.6508968428994162,1.005331287178164
I-MOVE-23,subject3,HumanCalib-M,Cam26,Cam29,0.3197431522804995,0.0522114696530042,1.021072442659
I-MOVE-23,subject3,HumanCalib-M,Cam26,Cam30,0.7631782296003039,0.4554372173704328,1.0137411862102306
I-MOVE-23,subject3,HumanCalib-M,Cam27,Cam28,0.5803419835865261,1.2897996596687986,1.0051622911428202
I-MOVE-23,subject3,HumanCalib-M,Cam27,Cam29,0.6472840978353899,0.1923015780015453,1.016410919092215
I-MOVE-23,subject3,HumanCalib-M,Cam27,Cam30,0.405092545825841,0.6718091199766474,1.011889780592224
I-MOVE-23,subject3,HumanCalib-M,Cam28,Cam29,0.9866835528479304,0.250163663881925,1.0249171971391475
I-MOVE-23,subject3,HumanCalib-M,Cam28,Cam30,0.3484885072404535,0.7032765908722604,1.020057872342876
I-MOVE-23,subject3,HumanCalib-M,Cam29,Cam30,0.6420797082649684,0.3664157378700999,1.0302917655383093
I-MOVE-23,subject4,HumanCalib-M,Cam21,Cam22,0.289552582988811,0.1979180522965292,1.0125608010412608
I-MOVE-23,subject4,HumanCalib-M,Cam21,Cam23,0.2899929261215951,0.2471328064841613,1.0081097216876234
I-MOVE-23,subject4,HumanCalib-M,Cam21,Cam24,0.2266587247046256,0.1873835174800107,1.0142004382501193
I-MOVE-23,subject4,HumanCalib-M,Cam21,Cam25,0.1913712557904437,0.1536153655360887,1.0092149275664697
I-MOVE-23,subject4,HumanCalib-M,Cam21,Cam26,0.5098585412664027,0.4893112810541425,1.008079835915091
I-MOVE-23,subject4,HumanCalib-M,Cam21,Cam27,0.2177804629922299,0.1673972874325133,1.0113628802764218
I-MOVE-23,subject4,HumanCalib-M,Cam21,Cam28,0.4654107058549388,0.2401151101396897,1.018807518496775
I-MOVE-23,subject4,HumanCalib-M,Cam21,Cam29,0.2396875251890391,0.215328457081512,1.015894505411121
I-MOVE-23,subject4,HumanCalib-M,Cam21,Cam30,0.5006788204651778,0.3088197814362989,1.019495390596575
I-MOVE-23,subject4,HumanCalib-M,Cam22,Cam23,0.1912703689127456,0.1295101799269104,1.0099993682482928
I-MOVE-23,subject4,HumanCalib-M,Cam22,Cam24,0.2423361748713211,0.1327742629197329,1.0044309834230527
I-MOVE-23,subject4,HumanCalib-M,Cam22,Cam25,0.3698573473467524,0.2832693101382909,0.9940351860186144
I-MOVE-23,subject4,HumanCalib-M,Cam22,Cam26,0.3153431020292232,0.1281873361230626,1.0102015483909053
I-MOVE-23,subject4,HumanCalib-M,Cam22,Cam27,0.3183422706559307,0.1457308864456551,1.0118247578741415
I-MOVE-23,subject4,HumanCalib-M,Cam22,Cam28,0.1816184570689181,0.0875397426640535,1.0131461956068593
I-MOVE-23,subject4,HumanCalib-M,Cam22,Cam29,0.1370974989431736,0.243358889768053,1.008946596330799
I-MOVE-23,subject4,HumanCalib-M,Cam22,Cam30,0.2904229137761098,0.1845293929761205,1.0095614523017065
I-MOVE-23,subject4,HumanCalib-M,Cam23,Cam24,0.2970191247623231,0.1342379966259335,1.0113066121511802
I-MOVE-23,subject4,HumanCalib-M,Cam23,Cam25,0.4078002747861202,0.191066985904853,1.0084593864213178
I-MOVE-23,subject4,HumanCalib-M,Cam23,Cam26,0.3064323486936727,0.5337370243527566,1.0007068705539586
I-MOVE-23,subject4,HumanCalib-M,Cam23,Cam27,0.2793642679831901,0.342426314247367,1.00158669227333
I-MOVE-23,subject4,HumanCalib-M,Cam23,Cam28,0.2855396287101922,0.3100945916534432,1.0106521755982578
I-MOVE-23,subject4,HumanCalib-M,Cam23,Cam29,0.1225551808607258,0.0800273699242944,1.0111642979206807
I-MOVE-23,subject4,HumanCalib-M,Cam23,Cam30,0.3855594830171365,0.0530145076225708,1.0126425198519655
I-MOVE-23,subject4,HumanCalib-M,Cam24,Cam25,0.1703137012243255,0.5688544528388109,1.001987463691837
I-MOVE-23,subject4,HumanCalib-M,Cam24,Cam26,0.3550530423435566,0.0323162196107847,1.0106826000262563
I-MOVE-23,subject4,HumanCalib-M,Cam24,Cam27,0.401671076345814,0.2244494253567601,1.0153587723062436
I-MOVE-23,subject4,HumanCalib-M,Cam24,Cam28,0.359817076962503,0.141277956783774,1.016604204680681
I-MOVE-23,subject4,HumanCalib-M,Cam24,Cam29,0.1786939227071413,0.1377071718063097,1.0095312497053677
I-MOVE-23,subject4,HumanCalib-M,Cam24,Cam30,0.308259503679297,0.3154399701890863,1.011240903015225
I-MOVE-23,subject4,HumanCalib-M,Cam25,Cam26,0.5211586603213645,0.0339922934004703,1.007934335552546
I-MOVE-23,subject4,HumanCalib-M,Cam25,Cam27,0.4082706835781588,0.1475713985899349,1.011219857758236
I-MOVE-23,subject4,HumanCalib-M,Cam25,Cam28,0.5169529271749482,0.1700764172575262,1.011911525786932
I-MOVE-23,subject4,HumanCalib-M,Cam25,Cam29,0.3108058625969672,0.3511351893462977,1.0029838772757853
I-MOVE-23,subject4,HumanCalib-M,Cam25,Cam30,0.4723595273535848,0.3171250295373372,1.0068984073614815
I-MOVE-23,subject4,HumanCalib-M,Cam26,Cam27,0.5730746322147975,0.5787590023877401,0.9991870894996788
I-MOVE-23,subject4,HumanCalib-M,Cam26,Cam28,0.2327424078082031,0.4253056558902976,1.00952122969071
I-MOVE-23,subject4,HumanCalib-M,Cam26,Cam29,0.2762183913178164,0.0330928023000032,1.0118881876346244
I-MOVE-23,subject4,HumanCalib-M,Cam26,Cam30,0.1907425900226617,0.1333834027706773,1.0118860054964955
I-MOVE-23,subject4,HumanCalib-M,Cam27,Cam28,0.4812848904287934,0.8444545575517827,1.018850000389267
I-MOVE-23,subject4,HumanCalib-M,Cam27,Cam29,0.3129606680211079,0.0681998008784815,1.013013920159918
I-MOVE-23,subject4,HumanCalib-M,Cam27,Cam30,0.5965677325307276,0.2832678968987239,1.0185865320135288
I-MOVE-23,subject4,HumanCalib-M,Cam28,Cam29,0.2580225543139455,0.0383242998960212,1.0161832696915585
I-MOVE-23,subject4,HumanCalib-M,Cam28,Cam30,0.2100503808361983,0.0390189804746644,1.0227893553656136
I-MOVE-23,subject4,HumanCalib-M,Cam29,Cam30,0.3041219808329445,0.1262509385815259,1.0141786692977797
I-MOVE-23,subject5,HumanCalib-M,Cam21,Cam22,0.5340070783825114,0.3228239319780935,1.0333873941026137
I-MOVE-23,subject5,HumanCalib-M,Cam21,Cam23,0.4057375041203286,0.1566409051175204,1.0198030606907922
I-MOVE-23,subject5,HumanCalib-M,Cam21,Cam24,0.4048309013204799,0.2103545079545508,1.0373855348753982
I-MOVE-23,subject5,HumanCalib-M,Cam21,Cam25,0.4427224138579329,0.3027579567786803,1.0282178273779257
I-MOVE-23,subject5,HumanCalib-M,Cam21,Cam26,0.154236969286316,0.3644582186989389,1.01898403965689
I-MOVE-23,subject5,HumanCalib-M,Cam21,Cam27,0.457372476115685,0.2525536040619968,1.0254117355877788
I-MOVE-23,subject5,HumanCalib-M,Cam21,Cam28,0.5756647752775201,0.3331621710730277,1.0307106269555248
I-MOVE-23,subject5,HumanCalib-M,Cam21,Cam29,0.4080436744334133,0.3115596792222393,1.037456645750544
I-MOVE-23,subject5,HumanCalib-M,Cam21,Cam30,0.6879781617642519,0.4126271344912139,1.0364280806358106
I-MOVE-23,subject5,HumanCalib-M,Cam22,Cam23,0.2775349625944788,0.1990733347463149,1.0268785075476925
I-MOVE-23,subject5,HumanCalib-M,Cam22,Cam24,0.2603841777214053,0.4444269372516062,1.0313995535102884
I-MOVE-23,subject5,HumanCalib-M,Cam22,Cam25,0.8320829811251534,0.4707328416512613,0.998253575573102
I-MOVE-23,subject5,HumanCalib-M,Cam22,Cam26,0.6560746849370936,0.2745686093318865,1.0275679656416816
I-MOVE-23,subject5,HumanCalib-M,Cam22,Cam27,0.3612545389674857,0.2054429007489424,1.029855873490202
I-MOVE-23,subject5,HumanCalib-M,Cam22,Cam28,0.2819511017862513,0.1562640818408519,1.031966986824556
I-MOVE-23,subject5,HumanCalib-M,Cam22,Cam29,0.1763382880862231,0.2214257129272168,1.0290692505662271
I-MOVE-23,subject5,HumanCalib-M,Cam22,Cam30,0.2568572462397626,0.0854522359956656,1.0327994697997454
I-MOVE-23,subject5,HumanCalib-M,Cam23,Cam24,0.0181085253859662,0.1127028088926245,1.0286693088436536
I-MOVE-23,subject5,HumanCalib-M,Cam23,Cam25,0.8095319521963315,0.3256141760077912,1.0253779195467234
I-MOVE-23,subject5,HumanCalib-M,Cam23,Cam26,0.544783070542068,0.5244814593256649,1.0176303975323155
I-MOVE-23,subject5,HumanCalib-M,Cam23,Cam27,0.238503202014373,0.395688308209254,1.0141540746129325
I-MOVE-23,subject5,HumanCalib-M,Cam23,Cam28,0.2190159059916872,0.3356698457980954,1.0202023372258742
I-MOVE-23,subject5,HumanCalib-M,Cam23,Cam29,0.1293745252873026,0.1202711870848155,1.0270688453360592
I-MOVE-23,subject5,HumanCalib-M,Cam23,Cam30,0.3022940599506611,0.2324014501213758,1.024430848527116
I-MOVE-23,subject5,HumanCalib-M,Cam24,Cam25,0.8030805471540354,2.173067280774926,1.0367378784397374
I-MOVE-23,subject5,HumanCalib-M,Cam24,Cam26,0.5441471176196893,0.177446726692751,1.029404007674682
I-MOVE-23,subject5,HumanCalib-M,Cam24,Cam27,0.2414502959663179,0.3025789371895132,1.033450906670802
I-MOVE-23,subject5,HumanCalib-M,Cam24,Cam28,0.2183356807758963,0.2577481973120717,1.0365413098000351
I-MOVE-23,subject5,HumanCalib-M,Cam24,Cam29,0.1117953732518753,0.1016695886333192,1.0353893044920073
I-MOVE-23,subject5,HumanCalib-M,Cam24,Cam30,0.2955808324337279,0.2364790846617914,1.0388413697444592
I-MOVE-23,subject5,HumanCalib-M,Cam25,Cam26,0.373784579289191,0.2018901087145307,1.0252376094498383
I-MOVE-23,subject5,HumanCalib-M,Cam25,Cam27,0.860265398740514,0.3414501976044783,1.0302169220738804
I-MOVE-23,subject5,HumanCalib-M,Cam25,Cam28,0.9692967099834486,0.228893406151889,1.0331886336720129
I-MOVE-23,subject5,HumanCalib-M,Cam25,Cam29,0.7611435974079079,0.4510729888680229,1.0176931192538872
I-MOVE-23,subject5,HumanCalib-M,Cam25,Cam30,1.043616160720442,0.3644888398002965,1.0331806310947782
I-MOVE-23,subject5,HumanCalib-M,Cam26,Cam27,0.5482482498365374,0.5721348256983079,1.015988707140442
I-MOVE-23,subject5,HumanCalib-M,Cam26,Cam28,0.6919178813043042,0.5404982263057625,1.0213524893126198
I-MOVE-23,subject5,HumanCalib-M,Cam26,Cam29,0.5483325416738475,0.2311578122434879,1.028072616376069
I-MOVE-23,subject5,HumanCalib-M,Cam26,Cam30,0.8258747850894,0.4304408606777528,1.0253689317536523
I-MOVE-23,subject5,HumanCalib-M,Cam27,Cam28,0.1878806574079867,0.4593788667178298,1.0267217067561316
I-MOVE-23,subject5,HumanCalib-M,Cam27,Cam29,0.3062283152458941,0.0835736925425508,1.0301846638057892
I-MOVE-23,subject5,HumanCalib-M,Cam27,Cam30,0.4139606055534934,0.3718666999849196,1.0295633572606688
I-MOVE-23,subject5,HumanCalib-M,Cam28,Cam29,0.2680625592176043,0.0312722615648024,1.0329346065924676
I-MOVE-23,subject5,HumanCalib-M,Cam28,Cam30,0.2395830305590617,0.3752104535819129,1.0325594030389675
I-MOVE-23,subject5,HumanCalib-M,Cam29,Cam30,0.2868217689428914,0.1681637748702042,1.0357490350013818
I-MOVE-23,subject6,HumanCalib-M,Cam21,Cam22,0.4649745454006477,0.3562119478198158,1.0218702593935358
I-MOVE-23,subject6,HumanCalib-M,Cam21,Cam23,0.4113136611962338,0.048677769524162,1.0108651102439448
I-MOVE-23,subject6,HumanCalib-M,Cam21,Cam24,0.729859703097786,0.407724281624762,1.02589450439394
I-MOVE-23,subject6,HumanCalib-M,Cam21,Cam25,0.3803536327030516,0.3091501882449948,1.020260728942543
I-MOVE-23,subject6,HumanCalib-M,Cam21,Cam26,0.5578392655089884,0.2858018384309722,1.013313975937954
I-MOVE-23,subject6,HumanCalib-M,Cam21,Cam27,0.5898345619328254,0.5386230172478141,1.0154906875828096
I-MOVE-23,subject6,HumanCalib-M,Cam21,Cam28,0.8325627027669098,0.4409489032462021,1.0228748469481206
I-MOVE-23,subject6,HumanCalib-M,Cam21,Cam29,0.3865163721975741,0.2949128617586505,1.0287746485897222
I-MOVE-23,subject6,HumanCalib-M,Cam21,Cam30,1.1740765080621067,0.6821430421883563,1.0263855191036728
I-MOVE-23,subject6,HumanCalib-M,Cam22,Cam23,0.2626657683365515,0.1742838765021671,1.0167112485421448
I-MOVE-23,subject6,HumanCalib-M,Cam22,Cam24,0.4456161601819857,0.4286243498745707,1.0191063731247736
I-MOVE-23,subject6,HumanCalib-M,Cam22,Cam25,0.2742988692185071,0.1518969136124499,1.0058680892489464
I-MOVE-23,subject6,HumanCalib-M,Cam22,Cam26,0.4788751248179719,0.1993818458363018,1.018152648632708
I-MOVE-23,subject6,HumanCalib-M,Cam22,Cam27,0.5281231927012937,0.2321967719145212,1.0205503641568143
I-MOVE-23,subject6,HumanCalib-M,Cam22,Cam28,0.4850052334122449,0.1882375305436491,1.022214513757948
I-MOVE-23,subject6,HumanCalib-M,Cam22,Cam29,0.3863167694369196,0.353841363210564,1.015436269140899
I-MOVE-23,subject6,HumanCalib-M,Cam22,Cam30,0.867565302408127,0.3494276661110835,1.023028019485386
I-MOVE-23,subject6,HumanCalib-M,Cam23,Cam24,0.4054807251413211,0.1097260357812968,1.0189570974884534
I-MOVE-23,subject6,HumanCalib-M,Cam23,Cam25,0.3698453517518894,0.1720029243246675,1.0166479565590985
I-MOVE-23,subject6,HumanCalib-M,Cam23,Cam26,0.3553102052914659,0.4086451451434949,0.9972932564339808
I-MOVE-23,subject6,HumanCalib-M,Cam23,Cam27,0.5258911071569563,0.5994342835694901,1.000169265526914
I-MOVE-23,subject6,HumanCalib-M,Cam23,Cam28,0.4341735842312324,0.4303423688126359,1.0126213662524943
I-MOVE-23,subject6,HumanCalib-M,Cam23,Cam29,0.4425697249948624,0.1395236921834061,1.0183517402066742
I-MOVE-23,subject6,HumanCalib-M,Cam23,Cam30,0.784465463233635,0.3541613658354197,1.015057812370053
I-MOVE-23,subject6,HumanCalib-M,Cam24,Cam25,0.4699290030090284,1.0922953744412829,1.0197862702948637
I-MOVE-23,subject6,HumanCalib-M,Cam24,Cam26,0.2737688585260553,0.1716545106197969,1.019886271565845
I-MOVE-23,subject6,HumanCalib-M,Cam24,Cam27,0.8883271001926701,0.4108121884780705,1.025518858342485
I-MOVE-23,subject6,HumanCalib-M,Cam24,Cam28,0.2517801396775225,0.1315759166727084,1.0271632211113635
I-MOVE-23,subject6,HumanCalib-M,Cam24,Cam29,0.7989249623941591,0.3504379344692711,1.0244058444653956
I-MOVE-23,subject6,HumanCalib-M,Cam24,Cam30,0.5024083159220302,0.3195209378970831,1.029731780885447
I-MOVE-23,subject6,HumanCalib-M,Cam25,Cam26,0.3880446428829502,0.0923005398987511,1.0173377972193298
I-MOVE-23,subject6,HumanCalib-M,Cam25,Cam27,0.7257881709215501,0.312486313864343,1.0219228059696348
I-MOVE-23,subject6,HumanCalib-M,Cam25,Cam28,0.627722836464684,0.1379583541465094,1.0233840416363396
I-MOVE-23,subject6,HumanCalib-M,Cam25,Cam29,0.5177873997183686,0.2707948732034921,1.0140223944422602
I-MOVE-23,subject6,HumanCalib-M,Cam25,Cam30,0.9657512387044432,0.3716355951854771,1.0236807105331844
I-MOVE-23,subject6,HumanCalib-M,Cam26,Cam27,0.8777499248741761,0.80582564953798,0.9997150699610734
I-MOVE-23,subject6,HumanCalib-M,Cam26,Cam28,0.4732991629453519,0.4484474418610202,1.0127898434723923
I-MOVE-23,subject6,HumanCalib-M,Cam26,Cam29,0.7519649687556448,0.1757493558216958,1.0209209600140725
I-MOVE-23,subject6,HumanCalib-M,Cam26,Cam30,0.7044184329373079,0.3593044334974467,1.016154753401781
I-MOVE-23,subject6,HumanCalib-M,Cam27,Cam28,0.8156304761609305,1.2286404372526507,1.025682083726419
I-MOVE-23,subject6,HumanCalib-M,Cam27,Cam29,0.2585575697143272,0.0138379299744275,1.0222025639191004
I-MOVE-23,subject6,HumanCalib-M,Cam27,Cam30,1.1738082251292543,0.7289858267763148,1.0226724581453788
I-MOVE-23,subject6,HumanCalib-M,Cam28,Cam29,0.799279029810531,0.2243098923337635,1.0256754189819624
I-MOVE-23,subject6,HumanCalib-M,Cam28,Cam30,0.3880119281114317,0.4082620450063445,1.0228861631283372
I-MOVE-23,subject6,HumanCalib-M,Cam29,Cam30,1.1799010362930662,0.5533048290277796,1.0284061135135014
I-MOVE-23,subject7,HumanCalib-M,Cam21,Cam22,0.3830614787747873,0.1923007997921694,1.0050191940557236
I-MOVE-23,subject7,HumanCalib-M,Cam21,Cam23,0.1898945577941931,0.2863402806584181,1.0051200501098327
I-MOVE-23,subject7,HumanCalib-M,Cam21,Cam24,0.2975785275834812,0.0648704015713599,1.0032946578639326
I-MOVE-23,subject7,HumanCalib-M,Cam21,Cam25,0.5625881375258299,0.3376492760396943,0.994519061241841
I-MOVE-23,subject7,HumanCalib-M,Cam21,Cam26,0.2805883918757771,0.4648230205507047,0.9984582487704912
I-MOVE-23,subject7,HumanCalib-M,Cam21,Cam27,0.209502727047666,0.4585680625856339,0.9990835943130691
I-MOVE-23,subject7,HumanCalib-M,Cam21,Cam28,0.4123919950249631,0.5002631760724567,1.0027164957709385
I-MOVE-23,subject7,HumanCalib-M,Cam21,Cam29,0.3511048711990293,0.0257228243269216,1.0008039979648435
I-MOVE-23,subject7,HumanCalib-M,Cam21,Cam30,0.8295714685889547,0.5223924531969584,1.0087880940460503
I-MOVE-23,subject7,HumanCalib-M,Cam22,Cam23,0.2190109533642328,0.0835136865440115,1.0049252813618963
I-MOVE-23,subject7,HumanCalib-M,Cam22,Cam24,0.1272036897052423,0.318629688338192,1.0066257831358207
I-MOVE-23,subject7,HumanCalib-M,Cam22,Cam25,0.5799199218793292,1.566693867080289,0.9750648747579704
I-MOVE-23,subject7,HumanCalib-M,Cam22,Cam26,0.1141826592126181,0.0722493836302988,1.0023571439271806
I-MOVE-23,subject7,HumanCalib-M,Cam22,Cam27,0.2178761549498835,0.1535949139758375,1.0018269462122928
I-MOVE-23,subject7,HumanCalib-M,Cam22,Cam28,0.2325069099173193,0.2141818192575,1.0041016383054555
I-MOVE-23,subject7,HumanCalib-M,Cam22,Cam29,0.3001881262183334,0.3041376139030766,1.0084797065116564
I-MOVE-23,subject7,HumanCalib-M,Cam22,Cam30,0.5519462801914824,0.2675946495013229,1.0073821104453635
I-MOVE-23,subject7,HumanCalib-M,Cam23,Cam24,0.1113046039184325,0.0435321566658638,1.0033364659741235
I-MOVE-23,subject7,HumanCalib-M,Cam23,Cam25,0.5482831660131966,0.3046141203484805,0.9990478686151582
I-MOVE-23,subject7,HumanCalib-M,Cam23,Cam26,0.1286916780715147,0.9182597215670868,1.01653890447012
I-MOVE-23,subject7,HumanCalib-M,Cam23,Cam27,0.0546856973151781,0.6798998558193871,1.0046844352396398
I-MOVE-23,subject7,HumanCalib-M,Cam23,Cam28,0.3091784463167505,0.3119376459025541,1.00295808505137
I-MOVE-23,subject7,HumanCalib-M,Cam23,Cam29,0.2181391485255177,0.0406513352643802,1.0031477066515122
I-MOVE-23,subject7,HumanCalib-M,Cam23,Cam30,0.7184541092834567,0.2666206468340544,1.004751336468044
I-MOVE-23,subject7,HumanCalib-M,Cam24,Cam25,0.5765561139496207,1.8283445470780115,0.9987600968623777
I-MOVE-23,subject7,HumanCalib-M,Cam24,Cam26,0.0823151991814765,0.0562005425622134,1.0003465821286917
I-MOVE-23,subject7,HumanCalib-M,Cam24,Cam27,0.1196937166127093,0.1442642746893437,0.9995533355909244
I-MOVE-23,subject7,HumanCalib-M,Cam24,Cam28,0.2607008512756195,0.1577415330557064,1.001885918339382
I-MOVE-23,subject7,HumanCalib-M,Cam24,Cam29,0.2213236186865422,0.0319150255688265,1.003570773053451
I-MOVE-23,subject7,HumanCalib-M,Cam24,Cam30,0.6407530545162132,0.4655149123942326,1.0025640814585377
I-MOVE-23,subject7,HumanCalib-M,Cam25,Cam26,0.5912369807949139,0.1828766704834925,0.9957302549993962
I-MOVE-23,subject7,HumanCalib-M,Cam25,Cam27,0.4985556281831056,0.1607194527611856,0.9964091827696934
I-MOVE-23,subject7,HumanCalib-M,Cam25,Cam28,0.774443174229806,0.1708194320689148,0.9984762123790112
I-MOVE-23,subject7,HumanCalib-M,Cam25,Cam29,0.45349541976322,0.4770590622682152,0.98826988727278
I-MOVE-23,subject7,HumanCalib-M,Cam25,Cam30,1.0788435077873482,0.5112469260756926,0.9977784984370636
I-MOVE-23,subject7,HumanCalib-M,Cam26,Cam27,0.1511431028601459,0.117092660848224,0.9971942701001142
I-MOVE-23,subject7,HumanCalib-M,Cam26,Cam28,0.2015834991697958,0.1477681554047048,0.9982843680910664
I-MOVE-23,subject7,HumanCalib-M,Cam26,Cam29,0.2896618870632071,0.0701982155077993,0.9995772246988188
I-MOVE-23,subject7,HumanCalib-M,Cam26,Cam30,0.5937229729100152,0.2717046616559978,1.0011789416992698
I-MOVE-23,subject7,HumanCalib-M,Cam27,Cam28,0.3465594902838527,0.482324200621507,0.993957937044028
I-MOVE-23,subject7,HumanCalib-M,Cam27,Cam29,0.1735096886295955,0.0733762669265018,0.9988997458661774
I-MOVE-23,subject7,HumanCalib-M,Cam27,Cam30,0.7438003430440193,0.5302145696910144,0.9975455182905332
I-MOVE-23,subject7,HumanCalib-M,Cam28,Cam29,0.4819469565696337,0.0722669462013436,1.0014054092018692
I-MOVE-23,subject7,HumanCalib-M,Cam28,Cam30,0.4255227983819548,0.5778541796335532,0.9994813821152868
I-MOVE-23,subject7,HumanCalib-M,Cam29,Cam30,0.8443728555949761,0.3411864088796434,1.0062216040852785
I-MOVE-23,subject9,HumanCalib-M,Cam21,Cam22,0.4044809568419344,0.1137937308807936,1.0079934168842968
I-MOVE-23,subject9,HumanCalib-M,Cam21,Cam23,0.1962433867150404,0.168056089016809,1.0142343700772476
I-MOVE-23,subject9,HumanCalib-M,Cam21,Cam24,0.3050404641036114,0.160638691599984,1.006452709612689
I-MOVE-23,subject9,HumanCalib-M,Cam21,Cam25,0.4632768501266168,0.2678379250898644,1.0006222878410764
I-MOVE-23,subject9,HumanCalib-M,Cam21,Cam26,0.1344804871056581,0.2541374528945284,1.0099152035881052
I-MOVE-23,subject9,HumanCalib-M,Cam21,Cam27,0.2012225586990546,0.2512775163889844,1.0095204114009784
I-MOVE-23,subject9,HumanCalib-M,Cam21,Cam28,0.544983437520817,0.4587029382777324,1.012680890297744
I-MOVE-23,subject9,HumanCalib-M,Cam21,Cam29,0.4788808392888776,0.3186367313660601,1.0064800124850712
I-MOVE-23,subject9,HumanCalib-M,Cam21,Cam30,0.7981962419460785,0.48870932105853,1.0133208062350116
I-MOVE-23,subject9,HumanCalib-M,Cam22,Cam23,0.2540980333183961,0.0858537652086487,1.0105289388585603
I-MOVE-23,subject9,HumanCalib-M,Cam22,Cam24,0.3974994058376005,0.2979691390772752,1.0031480492588998
I-MOVE-23,subject9,HumanCalib-M,Cam22,Cam25,0.5325297539845514,0.9735975067638214,0.9827905446506052
I-MOVE-23,subject9,HumanCalib-M,Cam22,Cam26,0.3445189148650653,0.1324370598572214,1.008575031307382
I-MOVE-23,subject9,HumanCalib-M,Cam22,Cam27,0.3308996054643803,0.0759697844516306,1.007945709124337
I-MOVE-23,subject9,HumanCalib-M,Cam22,Cam28,0.1722908047854636,0.0780765222180823,1.008051907832623
I-MOVE-23,subject9,HumanCalib-M,Cam22,Cam29,0.1438270978962587,0.1892577571384363,1.0066578942657904
I-MOVE-23,subject9,HumanCalib-M,Cam22,Cam30,0.4050982689629823,0.2142650118639484,1.007922329307276
I-MOVE-23,subject9,HumanCalib-M,Cam23,Cam24,0.2515688498369438,0.1831283094743151,1.010110533548797
I-MOVE-23,subject9,HumanCalib-M,Cam23,Cam25,0.4518269437761796,0.2800473669829704,1.0063753347623052
I-MOVE-23,subject9,HumanCalib-M,Cam23,Cam26,0.1080137096486329,0.5134786560947726,1.0237211225082146
I-MOVE-23,subject9,HumanCalib-M,Cam23,Cam27,0.131703365165088,0.4506253785234175,1.0136648837908355
I-MOVE-23,subject9,HumanCalib-M,Cam23,Cam28,0.4204633165765182,0.2974085305337977,1.015100339169661
I-MOVE-23,subject9,HumanCalib-M,Cam23,Cam29,0.3213624663891965,0.1069598805202745,1.0107074227566597
I-MOVE-23,subject9,HumanCalib-M,Cam23,Cam30,0.6553524979427381,0.2712680737731094,1.0136918330230356
I-MOVE-23,subject9,HumanCalib-M,Cam24,Cam25,0.2210618920980358,1.002417938822654,0.9983982074675825
I-MOVE-23,subject9,HumanCalib-M,Cam24,Cam26,0.1974260717192819,0.0959110426033541,1.007847830244729
I-MOVE-23,subject9,HumanCalib-M,Cam24,Cam27,0.1267258998238024,0.0303648789262114,1.0077219035723513
I-MOVE-23,subject9,HumanCalib-M,Cam24,Cam28,0.5342166785267085,0.2659668495762115,1.0071807640533588
I-MOVE-23,subject9,HumanCalib-M,Cam24,Cam29,0.5102345419324275,0.212812926538754,1.000597720465508
I-MOVE-23,subject9,HumanCalib-M,Cam24,Cam30,0.7780640920851721,0.6185049834952282,1.0053739063173412
I-MOVE-23,subject9,HumanCalib-M,Cam25,Cam26,0.3943810728033394,0.1893300535082109,1.003947047291957
I-MOVE-23,subject9,HumanCalib-M,Cam25,Cam27,0.3324121157715497,0.0552554148727195,1.0042524411316458
I-MOVE-23,subject9,HumanCalib-M,Cam25,Cam28,0.6218302501709063,0.2021195317644379,1.003824038315629
I-MOVE-23,subject9,HumanCalib-M,Cam25,Cam29,0.6669216981333721,0.4276421380790832,0.9921167162656908
I-MOVE-23,subject9,HumanCalib-M,Cam25,Cam30,0.8636218064342438,0.4258050230552753,1.0013657039762032
I-MOVE-23,subject9,HumanCalib-M,Cam26,Cam27,0.0766304961955754,0.0971862636520523,1.010128188070446
I-MOVE-23,subject9,HumanCalib-M,Cam26,Cam28,0.5022692962141522,0.2532813356540027,1.0128270151956098
I-MOVE-23,subject9,HumanCalib-M,Cam26,Cam29,0.4267868493665807,0.1774005313935732,1.0081898091495352
I-MOVE-23,subject9,HumanCalib-M,Cam26,Cam30,0.749557039733127,0.2705690560262076,1.011484830687169
I-MOVE-23,subject9,HumanCalib-M,Cam27,Cam28,0.485282420184808,0.670671224881728,1.011945162451692
I-MOVE-23,subject9,HumanCalib-M,Cam27,Cam29,0.4279807569394263,0.1672295335438813,1.0067711204443002
I-MOVE-23,subject9,HumanCalib-M,Cam27,Cam30,0.7323149958635172,0.4281149231776018,1.0098153559279512
I-MOVE-23,subject9,HumanCalib-M,Cam28,Cam29,0.2205943221202745,0.0968933852555945,1.007179758885027
I-MOVE-23,subject9,HumanCalib-M,Cam28,Cam30,0.2693064679078951,0.233131231567201,1.009393669004511
I-MOVE-23,subject9,HumanCalib-M,Cam29,Cam30,0.3633673577579363,0.1435595195633167,1.0067646080941557
I-MOVE-23,subject10,HumanCalib-R,Cam21,Cam22,0.2544063791715631,0.078911787428715,0.9947429531849444
I-MOVE-23,subject10,HumanCalib-R,Cam21,Cam23,0.2357951207934375,0.4331639984882396,0.9954864531659878
I-MOVE-23,subject10,HumanCalib-R,Cam21,Cam24,0.2705039031683566,0.1552612057521602,0.9982351703175524
I-MOVE-23,subject10,HumanCalib-R,Cam21,Cam25,0.2291185097848368,0.0523653290566294,0.9975829491272812
I-MOVE-23,subject10,HumanCalib-R,Cam21,Cam26,0.157220680001119,0.3724497051052429,0.996499590091513
I-MOVE-23,subject10,HumanCalib-R,Cam21,Cam27,0.1896593661057797,0.3158346570046934,1.0003047516319383
I-MOVE-23,subject10,HumanCalib-R,Cam21,Cam28,0.2135996111120872,0.2225251105450618,1.001527423088499
I-MOVE-23,subject10,HumanCalib-R,Cam21,Cam29,0.3530482309384148,0.1306960492251613,0.9948448020469254
I-MOVE-23,subject10,HumanCalib-R,Cam21,Cam30,0.1500444341581517,0.0691868366958548,1.000360232924268
I-MOVE-23,subject10,HumanCalib-R,Cam22,Cam23,0.3824355912312759,0.1164737207956115,0.994577477106396
I-MOVE-23,subject10,HumanCalib-R,Cam22,Cam24,0.3571090339864703,0.4631423842246577,0.9968145181615388
I-MOVE-23,subject10,HumanCalib-R,Cam22,Cam25,0.2329363312339072,0.5516486167617285,0.9972910958691892
I-MOVE-23,subject10,HumanCalib-R,Cam22,Cam26,0.2924502061755661,0.1312871775956653,0.9951733920972484
I-MOVE-23,subject10,HumanCalib-R,Cam22,Cam27,0.163711224120444,0.0062446203337981,0.9958682265123556
I-MOVE-23,subject10,HumanCalib-R,Cam22,Cam28,0.1581593068885312,0.1207562770361985,0.995186477485174
I-MOVE-23,subject10,HumanCalib-R,Cam22,Cam29,0.2570113957774401,0.2311176135787063,0.9947031070410586
I-MOVE-23,subject10,HumanCalib-R,Cam22,Cam30,0.2903748863036712,0.1869896250381974,0.9954419998309476
I-MOVE-23,subject10,HumanCalib-R,Cam23,Cam24,0.0858065109022713,0.0664426161671079,0.995845825723977
I-MOVE-23,subject10,HumanCalib-R,Cam23,Cam25,0.1838243453200801,0.020492180725495,0.9962067121974668
I-MOVE-23,subject10,HumanCalib-R,Cam23,Cam26,0.0953490749025463,0.5700189768054489,0.9949909176082667
I-MOVE-23,subject10,HumanCalib-R,Cam23,Cam27,0.2260463454346485,0.2784879176900778,0.9969951186596716
I-MOVE-23,subject10,HumanCalib-R,Cam23,Cam28,0.3905753675551421,0.1404343639997753,0.998441674225048
I-MOVE-23,subject10,HumanCalib-R,Cam23,Cam29,0.2948103567751141,0.1204908698792608,0.995014308229014
I-MOVE-23,subject10,HumanCalib-R,Cam23,Cam30,0.0985663083418416,0.097048900142039,0.995660766594512
I-MOVE-23,subject10,HumanCalib-R,Cam24,Cam25,0.147108350312498,0.3923601144135959,1.0002624670959512
I-MOVE-23,subject10,HumanCalib-R,Cam24,Cam26,0.1204338028125831,0.083484780514795,0.9969246679198164
I-MOVE-23,subject10,HumanCalib-R,Cam24,Cam27,0.2001891800429426,0.0295971451539894,0.9968569014748894
I-MOVE-23,subject10,HumanCalib-R,Cam24,Cam28,0.3976699445189068,0.0981588749778537,0.9951925611305312
I-MOVE-23,subject10,HumanCalib-R,Cam24,Cam29,0.2227892739063531,0.0680729846319093,0.9989530545134168
I-MOVE-23,subject10,HumanCalib-R,Cam24,Cam30,0.1242315210294056,0.0313714480391785,0.99663539484243
I-MOVE-23,subject10,HumanCalib-R,Cam25,Cam26,0.123091092189001,0.1085977475771672,0.996994606190977
I-MOVE-23,subject10,HumanCalib-R,Cam25,Cam27,0.0741535005494774,0.0332332741769771,0.9974593252639666
I-MOVE-23,subject10,HumanCalib-R,Cam25,Cam28,0.2757990459223543,0.0827528724000393,0.9966476432923682
I-MOVE-23,subject10,HumanCalib-R,Cam25,Cam29,0.1465370481241173,0.1267386396136578,0.99823334295636
I-MOVE-23,subject10,HumanCalib-R,Cam25,Cam30,0.1286877617674801,0.1311650994564926,0.9978315865277474
I-MOVE-23,subject10,HumanCalib-R,Cam26,Cam27,0.1424492457249114,0.1653051172265385,1.0007615137875678
I-MOVE-23,subject10,HumanCalib-R,Cam26,Cam28,0.2965156058072581,0.0944304487339157,1.0008233415980547
I-MOVE-23,subject10,HumanCalib-R,Cam26,Cam29,0.2565950060143169,0.1048730625378819,0.99565364719296
I-MOVE-23,subject10,HumanCalib-R,Cam26,Cam30,0.0107030560041478,0.1386635121363698,0.9974481342346644
I-MOVE-23,subject10,HumanCalib-R,Cam27,Cam28,0.2144789610658854,0.2247938816301828,1.0022855161034017
I-MOVE-23,subject10,HumanCalib-R,Cam27,Cam29,0.1710892641532946,0.0661599409982735,0.9972180583816934
I-MOVE-23,subject10,HumanCalib-R,Cam27,Cam30,0.143490326038138,0.1675050905633459,0.9970016401373694
I-MOVE-23,subject10,HumanCalib-R,Cam28,Cam29,0.3607353578839071,0.0984192933142899,0.9972532879955838
I-MOVE-23,subject10,HumanCalib-R,Cam28,Cam30,0.2952835756819742,0.2565769195006813,0.9938579257789604
I-MOVE-23,subject10,HumanCalib-R,Cam29,Cam30,0.2602466116018482,0.1607185482278651,0.9980481133744272
I-MOVE-23,subject11,HumanCalib-R,Cam21,Cam22,0.487299566256388,0.0785690348609678,1.0036578925702906
I-MOVE-23,subject11,HumanCalib-R,Cam21,Cam23,0.3745385251520453,0.7610917601586216,1.0035084736505164
I-MOVE-23,subject11,HumanCalib-R,Cam21,Cam24,0.4808662054958845,0.0562462451450679,1.0082560420867153
I-MOVE-23,subject11,HumanCalib-R,Cam21,Cam25,0.5279427101477843,0.0476631134954681,1.0039146082297274
I-MOVE-23,subject11,HumanCalib-R,Cam21,Cam26,0.3706000235828797,0.7412648064233937,1.0064470694086185
I-MOVE-23,subject11,HumanCalib-R,Cam21,Cam27,0.4676579536015902,0.5531493862598458,1.0149628546743197
I-MOVE-23,subject11,HumanCalib-R,Cam21,Cam28,0.798010995110566,0.6246442984242034,1.0192227716187223
I-MOVE-23,subject11,HumanCalib-R,Cam21,Cam29,0.5897212026115752,0.3189724128354435,1.0035536073953784
I-MOVE-23,subject11,HumanCalib-R,Cam21,Cam30,0.6288129521739628,0.345236495853766,1.0153625077353925
I-MOVE-23,subject11,HumanCalib-R,Cam22,Cam23,0.3356600682903528,0.1434549955882998,1.002516688680232
I-MOVE-23,subject11,HumanCalib-R,Cam22,Cam24,0.2551218314033827,0.3592207639905398,1.0050428640206064
I-MOVE-23,subject11,HumanCalib-R,Cam22,Cam25,0.2041480563212797,0.2240862915968716,0.9984886353191198
I-MOVE-23,subject11,HumanCalib-R,Cam22,Cam26,0.3602463272268675,0.1579476801000295,1.00405038596343
I-MOVE-23,subject11,HumanCalib-R,Cam22,Cam27,0.0990257270824258,0.069196394610986,1.005856444631085
I-MOVE-23,subject11,HumanCalib-R,Cam22,Cam28,0.3974619905269279,0.2787983940067434,1.0047892725131575
I-MOVE-23,subject11,HumanCalib-R,Cam22,Cam29,0.2722298186763489,0.2919346454422677,1.002947983819034
I-MOVE-23,subject11,HumanCalib-R,Cam22,Cam30,0.1576407286915198,0.1675447087580629,1.00475791751141
I-MOVE-23,subject11,HumanCalib-R,Cam23,Cam24,0.1436165409270835,0.0423898515408231,1.0036290400873764
I-MOVE-23,subject11,HumanCalib-R,Cam23,Cam25,0.2827053062072763,0.0931984510796207,1.0023580519382904
I-MOVE-23,subject11,HumanCalib-R,Cam23,Cam26,0.1031030843016648,0.7153435156697935,0.9971333040599014
I-MOVE-23,subject11,HumanCalib-R,Cam23,Cam27,0.332734476957474,0.7047511101456075,1.005901838428935
I-MOVE-23,subject11,HumanCalib-R,Cam23,Cam28,0.6994774734105796,0.38665656550634,1.0102711268592426
I-MOVE-23,subject11,HumanCalib-R,Cam23,Cam29,0.2540371770274875,0.1404586767924713,1.003050111806506
I-MOVE-23,subject11,HumanCalib-R,Cam23,Cam30,0.4409968280728832,0.1797065446511206,1.0042412819595177
I-MOVE-23,subject11,HumanCalib-R,Cam24,Cam25,0.1786988864778174,0.7193660319049114,1.0037912459929332
I-MOVE-23,subject11,HumanCalib-R,Cam24,Cam26,0.1840502152132948,0.1178022159669462,1.005687418961024
I-MOVE-23,subject11,HumanCalib-R,Cam24,Cam27,0.2617448818382863,0.1170622863269293,1.0066356618152292
I-MOVE-23,subject11,HumanCalib-R,Cam24,Cam28,0.598782569615691,0.3403441457648867,1.0033505356425452
I-MOVE-23,subject11,HumanCalib-R,Cam24,Cam29,0.1203556100773265,0.0809315364738417,1.0074101667727833
I-MOVE-23,subject11,HumanCalib-R,Cam24,Cam30,0.3325514707335403,0.2260204653697257,1.004385424068434
I-MOVE-23,subject11,HumanCalib-R,Cam25,Cam26,0.2629963779828993,0.1661026814243802,1.0038121340672743
I-MOVE-23,subject11,HumanCalib-R,Cam25,Cam27,0.1568323286630349,0.0840987832639111,1.0053126370930896
I-MOVE-23,subject11,HumanCalib-R,Cam25,Cam28,0.4453197166230542,0.2679696743561371,1.0032699195527617
I-MOVE-23,subject11,HumanCalib-R,Cam25,Cam29,0.214372015364198,0.2853644169825116,1.0018140982392687
I-MOVE-23,subject11,HumanCalib-R,Cam25,Cam30,0.2972380878642641,0.1884223115921526,1.003346793962918
I-MOVE-23,subject11,HumanCalib-R,Cam26,Cam27,0.3278887255971096,0.3562034066496266,1.0125311993548582
I-MOVE-23,subject11,HumanCalib-R,Cam26,Cam28,0.6853548970290042,0.2441012475695045,1.0149984944512374
I-MOVE-23,subject11,HumanCalib-R,Cam26,Cam29,0.3015063801804403,0.14831846966842,1.004946760849018
I-MOVE-23,subject11,HumanCalib-R,Cam26,Cam30,0.482822024230976,0.236862932503668,1.007782764129442
I-MOVE-23,subject11,HumanCalib-R,Cam27,Cam28,0.3735619917367339,0.3989525039291134,1.0190731892057443
I-MOVE-23,subject11,HumanCalib-R,Cam27,Cam29,0.3031713147273257,0.1030880225264954,1.008164070524736
I-MOVE-23,subject11,HumanCalib-R,Cam27,Cam30,0.2399016131837558,0.0719099079547739,1.008442905166846
I-MOVE-23,subject11,HumanCalib-R,Cam28,Cam29,0.584783221881062,0.0267540414513327,1.0088091271792077
I-MOVE-23,subject11,HumanCalib-R,Cam28,Cam30,0.3894826604070898,0.1988403648488045,1.0035958679128818
I-MOVE-23,subject11,HumanCalib-R,Cam29,Cam30,0.2877334284037789,0.1004831201679496,1.0091087561721577
I-MOVE-23,subject12,HumanCalib-R,Cam21,Cam22,0.4045583056449619,0.165262521595697,1.0055208017141328
I-MOVE-23,subject12,HumanCalib-R,Cam21,Cam23,0.2846645966961272,0.3101369138697473,1.0056875252002255
I-MOVE-23,subject12,HumanCalib-R,Cam21,Cam24,0.5892292252134732,0.2752996101487316,1.0084932127038593
I-MOVE-23,subject12,HumanCalib-R,Cam21,Cam25,0.6283306507932068,0.1768784845401919,1.007189474934535
I-MOVE-23,subject12,HumanCalib-R,Cam21,Cam26,0.2501060281027387,0.1885576100357122,1.00812398932552
I-MOVE-23,subject12,HumanCalib-R,Cam21,Cam27,0.5066326127910181,0.4428214001281256,1.0117190861892544
I-MOVE-23,subject12,HumanCalib-R,Cam21,Cam28,0.8361444453638182,0.5970278725837238,1.016621510260471
I-MOVE-23,subject12,HumanCalib-R,Cam21,Cam29,0.4746672642242411,0.2618700896907119,1.003122113970113
I-MOVE-23,subject12,HumanCalib-R,Cam21,Cam30,0.9195995189526142,0.5622689211507428,1.0143486866585307
I-MOVE-23,subject12,HumanCalib-R,Cam22,Cam23,0.2281589900907535,0.1033204409894787,1.0052564470832417
I-MOVE-23,subject12,HumanCalib-R,Cam22,Cam24,0.2286973771782391,0.0685273006166273,1.011684617841063
I-MOVE-23,subject12,HumanCalib-R,Cam22,Cam25,0.2369721748401169,0.3273055732068653,1.0122737313386692
I-MOVE-23,subject12,HumanCalib-R,Cam22,Cam26,0.1942458732232622,0.136650552654812,1.0063711223165126
I-MOVE-23,subject12,HumanCalib-R,Cam22,Cam27,0.166649177896617,0.050863518758315,1.0065343767192685
I-MOVE-23,subject12,HumanCalib-R,Cam22,Cam28,0.5276741840547579,0.2617446787567126,1.00596143405792
I-MOVE-23,subject12,HumanCalib-R,Cam22,Cam29,0.2554882748178456,0.1696898777031608,1.008762554786081
I-MOVE-23,subject12,HumanCalib-R,Cam22,Cam30,0.5496869430178621,0.282295668476739,1.0077103754979182
I-MOVE-23,subject12,HumanCalib-R,Cam23,Cam24,0.3301577980016651,0.0671332288350941,1.005586899130022
I-MOVE-23,subject12,HumanCalib-R,Cam23,Cam25,0.4167539161506228,0.0485056222254259,1.005761868546115
I-MOVE-23,subject12,HumanCalib-R,Cam23,Cam26,0.0653791996806169,0.7002972209169935,1.0026518136846654
I-MOVE-23,subject12,HumanCalib-R,Cam23,Cam27,0.3541962782234302,0.2826753465053838,1.0111121925397022
I-MOVE-23,subject12,HumanCalib-R,Cam23,Cam28,0.7365509820875207,0.2645712806361545,1.0138958192898797
I-MOVE-23,subject12,HumanCalib-R,Cam23,Cam29,0.3472845807677314,0.1624106093320765,1.004519070981385
I-MOVE-23,subject12,HumanCalib-R,Cam23,Cam30,0.7081381206598992,0.2511725433710922,1.0071691243812473
I-MOVE-23,subject12,HumanCalib-R,Cam24,Cam25,0.1604255547134606,0.4135414496371059,1.009751222682484
I-MOVE-23,subject12,HumanCalib-R,Cam24,Cam26,0.3416234660484021,0.1568957108413547,1.007378140919318
I-MOVE-23,subject12,HumanCalib-R,Cam24,Cam27,0.2541381955686666,0.0963965421418522,1.0053967528223835
I-MOVE-23,subject12,HumanCalib-R,Cam24,Cam28,0.5654600349244682,0.2642364594577087,1.0018948512637555
I-MOVE-23,subject12,HumanCalib-R,Cam24,Cam29,0.3740835374190071,0.0977657424137591,1.0124712762602313
I-MOVE-23,subject12,HumanCalib-R,Cam24,Cam30,0.4184372135442676,0.2896330815946259,1.0038616547379111
I-MOVE-23,subject12,HumanCalib-R,Cam25,Cam26,0.4045184719814448,0.1914798189845182,1.007102623983479
I-MOVE-23,subject12,HumanCalib-R,Cam25,Cam27,0.1625874191832453,0.0816441708786758,1.0062062644226857
I-MOVE-23,subject12,HumanCalib-R,Cam25,Cam28,0.405555670835095,0.1660420894685413,1.0043557822122946
I-MOVE-23,subject12,HumanCalib-R,Cam25,Cam29,0.4150451977042462,0.1768362108444691,1.0107882671958597
I-MOVE-23,subject12,HumanCalib-R,Cam25,Cam30,0.3165810898923251,0.0950653187283307,1.0061765070532955
I-MOVE-23,subject12,HumanCalib-R,Cam26,Cam27,0.3212265863819651,0.1567711621903623,1.0152807116315337
I-MOVE-23,subject12,HumanCalib-R,Cam26,Cam28,0.6966903604438108,0.2274345500796312,1.017694487110591
I-MOVE-23,subject12,HumanCalib-R,Cam26,Cam29,0.3256446336182942,0.0746192552736573,1.0056520845117922
I-MOVE-23,subject12,HumanCalib-R,Cam26,Cam30,0.7026548786583809,0.314096760739071,1.010344325668138
I-MOVE-23,subject12,HumanCalib-R,Cam27,Cam28,0.3847780643516291,0.4513147228776956,1.0178731351924188
I-MOVE-23,subject12,HumanCalib-R,Cam27,Cam29,0.3995989517000005,0.1232414676041145,1.0072889049615776
I-MOVE-23,subject12,HumanCalib-R,Cam27,Cam30,0.4267673516516442,0.2132017059865356,1.0067545498301746
I-MOVE-23,subject12,HumanCalib-R,Cam28,Cam29,0.6802463442226614,0.1018595339337057,1.0087857808420844
I-MOVE-23,subject12,HumanCalib-R,Cam28,Cam30,0.4010706504221117,0.2265739227950386,1.0014359515360978
I-MOVE-23,subject12,HumanCalib-R,Cam29,Cam30,0.7194531328941309,0.3095534378649107,1.0113418190122812
I-MOVE-23,subject13,HumanCalib-R,Cam21,Cam22,0.4585180363228415,0.1032220432133478,1.025848352021084
I-MOVE-23,subject13,HumanCalib-R,Cam21,Cam23,0.1975582243915629,0.3762761335602392,1.026872787140979
I-MOVE-23,subject13,HumanCalib-R,Cam21,Cam24,0.3605365337360069,0.1510885381626544,1.027034378872584
I-MOVE-23,subject13,HumanCalib-R,Cam21,Cam25,0.5213532317569657,0.0977515333042421,1.0259645757844569
I-MOVE-23,subject13,HumanCalib-R,Cam21,Cam26,0.1703529063850128,0.3651895647657265,1.0274403997386627
I-MOVE-23,subject13,HumanCalib-R,Cam21,Cam27,0.2175406228807198,0.2783071053707408,1.032139854914248
I-MOVE-23,subject13,HumanCalib-R,Cam21,Cam28,0.3349104765368315,0.3508242148159413,1.0325376101643484
I-MOVE-23,subject13,HumanCalib-R,Cam21,Cam29,0.6828831680131014,0.3822284984717551,1.0240965687151322
I-MOVE-23,subject13,HumanCalib-R,Cam21,Cam30,0.2957789724933308,0.2395018166311424,1.0309273911042915
I-MOVE-23,subject13,HumanCalib-R,Cam22,Cam23,0.5143347652045034,0.1540934255462381,1.0259148535015092
I-MOVE-23,subject13,HumanCalib-R,Cam22,Cam24,0.4517017978535462,0.4407691987155434,1.0280304624898784
I-MOVE-23,subject13,HumanCalib-R,Cam22,Cam25,0.1020604216071333,0.2147649929732351,1.0259299880481143
I-MOVE-23,subject13,HumanCalib-R,Cam22,Cam26,0.4023782324871918,0.1702390171263505,1.026205572605105
I-MOVE-23,subject13,HumanCalib-R,Cam22,Cam27,0.4440422278809629,0.0957297005487333,1.0270697144114245
I-MOVE-23,subject13,HumanCalib-R,Cam22,Cam28,0.3443313072497693,0.1521686016819946,1.0252163782274506
I-MOVE-23,subject13,HumanCalib-R,Cam22,Cam29,0.2508095875718719,0.2165779286057848,1.0267348908217406
I-MOVE-23,subject13,HumanCalib-R,Cam22,Cam30,0.3001869218751849,0.1129485418147041,1.0276391215562466
I-MOVE-23,subject13,HumanCalib-R,Cam23,Cam24,0.214317069659254,0.0372837573237725,1.0258231790779762
I-MOVE-23,subject13,HumanCalib-R,Cam23,Cam25,0.5425205569308559,0.0835653203295019,1.025706816221659
I-MOVE-23,subject13,HumanCalib-R,Cam23,Cam26,0.127869813903539,0.3157434481220352,1.025500363607353
I-MOVE-23,subject13,HumanCalib-R,Cam23,Cam27,0.226784333427108,0.2791839878488053,1.031093035628105
I-MOVE-23,subject13,HumanCalib-R,Cam23,Cam28,0.4397779473750361,0.0415676571029216,1.032193063892234
I-MOVE-23,subject13,HumanCalib-R,Cam23,Cam29,0.6892711372159339,0.192718960318599,1.0255064359303665
I-MOVE-23,subject13,HumanCalib-R,Cam23,Cam30,0.2851234404109998,0.0918079369464901,1.0263075822426109
I-MOVE-23,subject13,HumanCalib-R,Cam24,Cam25,0.4396313965648221,0.7518987282732378,1.0268987132821563
I-MOVE-23,subject13,HumanCalib-R,Cam24,Cam26,0.1975378419048184,0.1482608317213236,1.0262794859547015
I-MOVE-23,subject13,HumanCalib-R,Cam24,Cam27,0.28139973506677,0.1707836548712942,1.0260575061560822
I-MOVE-23,subject13,HumanCalib-R,Cam24,Cam28,0.4601387299476811,0.2060560734365319,1.022227300909376
I-MOVE-23,subject13,HumanCalib-R,Cam24,Cam29,0.5596685752416333,0.2239919314860451,1.0268394771542175
I-MOVE-23,subject13,HumanCalib-R,Cam24,Cam30,0.2751393643492503,0.0974944795412474,1.0260248785251505
I-MOVE-23,subject13,HumanCalib-R,Cam25,Cam26,0.4361158119222585,0.1742949212226301,1.0260227540248343
I-MOVE-23,subject13,HumanCalib-R,Cam25,Cam27,0.4842907213271352,0.2039689098509476,1.0262795039917911
I-MOVE-23,subject13,HumanCalib-R,Cam25,Cam28,0.4116935778051788,0.2645916312440886,1.0237979328676226
I-MOVE-23,subject13,HumanCalib-R,Cam25,Cam29,0.1646742173595959,0.2381020004014127,1.0257296271013527
I-MOVE-23,subject13,HumanCalib-R,Cam25,Cam30,0.3226051350725583,0.2322711551286053,1.0263769398221942
I-MOVE-23,subject13,HumanCalib-R,Cam26,Cam27,0.1407385972924536,0.1840838299799228,1.032931440272222
I-MOVE-23,subject13,HumanCalib-R,Cam26,Cam28,0.3219282593431135,0.0256340728532403,1.0331121101433032
I-MOVE-23,subject13,HumanCalib-R,Cam26,Cam29,0.5901596841805807,0.2059410534285831,1.0257682084389952
I-MOVE-23,subject13,HumanCalib-R,Cam26,Cam30,0.2352732169180024,0.1747877373458704,1.0273582279612112
I-MOVE-23,subject13,HumanCalib-R,Cam27,Cam28,0.2455894036917103,0.0849829166006046,1.0366462407136376
I-MOVE-23,subject13,HumanCalib-R,Cam27,Cam29,0.6404616834983454,0.2237654967385768,1.0274961980635566
I-MOVE-23,subject13,HumanCalib-R,Cam27,Cam30,0.3600703531070371,0.0843303157120656,1.0261911490838465
I-MOVE-23,subject13,HumanCalib-R,Cam28,Cam29,0.563109241545413,0.2239865629226911,1.0260757248055514
I-MOVE-23,subject13,HumanCalib-R,Cam28,Cam30,0.4313559030991777,0.0922584057449056,1.0184420996402908
I-MOVE-23,subject13,HumanCalib-R,Cam29,Cam30,0.4558947154489781,0.256950541404552,1.0281301800922844
I-MOVE-23,subject2,HumanCalib-R,Cam21,Cam22,0.3219472368848253,0.0992142978746108,0.98768692245867
I-MOVE-23,subject2,HumanCalib-R,Cam21,Cam23,0.3829888461728686,0.5367281772150935,0.9913716683624912
I-MOVE-23,subject2,HumanCalib-R,Cam21,Cam24,0.4082485493971186,0.0970640704555,0.9916578896712016
I-MOVE-23,subject2,HumanCalib-R,Cam21,Cam25,0.3876981286986674,0.0632320034858869,0.988502372602079
I-MOVE-23,subject2,HumanCalib-R,Cam21,Cam26,0.4155273196926881,0.5970413413935343,0.9917109010192676
I-MOVE-23,subject2,HumanCalib-R,Cam21,Cam27,0.3712421489109839,0.4134467112748838,0.9955302469161292
I-MOVE-23,subject2,HumanCalib-R,Cam21,Cam28,0.4505772236297871,0.373224841200843,0.9965842165640878
I-MOVE-23,subject2,HumanCalib-R,Cam21,Cam29,0.469039101174578,0.1456324529223855,0.9858335665689942
I-MOVE-23,subject2,HumanCalib-R,Cam21,Cam30,0.3921547999635035,0.1831242683528632,0.9945727911296935
I-MOVE-23,subject2,HumanCalib-R,Cam22,Cam23,0.4004788248497924,0.1377463065988591,0.9887599282981084
I-MOVE-23,subject2,HumanCalib-R,Cam22,Cam24,0.2019317139384175,0.1383919118787318,0.9921174594411682
I-MOVE-23,subject2,HumanCalib-R,Cam22,Cam25,0.1047715815587999,0.086490300090905,0.986673111380796
I-MOVE-23,subject2,HumanCalib-R,Cam22,Cam26,0.4246958590491732,0.1583255130102878,0.9888313916657512
I-MOVE-23,subject2,HumanCalib-R,Cam22,Cam27,0.0957586044329093,0.0376327797398825,0.9894974048659496
I-MOVE-23,subject2,HumanCalib-R,Cam22,Cam28,0.1866238668215524,0.1125149446796318,0.9886899745085344
I-MOVE-23,subject2,HumanCalib-R,Cam22,Cam29,0.2356761851337528,0.1576331102470397,0.9897354995911816
I-MOVE-23,subject2,HumanCalib-R,Cam22,Cam30,0.0743715456511823,0.0715371913457471,0.9889606790816102
I-MOVE-23,subject2,HumanCalib-R,Cam23,Cam24,0.4550926602029136,0.1638347400120604,0.9898456630456832
I-MOVE-23,subject2,HumanCalib-R,Cam23,Cam25,0.3737512473262999,0.1334231401772357,0.9889604719557572
I-MOVE-23,subject2,HumanCalib-R,Cam23,Cam26,0.1112322290131437,0.1564277940098728,0.9901004336597992
I-MOVE-23,subject2,HumanCalib-R,Cam23,Cam27,0.3526338898336604,0.2366383828282441,0.9934656868956748
I-MOVE-23,subject2,HumanCalib-R,Cam23,Cam28,0.5399911608185409,0.1694615727606306,0.993963723784798
I-MOVE-23,subject2,HumanCalib-R,Cam23,Cam29,0.3134681590816752,0.0673355035362576,0.9887979804377678
I-MOVE-23,subject2,HumanCalib-R,Cam23,Cam30,0.4414094329663775,0.153109905727344,0.9904141899940648
I-MOVE-23,subject2,HumanCalib-R,Cam24,Cam25,0.25865618381141,0.6231207544933706,0.991797339279198
I-MOVE-23,subject2,HumanCalib-R,Cam24,Cam26,0.5194123955205203,0.0848242533419843,0.9903348359323736
I-MOVE-23,subject2,HumanCalib-R,Cam24,Cam27,0.2376922487540181,0.1154964184725777,0.9897425955277142
I-MOVE-23,subject2,HumanCalib-R,Cam24,Cam28,0.3509771394887268,0.1851536764850045,0.9876950051791372
I-MOVE-23,subject2,HumanCalib-R,Cam24,Cam29,0.2689296118186333,0.0755543525382872,0.9938553464225116
I-MOVE-23,subject2,HumanCalib-R,Cam24,Cam30,0.1762329804540024,0.0937665703914459,0.9886092425460544
I-MOVE-23,subject2,HumanCalib-R,Cam25,Cam26,0.3810071844748902,0.1569399699580248,0.9890765304805764
I-MOVE-23,subject2,HumanCalib-R,Cam25,Cam27,0.0310235190518051,0.0452217737443094,0.989414617136552
I-MOVE-23,subject2,HumanCalib-R,Cam25,Cam28,0.1824108440363074,0.090422788629212,0.9882465484027768
I-MOVE-23,subject2,HumanCalib-R,Cam25,Cam29,0.1688550327148733,0.1738021016221121,0.989345366008331
I-MOVE-23,subject2,HumanCalib-R,Cam25,Cam30,0.1108985873011023,0.0549250251151558,0.9886312864241724
I-MOVE-23,subject2,HumanCalib-R,Cam26,Cam27,0.3675404690919313,0.2204806135701442,0.995090087339436
I-MOVE-23,subject2,HumanCalib-R,Cam26,Cam28,0.5320300563993682,0.2134097296224773,0.9950839104649007
I-MOVE-23,subject2,HumanCalib-R,Cam26,Cam29,0.3425801499208721,0.1228172346392283,0.988751918134237
I-MOVE-23,subject2,HumanCalib-R,Cam26,Cam30,0.4685361644852589,0.2282279870615446,0.991203391977688
I-MOVE-23,subject2,HumanCalib-R,Cam27,Cam28,0.2072504497420782,0.1318309797600166,0.9959353422642796
I-MOVE-23,subject2,HumanCalib-R,Cam27,Cam29,0.1540447307698989,0.0183095145815227,0.9905132086245504
I-MOVE-23,subject2,HumanCalib-R,Cam27,Cam30,0.1078017903680167,0.0653496143550831,0.990597522269621
I-MOVE-23,subject2,HumanCalib-R,Cam28,Cam29,0.3409896360633256,0.035100073583128,0.9905683784010956
I-MOVE-23,subject2,HumanCalib-R,Cam28,Cam30,0.1807887095321582,0.0505154303384323,0.987587921952019
I-MOVE-23,subject2,HumanCalib-R,Cam29,Cam30,0.2199664918792123,0.0311764952734474,0.9913627872529952
I-MOVE-23,subject3,HumanCalib-R,Cam21,Cam22,0.3421897806117956,0.1194068085356088,1.002320084203727
I-MOVE-23,subject3,HumanCalib-R,Cam21,Cam23,0.3055855212114235,0.4218268888869897,1.0047053983737568
I-MOVE-23,subject3,HumanCalib-R,Cam21,Cam24,0.4567532950597159,0.1813050934072496,1.0041422770891937
I-MOVE-23,subject3,HumanCalib-R,Cam21,Cam25,0.5580129354423268,0.0736744949051679,1.0009596884780947
I-MOVE-23,subject3,HumanCalib-R,Cam21,Cam26,0.3431829707597675,0.3832564002801639,1.005449570351128
I-MOVE-23,subject3,HumanCalib-R,Cam21,Cam27,0.32262448598696,0.4422848069213534,1.007698679597254
I-MOVE-23,subject3,HumanCalib-R,Cam21,Cam28,0.4629834610997657,0.3994748597513655,1.0104443948890425
I-MOVE-23,subject3,HumanCalib-R,Cam21,Cam29,0.5440966418051317,0.2670301800241693,0.9994015485084944
I-MOVE-23,subject3,HumanCalib-R,Cam21,Cam30,0.365122241756844,0.1852640378065811,1.00732397463325
I-MOVE-23,subject3,HumanCalib-R,Cam22,Cam23,0.4394016162049384,0.1172701959457584,1.003055322354247
I-MOVE-23,subject3,HumanCalib-R,Cam22,Cam24,0.2212045052575661,0.0580304691979341,1.0070825508425545
I-MOVE-23,subject3,HumanCalib-R,Cam22,Cam25,0.2338722183141788,0.5267046630854465,0.9995986882500062
I-MOVE-23,subject3,HumanCalib-R,Cam22,Cam26,0.5493487240530799,0.1704784481301042,1.003426373654554
I-MOVE-23,subject3,HumanCalib-R,Cam22,Cam27,0.0972093119241316,0.0164652783648844,1.003080638566351
I-MOVE-23,subject3,HumanCalib-R,Cam22,Cam28,0.299657702814723,0.1496210189965925,1.0024756091607965
I-MOVE-23,subject3,HumanCalib-R,Cam22,Cam29,0.2387871196173785,0.1025150171775151,1.0039573675707392
I-MOVE-23,subject3,HumanCalib-R,Cam22,Cam30,0.054261161591086,0.0315819121975244,1.0026750577207697
I-MOVE-23,subject3,HumanCalib-R,Cam23,Cam24,0.5062011831387532,0.1388590638973919,1.0030560784518454
I-MOVE-23,subject3,HumanCalib-R,Cam23,Cam25,0.6681057779062001,0.1418195637810444,1.0019540386496504
I-MOVE-23,subject3,HumanCalib-R,Cam23,Cam26,0.1607231791174627,0.5636510093278284,1.0063005918330938
I-MOVE-23,subject3,HumanCalib-R,Cam23,Cam27,0.3856562178185871,0.2430173803226141,1.009598350483662
I-MOVE-23,subject3,HumanCalib-R,Cam23,Cam28,0.6263534716859951,0.1802864365166156,1.0102014271666624
I-MOVE-23,subject3,HumanCalib-R,Cam23,Cam29,0.5309676788740877,0.1260703934843526,1.0022383896291198
I-MOVE-23,subject3,HumanCalib-R,Cam23,Cam30,0.4544052176585468,0.121245367972366,1.0048780052423396
I-MOVE-23,subject3,HumanCalib-R,Cam24,Cam25,0.3036393767148306,0.7575450233899724,1.0036458359908251
I-MOVE-23,subject3,HumanCalib-R,Cam24,Cam26,0.6499857744439155,0.1117113433683277,1.0040494122702586
I-MOVE-23,subject3,HumanCalib-R,Cam24,Cam27,0.2977972372413976,0.1568080199110758,1.0016590142660495
I-MOVE-23,subject3,HumanCalib-R,Cam24,Cam28,0.504399364665168,0.3153115698967751,0.998955048142172
I-MOVE-23,subject3,HumanCalib-R,Cam24,Cam29,0.1910969527426637,0.0507672188931051,1.004794884429355
I-MOVE-23,subject3,HumanCalib-R,Cam24,Cam30,0.2650977919039702,0.1713081311060087,0.9990339577446457
I-MOVE-23,subject3,HumanCalib-R,Cam25,Cam26,0.7777516874318422,0.2414745953807051,1.0023952906037328
I-MOVE-23,subject3,HumanCalib-R,Cam25,Cam27,0.2971054656391704,0.1239581229096261,1.0013708349987898
I-MOVE-23,subject3,HumanCalib-R,Cam25,Cam28,0.3103066421123738,0.2385559975424075,0.9998550252665792
I-MOVE-23,subject3,HumanCalib-R,Cam25,Cam29,0.266922985969955,0.1804936056567632,1.000207148650383
I-MOVE-23,subject3,HumanCalib-R,Cam25,Cam30,0.2220531281404038,0.2247565277442636,0.9996182440205218
I-MOVE-23,subject3,HumanCalib-R,Cam26,Cam27,0.4830336683503134,0.4169038908926585,1.012568673798865
I-MOVE-23,subject3,HumanCalib-R,Cam26,Cam28,0.6748437333274249,0.295777284142671,1.01273733933096
I-MOVE-23,subject3,HumanCalib-R,Cam26,Cam29,0.6710762285230857,0.2393027219108834,1.0024326372772716
I-MOVE-23,subject3,HumanCalib-R,Cam26,Cam30,0.5563410610183394,0.2181390064428129,1.006583527553221
I-MOVE-23,subject3,HumanCalib-R,Cam27,Cam28,0.2858106698054014,0.3089263148211126,1.0111879095374108
I-MOVE-23,subject3,HumanCalib-R,Cam27,Cam29,0.2767257028685353,0.089328238951463,1.00271797668645
I-MOVE-23,subject3,HumanCalib-R,Cam27,Cam30,0.0766998098655902,0.0448941251088466,1.003604777181647
I-MOVE-23,subject3,HumanCalib-R,Cam28,Cam29,0.4804589594106426,0.0945672987489192,1.0029496339106414
I-MOVE-23,subject3,HumanCalib-R,Cam28,Cam30,0.2612822043074682,0.1875665292805281,1.0005745848793264
I-MOVE-23,subject3,HumanCalib-R,Cam29,Cam30,0.2471059913528849,0.1442059868046833,1.0023545200206732
I-MOVE-23,subject4,HumanCalib-R,Cam21,Cam22,0.4112670743280025,0.0665886935254636,1.0013375398683622
I-MOVE-23,subject4,HumanCalib-R,Cam21,Cam23,0.2876577140073792,0.4737879235502512,1.004545627278718
I-MOVE-23,subject4,HumanCalib-R,Cam21,Cam24,0.436394357288173,0.1994994545464847,1.0041191429501048
I-MOVE-23,subject4,HumanCalib-R,Cam21,Cam25,0.4230066724947185,0.1265088886732366,1.002225227616708
I-MOVE-23,subject4,HumanCalib-R,Cam21,Cam26,0.4331515133997378,0.5172941277631913,1.0049810190132529
I-MOVE-23,subject4,HumanCalib-R,Cam21,Cam27,0.2520351497139352,0.231711022304645,1.006433931028352
I-MOVE-23,subject4,HumanCalib-R,Cam21,Cam28,0.267248491243255,0.3064476335341114,1.0089247861092556
I-MOVE-23,subject4,HumanCalib-R,Cam21,Cam29,0.6044977100870279,0.2154595579768675,1.0005451352681038
I-MOVE-23,subject4,HumanCalib-R,Cam21,Cam30,0.2223924271579,0.073057156319045,1.0075164440931512
I-MOVE-23,subject4,HumanCalib-R,Cam22,Cam23,0.2265132311552379,0.086910416291532,1.002406339348188
I-MOVE-23,subject4,HumanCalib-R,Cam22,Cam24,0.1283708724756024,0.1219376969414868,1.004521337808132
I-MOVE-23,subject4,HumanCalib-R,Cam22,Cam25,0.0598849976188678,0.1155230128344985,1.0019213378087326
I-MOVE-23,subject4,HumanCalib-R,Cam22,Cam26,0.150215222158274,0.1468337543607294,1.0026291288713178
I-MOVE-23,subject4,HumanCalib-R,Cam22,Cam27,0.1628766911658249,0.0207607002893226,1.0026611032373232
I-MOVE-23,subject4,HumanCalib-R,Cam22,Cam28,0.4284844474590319,0.1402597376790995,1.0023072312220769
I-MOVE-23,subject4,HumanCalib-R,Cam22,Cam29,0.2007373737844824,0.24272784433984,1.0033660861940426
I-MOVE-23,subject4,HumanCalib-R,Cam22,Cam30,0.226327699797336,0.0764357233717058,1.0035985841769326
I-MOVE-23,subject4,HumanCalib-R,Cam23,Cam24,0.1762376529347277,0.0706392382567821,1.003353948802839
I-MOVE-23,subject4,HumanCalib-R,Cam23,Cam25,0.2389110936279661,0.0906058302231697,1.002783158989183
I-MOVE-23,subject4,HumanCalib-R,Cam23,Cam26,0.2323894560209186,0.5217308161314085,1.0069165516479917
I-MOVE-23,subject4,HumanCalib-R,Cam23,Cam27,0.1794313062745897,0.2195399012911693,1.0056157891852462
I-MOVE-23,subject4,HumanCalib-R,Cam23,Cam28,0.3898622011773495,0.0456462066672646,1.0077175182992983
I-MOVE-23,subject4,HumanCalib-R,Cam23,Cam29,0.3870342252739882,0.1390607123394496,1.002721014785256
I-MOVE-23,subject4,HumanCalib-R,Cam23,Cam30,0.0759956303803136,0.0661469514442636,1.0037563043367952
I-MOVE-23,subject4,HumanCalib-R,Cam24,Cam25,0.1482551011009508,0.4619209970800542,1.004307824035128
I-MOVE-23,subject4,HumanCalib-R,Cam24,Cam26,0.1366335870923775,0.131770017477338,1.004208088130463
I-MOVE-23,subject4,HumanCalib-R,Cam24,Cam27,0.2274659304194736,0.072308705424988,1.0030807432035975
I-MOVE-23,subject4,HumanCalib-R,Cam24,Cam28,0.4893357885776523,0.1546297576197733,1.0012411661035916
I-MOVE-23,subject4,HumanCalib-R,Cam24,Cam29,0.2293286713679168,0.0385699609668406,1.0071425451471097
I-MOVE-23,subject4,HumanCalib-R,Cam24,Cam30,0.2171090567848073,0.1002748415437922,1.003564578597778
I-MOVE-23,subject4,HumanCalib-R,Cam25,Cam26,0.2060537115173494,0.1748790854776969,1.003210264854064
I-MOVE-23,subject4,HumanCalib-R,Cam25,Cam27,0.1798958012153003,0.0796970133525787,1.0028762032073772
I-MOVE-23,subject4,HumanCalib-R,Cam25,Cam28,0.4055771203125947,0.082447989461922,1.0019555425430822
I-MOVE-23,subject4,HumanCalib-R,Cam25,Cam29,0.1828577912438606,0.1664146874210111,1.0041523950673346
I-MOVE-23,subject4,HumanCalib-R,Cam25,Cam30,0.2429347037133873,0.077297336751942,1.0033904177539954
I-MOVE-23,subject4,HumanCalib-R,Cam26,Cam27,0.2263530210132893,0.0404053627505907,1.0090920640022538
I-MOVE-23,subject4,HumanCalib-R,Cam26,Cam28,0.5294057831644519,0.2153978629171605,1.010356789801851
I-MOVE-23,subject4,HumanCalib-R,Cam26,Cam29,0.2831379765858622,0.0285008348790138,1.0027297018792014
I-MOVE-23,subject4,HumanCalib-R,Cam26,Cam30,0.241138703084368,0.1665433863975703,1.0055787973417
I-MOVE-23,subject4,HumanCalib-R,Cam27,Cam28,0.3061945666632366,0.3630227216216232,1.0094625586116042
I-MOVE-23,subject4,HumanCalib-R,Cam27,Cam29,0.3583737912162211,0.1074777263759486,1.0038112040067868
I-MOVE-23,subject4,HumanCalib-R,Cam27,Cam30,0.1256638662488867,0.1124201537990948,1.0027809011380822
I-MOVE-23,subject4,HumanCalib-R,Cam28,Cam29,0.5719973905621537,0.1295220466334965,1.0049006692585387
I-MOVE-23,subject4,HumanCalib-R,Cam28,Cam30,0.3408879735925377,0.2842780005515965,0.998501110371915
I-MOVE-23,subject4,HumanCalib-R,Cam29,Cam30,0.4105935688091145,0.0851318497397956,1.0070731823236234
I-MOVE-23,subject5,HumanCalib-R,Cam21,Cam22,0.1909033652241866,0.1205924947849454,1.0172359341438768
I-MOVE-23,subject5,HumanCalib-R,Cam21,Cam23,0.3614507512575024,0.4147308102436424,1.0178704359326003
I-MOVE-23,subject5,HumanCalib-R,Cam21,Cam24,0.3977734689194666,0.2687384437124284,1.0200521348126412
I-MOVE-23,subject5,HumanCalib-R,Cam21,Cam25,0.3781927104834325,0.1474247280710626,1.017643242028932
I-MOVE-23,subject5,HumanCalib-R,Cam21,Cam26,0.2590591487303048,0.4193334008136198,1.018857747834259
I-MOVE-23,subject5,HumanCalib-R,Cam21,Cam27,0.2235210744384181,0.138085947313341,1.0211609424371768
I-MOVE-23,subject5,HumanCalib-R,Cam21,Cam28,0.1837634309034209,0.0742727933772851,1.024417354639483
I-MOVE-23,subject5,HumanCalib-R,Cam21,Cam29,0.4872582587108072,0.2416972498275325,1.017314553165738
I-MOVE-23,subject5,HumanCalib-R,Cam21,Cam30,0.3490879566282071,0.2089709286776476,1.0211572459653482
I-MOVE-23,subject5,HumanCalib-R,Cam22,Cam23,0.2575076354356421,0.1088828056292505,1.01741865433225
I-MOVE-23,subject5,HumanCalib-R,Cam22,Cam24,0.2414888715354655,0.3070827426913314,1.0204196798813296
I-MOVE-23,subject5,HumanCalib-R,Cam22,Cam25,0.2539405021709419,0.2598989449211115,1.0130928737114897
I-MOVE-23,subject5,HumanCalib-R,Cam22,Cam26,0.171183458226864,0.1254669457303211,1.017857245114104
I-MOVE-23,subject5,HumanCalib-R,Cam22,Cam27,0.149647154712499,0.0597210576762326,1.0185953175365317
I-MOVE-23,subject5,HumanCalib-R,Cam22,Cam28,0.2238753860521781,0.1692240356538144,1.0184932738233847
I-MOVE-23,subject5,HumanCalib-R,Cam22,Cam29,0.3116532390237168,0.4301135200146819,1.0198562847072272
I-MOVE-23,subject5,HumanCalib-R,Cam22,Cam30,0.231321524398762,0.179550950279073,1.018096762786225
I-MOVE-23,subject5,HumanCalib-R,Cam23,Cam24,0.1228770840862927,0.0580363691476077,1.0187184644179743
I-MOVE-23,subject5,HumanCalib-R,Cam23,Cam25,0.2399394565941413,0.0973153793153103,1.0179864308346145
I-MOVE-23,subject5,HumanCalib-R,Cam23,Cam26,0.109532115049834,0.472611181170577,1.0174064783985906
I-MOVE-23,subject5,HumanCalib-R,Cam23,Cam27,0.1560736658411284,0.2515673203449235,1.0199642886209015
I-MOVE-23,subject5,HumanCalib-R,Cam23,Cam28,0.3852356384885514,0.2209140678011472,1.02304538928584
I-MOVE-23,subject5,HumanCalib-R,Cam23,Cam29,0.4124443535976958,0.1926629034912479,1.0177441318621825
I-MOVE-23,subject5,HumanCalib-R,Cam23,Cam30,0.096781269922808,0.1096016890135147,1.01892262930197
I-MOVE-23,subject5,HumanCalib-R,Cam24,Cam25,0.2409081318185711,0.7044485426083255,1.0226714699561728
I-MOVE-23,subject5,HumanCalib-R,Cam24,Cam26,0.1738474703074699,0.111803441078419,1.0195806500566096
I-MOVE-23,subject5,HumanCalib-R,Cam24,Cam27,0.2106804271699097,0.0894622665025044,1.0194877257423172
I-MOVE-23,subject5,HumanCalib-R,Cam24,Cam28,0.416024718206232,0.221246480468688,1.0178423443091564
I-MOVE-23,subject5,HumanCalib-R,Cam24,Cam29,0.3234653440028082,0.1205703123129453,1.0247752149700575
I-MOVE-23,subject5,HumanCalib-R,Cam24,Cam30,0.1426948656337518,0.1617331190080726,1.018555697546516
I-MOVE-23,subject5,HumanCalib-R,Cam25,Cam26,0.2042638473239076,0.1639968740118655,1.0183994465977029
I-MOVE-23,subject5,HumanCalib-R,Cam25,Cam27,0.1962723879795621,0.0769687712221629,1.0192340509302011
I-MOVE-23,subject5,HumanCalib-R,Cam25,Cam28,0.2859293003660843,0.1447322299040741,1.0186408594323173
I-MOVE-23,subject5,HumanCalib-R,Cam25,Cam29,0.2759364862251705,0.3180903824208519,1.0194186721293128
I-MOVE-23,subject5,HumanCalib-R,Cam25,Cam30,0.1436675192069716,0.1466928235142652,1.0188463136053283
I-MOVE-23,subject5,HumanCalib-R,Cam26,Cam27,0.0474601072899776,0.1499435448878821,1.0226760303753866
I-MOVE-23,subject5,HumanCalib-R,Cam26,Cam28,0.2784042362274047,0.1856368680456329,1.0251900912444378
I-MOVE-23,subject5,HumanCalib-R,Cam26,Cam29,0.385514196245912,0.1556719323590598,1.0180919916382831
I-MOVE-23,subject5,HumanCalib-R,Cam26,Cam30,0.1002590035981711,0.1662181402801499,1.0203099114606309
I-MOVE-23,subject5,HumanCalib-R,Cam27,Cam28,0.2310720795454564,0.4300375546183342,1.0270914899777557
I-MOVE-23,subject5,HumanCalib-R,Cam27,Cam29,0.3804766085674728,0.1727789967171749,1.020296345641342
I-MOVE-23,subject5,HumanCalib-R,Cam27,Cam30,0.1265853928325853,0.1732543090733755,1.0201518693460612
I-MOVE-23,subject5,HumanCalib-R,Cam28,Cam29,0.4198150720673314,0.151853328604828,1.0220200882443464
I-MOVE-23,subject5,HumanCalib-R,Cam28,Cam30,0.3273167566525967,0.2750946458447297,1.018082004077695
I-MOVE-23,subject5,HumanCalib-R,Cam29,Cam30,0.3501624624721687,0.1569674352756612,1.0225741726482265
I-MOVE-23,subject6,HumanCalib-R,Cam21,Cam22,0.6687010438050486,0.1984464925056591,1.0142800516970465
I-MOVE-23,subject6,HumanCalib-R,Cam21,Cam23,0.4473864985373547,0.4972728789325407,1.0140457715612876
I-MOVE-23,subject6,HumanCalib-R,Cam21,Cam24,0.7220736008856499,0.3773486507016093,1.0196705652794955
I-MOVE-23,subject6,HumanCalib-R,Cam21,Cam25,0.7594965230404467,0.195638881944901,1.0168855887065895
I-MOVE-23,subject6,HumanCalib-R,Cam21,Cam26,0.1812592934404946,0.2918730110693229,1.0169026297314117
I-MOVE-23,subject6,HumanCalib-R,Cam21,Cam27,0.6864819892182671,0.7007647059756977,1.0174077512200226
I-MOVE-23,subject6,HumanCalib-R,Cam21,Cam28,0.8868945060147957,0.7345061305436444,1.0250466420218156
I-MOVE-23,subject6,HumanCalib-R,Cam21,Cam29,0.7305913136044989,0.4276637754049334,1.013782128116718
I-MOVE-23,subject6,HumanCalib-R,Cam21,Cam30,0.6319462109252646,0.4135824120350876,1.0247837928208878
I-MOVE-23,subject6,HumanCalib-R,Cam22,Cam23,0.2663235235835733,0.0960825384715025,1.0132606572772032
I-MOVE-23,subject6,HumanCalib-R,Cam22,Cam24,0.2552067986033388,0.1950448293619043,1.020018290248839
I-MOVE-23,subject6,HumanCalib-R,Cam22,Cam25,0.0930385997157834,0.1739958637672635,1.017048041006711
I-MOVE-23,subject6,HumanCalib-R,Cam22,Cam26,0.5400854974348048,0.1965198881463374,1.014920337104549
I-MOVE-23,subject6,HumanCalib-R,Cam22,Cam27,0.1387699132400036,0.0895276627574656,1.013325077778531
I-MOVE-23,subject6,HumanCalib-R,Cam22,Cam28,0.3271941839936604,0.139843753093242,1.0138728607458984
I-MOVE-23,subject6,HumanCalib-R,Cam22,Cam29,0.1346579241285186,0.240466476321707,1.014021901552454
I-MOVE-23,subject6,HumanCalib-R,Cam22,Cam30,0.1048913963913905,0.1488818005757069,1.0135534766050462
I-MOVE-23,subject6,HumanCalib-R,Cam23,Cam24,0.2842754720696132,0.1204696818518902,1.01426718257208
I-MOVE-23,subject6,HumanCalib-R,Cam23,Cam25,0.3431950667072219,0.0318167857326637,1.0143101996197146
I-MOVE-23,subject6,HumanCalib-R,Cam23,Cam26,0.2971023299496953,1.1477532837744642,1.01326256457868
I-MOVE-23,subject6,HumanCalib-R,Cam23,Cam27,0.2646939594480638,0.189028441999218,1.0135784505201983
I-MOVE-23,subject6,HumanCalib-R,Cam23,Cam28,0.5640737544473268,0.1999301852148223,1.0190535376010452
I-MOVE-23,subject6,HumanCalib-R,Cam23,Cam29,0.330344605247726,0.1342650975793215,1.013543490348603
I-MOVE-23,subject6,HumanCalib-R,Cam23,Cam30,0.2894389129914602,0.0855611831657851,1.0159371571553173
I-MOVE-23,subject6,HumanCalib-R,Cam24,Cam25,0.2529673876104545,0.6266866569476307,1.0210894161677122
I-MOVE-23,subject6,HumanCalib-R,Cam24,Cam26,0.5706746377888797,0.1014094490202487,1.0171582256835463
I-MOVE-23,subject6,HumanCalib-R,Cam24,Cam27,0.1553022428137082,0.0685369633560596,1.0136534870905376
I-MOVE-23,subject6,HumanCalib-R,Cam24,Cam28,0.5152727945799538,0.1786322674973813,1.01173558987595
I-MOVE-23,subject6,HumanCalib-R,Cam24,Cam29,0.3043389458996104,0.0518178583814391,1.0209983867539765
I-MOVE-23,subject6,HumanCalib-R,Cam24,Cam30,0.3484582177622022,0.086232646046321,1.0106059715733162
I-MOVE-23,subject6,HumanCalib-R,Cam25,Cam26,0.6253107045810965,0.1982091211869941,1.016330864834164
I-MOVE-23,subject6,HumanCalib-R,Cam25,Cam27,0.1590241120298787,0.1339524978193413,1.0143955699284692
I-MOVE-23,subject6,HumanCalib-R,Cam25,Cam28,0.3100686896531541,0.1011714217964764,1.0139729667851698
I-MOVE-23,subject6,HumanCalib-R,Cam25,Cam29,0.1217593830867505,0.1261737364220798,1.0170228985445957
I-MOVE-23,subject6,HumanCalib-R,Cam25,Cam30,0.1776991327778551,0.1428406205015027,1.0137274837101338
I-MOVE-23,subject6,HumanCalib-R,Cam26,Cam27,0.5563819257785578,0.5774422045557822,1.0203991350137271
I-MOVE-23,subject6,HumanCalib-R,Cam26,Cam28,0.8034004836736647,0.3987297030799241,1.0250894342955426
I-MOVE-23,subject6,HumanCalib-R,Cam26,Cam29,0.5879685124564167,0.1724682110938149,1.0153371173561505
I-MOVE-23,subject6,HumanCalib-R,Cam26,Cam30,0.5252182935995022,0.2140734466628291,1.0204848512618068
I-MOVE-23,subject6,HumanCalib-R,Cam27,Cam28,0.3735613112836999,0.6344944335040729,1.023054922068359
I-MOVE-23,subject6,HumanCalib-R,Cam27,Cam29,0.2441337219282967,0.122019339099154,1.0139904692778907
I-MOVE-23,subject6,HumanCalib-R,Cam27,Cam30,0.2140209076309797,0.2699451761739391,1.0159034774141245
I-MOVE-23,subject6,HumanCalib-R,Cam28,Cam29,0.3875991043221945,0.088016090706402,1.0165896135706856
I-MOVE-23,subject6,HumanCalib-R,Cam28,Cam30,0.2919303652666167,0.3292091169137769,1.01421109594417
I-MOVE-23,subject6,HumanCalib-R,Cam29,Cam30,0.1984334197971559,0.1091007018627353,1.017438270847248
I-MOVE-23,subject7,HumanCalib-R,Cam21,Cam22,0.3133095768869196,0.1675068791664509,1.0013751670612514
I-MOVE-23,subject7,HumanCalib-R,Cam21,Cam23,0.1460469699419664,0.2252443699320671,1.00227832236263
I-MOVE-23,subject7,HumanCalib-R,Cam21,Cam24,0.4920138561700151,0.2801956156831,1.0035201531402296
I-MOVE-23,subject7,HumanCalib-R,Cam21,Cam25,0.4727640499212894,0.260641068115114,1.0020904079721606
I-MOVE-23,subject7,HumanCalib-R,Cam21,Cam26,0.164712719894849,0.2921516011842038,1.001553243157668
I-MOVE-23,subject7,HumanCalib-R,Cam21,Cam27,0.0928520752083759,0.2039128690997152,1.0032440696852905
I-MOVE-23,subject7,HumanCalib-R,Cam21,Cam28,0.4263236360139651,0.3101654236539208,1.008502905602889
I-MOVE-23,subject7,HumanCalib-R,Cam21,Cam29,0.2439682798814887,0.1282960827434715,1.0021771432203803
I-MOVE-23,subject7,HumanCalib-R,Cam21,Cam30,0.6134120575109255,0.3786718411424689,1.0085039720556224
I-MOVE-23,subject7,HumanCalib-R,Cam22,Cam23,0.2933075454238885,0.0831591701161555,1.001465652003213
I-MOVE-23,subject7,HumanCalib-R,Cam22,Cam24,0.1853977914027964,0.1157047381742386,1.001598471423348
I-MOVE-23,subject7,HumanCalib-R,Cam22,Cam25,0.1671728564177383,0.3278567302394862,1.0021546970579085
I-MOVE-23,subject7,HumanCalib-R,Cam22,Cam26,0.4302700310177598,0.1512941204652451,1.0014230600126552
I-MOVE-23,subject7,HumanCalib-R,Cam22,Cam27,0.2948313018476428,0.044300824308538,1.001181243567722
I-MOVE-23,subject7,HumanCalib-R,Cam22,Cam28,0.2728362009226145,0.1711601552662315,1.0009892068064614
I-MOVE-23,subject7,HumanCalib-R,Cam22,Cam29,0.1849085029211158,0.2283862386068778,1.0011952870450571
I-MOVE-23,subject7,HumanCalib-R,Cam22,Cam30,0.3180931233379716,0.1768872323984363,1.000792673465372
I-MOVE-23,subject7,HumanCalib-R,Cam23,Cam24,0.4614044034277421,0.1270644302112261,1.0023134069410338
I-MOVE-23,subject7,HumanCalib-R,Cam23,Cam25,0.4598897672330861,0.1273723439436323,1.001671391713752
I-MOVE-23,subject7,HumanCalib-R,Cam23,Cam26,0.1489322436000433,0.3863722387777252,1.0078313313825067
I-MOVE-23,subject7,HumanCalib-R,Cam23,Cam27,0.0657058541829941,0.0112254783867708,1.0036385919072468
I-MOVE-23,subject7,HumanCalib-R,Cam23,Cam28,0.4919301456025773,0.1374487191880887,1.0080959170842885
I-MOVE-23,subject7,HumanCalib-R,Cam23,Cam29,0.1891946220846631,0.0624207746807751,1.002152495720666
I-MOVE-23,subject7,HumanCalib-R,Cam23,Cam30,0.6113887307802408,0.1840415799684242,1.0046648059082184
I-MOVE-23,subject7,HumanCalib-R,Cam24,Cam25,0.0861742563615655,0.2883289561899543,0.9998754232243388
I-MOVE-23,subject7,HumanCalib-R,Cam24,Cam26,0.6030821064551057,0.1890638915000559,1.0028671837510617
I-MOVE-23,subject7,HumanCalib-R,Cam24,Cam27,0.4658418053040737,0.1651200717335117,1.0018134692117715
I-MOVE-23,subject7,HumanCalib-R,Cam24,Cam28,0.31378714006824,0.2480023186378918,0.9998624378448804
I-MOVE-23,subject7,HumanCalib-R,Cam24,Cam29,0.3103293423303904,0.1283970590947356,1.0042211286437723
I-MOVE-23,subject7,HumanCalib-R,Cam24,Cam30,0.1860629022955618,0.1330411086876497,0.9987705129293504
I-MOVE-23,subject7,HumanCalib-R,Cam25,Cam26,0.5972273278267494,0.1756454366352852,1.001916433444885
I-MOVE-23,subject7,HumanCalib-R,Cam25,Cam27,0.4610618752035456,0.1143234493957323,1.0012193115039427
I-MOVE-23,subject7,HumanCalib-R,Cam25,Cam28,0.2538309731045066,0.1852168743094751,1.0000503433893049
I-MOVE-23,subject7,HumanCalib-R,Cam25,Cam29,0.3308723571395835,0.1909329119268437,1.002666859380038
I-MOVE-23,subject7,HumanCalib-R,Cam25,Cam30,0.1528003534152223,0.1106927903620301,0.9994492524387651
I-MOVE-23,subject7,HumanCalib-R,Cam26,Cam27,0.1402901817453295,0.1557000223116323,1.006615151411302
I-MOVE-23,subject7,HumanCalib-R,Cam26,Cam28,0.5868604614914126,0.2317287364752686,1.0104866905317005
I-MOVE-23,subject7,HumanCalib-R,Cam26,Cam29,0.3162109107373304,0.0997499850015513,1.0018527511311113
I-MOVE-23,subject7,HumanCalib-R,Cam26,Cam30,0.7459549224650425,0.305610324590719,1.0062130147763968
I-MOVE-23,subject7,HumanCalib-R,Cam27,Cam28,0.4616436671460928,0.5717808164624649,1.0113529152197926
I-MOVE-23,subject7,HumanCalib-R,Cam27,Cam29,0.1852378398607814,0.0772424191782068,1.002314377912306
I-MOVE-23,subject7,HumanCalib-R,Cam27,Cam30,0.6089967938876231,0.3232574723909818,1.004161665819431
I-MOVE-23,subject7,HumanCalib-R,Cam28,Cam29,0.3954226260648362,0.0413910949457789,1.0039656175898997
I-MOVE-23,subject7,HumanCalib-R,Cam28,Cam30,0.2959744662040172,0.1791631108586398,1.0019643788282886
I-MOVE-23,subject7,HumanCalib-R,Cam29,Cam30,0.4754003952629663,0.2044544320205895,1.0050838811234284
I-MOVE-23,subject9,HumanCalib-R,Cam21,Cam22,0.4508940603191048,0.1114113868540614,1.000205574805556
I-MOVE-23,subject9,HumanCalib-R,Cam21,Cam23,0.2075721952224,0.452837988137088,1.0012049012386686
I-MOVE-23,subject9,HumanCalib-R,Cam21,Cam24,0.3290488802494622,0.0725804538807792,1.0045836579699434
I-MOVE-23,subject9,HumanCalib-R,Cam21,Cam25,0.5210847069424515,0.1099139250064383,1.002960872213239
I-MOVE-23,subject9,HumanCalib-R,Cam21,Cam26,0.2083271624678363,0.4567353564945239,1.0021998758361592
I-MOVE-23,subject9,HumanCalib-R,Cam21,Cam27,0.2395671514919318,0.3720898075710573,1.0061891567158068
I-MOVE-23,subject9,HumanCalib-R,Cam21,Cam28,0.5915792095439466,0.5304237774128892,1.009226234690332
I-MOVE-23,subject9,HumanCalib-R,Cam21,Cam29,0.6674970734395343,0.4396595304103509,1.000905208063296
I-MOVE-23,subject9,HumanCalib-R,Cam21,Cam30,0.7557541104641652,0.4786060471022609,1.0101833930979378
I-MOVE-23,subject9,HumanCalib-R,Cam22,Cam23,0.3843876956974884,0.0957409086564256,0.9999027047703424
I-MOVE-23,subject9,HumanCalib-R,Cam22,Cam24,0.2646900292647484,0.3547471789977715,1.000586235491893
I-MOVE-23,subject9,HumanCalib-R,Cam22,Cam25,0.0901490024196632,0.3223902678422644,1.0017074218148343
I-MOVE-23,subject9,HumanCalib-R,Cam22,Cam26,0.4859835835943111,0.159919451948729,1.0005762520354282
I-MOVE-23,subject9,HumanCalib-R,Cam22,Cam27,0.2672632959078549,0.0369680246503368,1.0010295013778592
I-MOVE-23,subject9,HumanCalib-R,Cam22,Cam28,0.2052617329582763,0.1216690226832345,1.0002460734617602
I-MOVE-23,subject9,HumanCalib-R,Cam22,Cam29,0.2494121870920323,0.2295408236972126,0.9975466016833656
I-MOVE-23,subject9,HumanCalib-R,Cam22,Cam30,0.3282256772925113,0.1831720120699348,1.0010836089284538
I-MOVE-23,subject9,HumanCalib-R,Cam23,Cam24,0.1596530689720293,0.0377453878880109,1.0014962811285042
I-MOVE-23,subject9,HumanCalib-R,Cam23,Cam25,0.4258399501833206,0.0897303658295802,1.00124858934493
I-MOVE-23,subject9,HumanCalib-R,Cam23,Cam26,0.1161016302053404,0.5175454222477934,1.0007758888098166
I-MOVE-23,subject9,HumanCalib-R,Cam23,Cam27,0.1292248723168086,0.2449125903561614,1.0013121228592368
I-MOVE-23,subject9,HumanCalib-R,Cam23,Cam28,0.563662377785076,0.2378696120661957,1.0047061042938328
I-MOVE-23,subject9,HumanCalib-R,Cam23,Cam29,0.5633084644729568,0.15034796299264,1.0006914571598615
I-MOVE-23,subject9,HumanCalib-R,Cam23,Cam30,0.699126962779259,0.2566075966649095,1.0020965423613315
I-MOVE-23,subject9,HumanCalib-R,Cam24,Cam25,0.2834278939289005,0.5395728705595964,1.0019319577350774
I-MOVE-23,subject9,HumanCalib-R,Cam24,Cam26,0.2601841934421052,0.1327325891071397,1.0027722870966356
I-MOVE-23,subject9,HumanCalib-R,Cam24,Cam27,0.1056516629711709,0.067337765219972,1.002709272507097
I-MOVE-23,subject9,HumanCalib-R,Cam24,Cam28,0.4523012515246916,0.1289239164161152,1.0007138967571971
I-MOVE-23,subject9,HumanCalib-R,Cam24,Cam29,0.4211623516913652,0.1540730854210123,1.0016891100991228
I-MOVE-23,subject9,HumanCalib-R,Cam24,Cam30,0.57078886371877,0.3961221513942154,1.0022583736454882
I-MOVE-23,subject9,HumanCalib-R,Cam25,Cam26,0.526937410389125,0.1588310592351983,1.0021804556975844
I-MOVE-23,subject9,HumanCalib-R,Cam25,Cam27,0.3125020105132569,0.1277111637963077,1.0023747589049703
I-MOVE-23,subject9,HumanCalib-R,Cam25,Cam28,0.2151766297225322,0.0816229199339169,1.0012110785775303
I-MOVE-23,subject9,HumanCalib-R,Cam25,Cam29,0.1992278736983104,0.1664757099320202,1.0009556730201494
I-MOVE-23,subject9,HumanCalib-R,Cam25,Cam30,0.3068094832830453,0.0920601836138981,1.0022949571860882
I-MOVE-23,subject9,HumanCalib-R,Cam26,Cam27,0.2192217348735415,0.1606887529109354,1.00585461875173
I-MOVE-23,subject9,HumanCalib-R,Cam26,Cam28,0.6509619898351603,0.2795463229718132,1.007895120817698
I-MOVE-23,subject9,HumanCalib-R,Cam26,Cam29,0.6748869724571112,0.2494991802086959,1.0015205406654435
I-MOVE-23,subject9,HumanCalib-R,Cam26,Cam30,0.807538017505673,0.3371577598656904,1.0046473508812934
I-MOVE-23,subject9,HumanCalib-R,Cam27,Cam28,0.436612701798537,0.4512286443031247,1.0094583188708512
I-MOVE-23,subject9,HumanCalib-R,Cam27,Cam29,0.4721126472476185,0.1635047904888814,1.002144113038918
I-MOVE-23,subject9,HumanCalib-R,Cam27,Cam30,0.5919143230902256,0.3254101596880362,1.0032910556467136
I-MOVE-23,subject9,HumanCalib-R,Cam28,Cam29,0.3244952121168686,0.1091529381907893,1.0021110483395888
I-MOVE-23,subject9,HumanCalib-R,Cam28,Cam30,0.2790824099447799,0.1636209209031844,0.9992073215703658
I-MOVE-23,subject9,HumanCalib-R,Cam29,Cam30,0.2053319148708319,0.0756218958001646,1.0038333853957777
OpenCap,subject10_walking1,HumanCalib-M,Cam0,Cam1,0.4574884369262523,1.1737125876016554,1.004744554948635
OpenCap,subject10_walking1,HumanCalib-M,Cam0,Cam2,1.85941929603851,1.7705877596448352,0.9952328829368068
OpenCap,subject10_walking1,HumanCalib-M,Cam0,Cam3,1.7753666760539717,0.521900029708418,1.005291129429276
OpenCap,subject10_walking1,HumanCalib-M,Cam0,Cam4,2.129589425996614,0.9772396659444896,1.009620748425632
OpenCap,subject10_walking1,HumanCalib-M,Cam1,Cam2,1.490354343058092,2.373640019447029,0.991573644561615
OpenCap,subject10_walking1,HumanCalib-M,Cam1,Cam3,1.340694611135605,0.613471888440116,1.0058611333320195
OpenCap,subject10_walking1,HumanCalib-M,Cam1,Cam4,1.7297104799098817,1.0002314579547111,1.0115254464213677
OpenCap,subject10_walking1,HumanCalib-M,Cam2,Cam3,1.4582975180691466,2.5111643495057248,0.9987466958029932
OpenCap,subject10_walking1,HumanCalib-M,Cam2,Cam4,1.7711188530880435,1.6536862593422264,1.0095123145242193
OpenCap,subject10_walking1,HumanCalib-M,Cam3,Cam4,0.6440955819305336,0.8095194871839285,1.0276979060172042
OpenCap,subject10_walking2,HumanCalib-M,Cam0,Cam1,0.5923041572290381,1.5125728685429547,1.0033150123513883
OpenCap,subject10_walking2,HumanCalib-M,Cam0,Cam2,1.9485050975119416,1.869407027390423,0.996435955378206
OpenCap,subject10_walking2,HumanCalib-M,Cam0,Cam3,1.7694752791785886,0.5944780543604032,1.0064514793103398
OpenCap,subject10_walking2,HumanCalib-M,Cam0,Cam4,1.9782396114884544,1.002726421551426,1.0103248200833674
OpenCap,subject10_walking2,HumanCalib-M,Cam1,Cam2,1.4852906688510277,2.3079999847168278,0.99263907914311
OpenCap,subject10_walking2,HumanCalib-M,Cam1,Cam3,1.248122998070622,0.652329705180166,1.0050870141775363
OpenCap,subject10_walking2,HumanCalib-M,Cam1,Cam4,1.429241983316067,0.8955100126729884,1.0098476015231337
OpenCap,subject10_walking2,HumanCalib-M,Cam2,Cam3,1.4267915436503666,2.460702561635421,0.9982046715589292
OpenCap,subject10_walking2,HumanCalib-M,Cam2,Cam4,1.616740170705186,1.4574633900786196,1.0074566553608513
OpenCap,subject10_walking2,HumanCalib-M,Cam3,Cam4,0.4810572687506695,0.4725639427088525,1.022922159692664
OpenCap,subject11_walking2,HumanCalib-M,Cam0,Cam1,0.3009894881194362,0.6032850216232316,0.9984704982550816
OpenCap,subject11_walking2,HumanCalib-M,Cam0,Cam2,2.4447701903887658,2.8998289816510057,0.9961902254799464
OpenCap,subject11_walking2,HumanCalib-M,Cam0,Cam3,0.3728277936005151,0.05415013494677,1.0034411483468109
OpenCap,subject11_walking2,HumanCalib-M,Cam0,Cam4,0.7650829123474121,0.3349128356224961,1.005974210300545
OpenCap,subject11_walking2,HumanCalib-M,Cam1,Cam2,2.1636444200431093,3.993189644820857,0.9969858392696124
OpenCap,subject11_walking2,HumanCalib-M,Cam1,Cam3,0.3743247945978504,0.2355819585914628,1.0047284033949606
OpenCap,subject11_walking2,HumanCalib-M,Cam1,Cam4,0.8924434500167345,0.3788202947697224,1.008209638896992
OpenCap,subject11_walking2,HumanCalib-M,Cam2,Cam3,2.3185585468220378,3.443315606849294,0.9851251409160846
OpenCap,subject11_walking2,HumanCalib-M,Cam2,Cam4,2.5196083949356525,1.5259392261884954,0.9998465366405368
OpenCap,subject11_walking2,HumanCalib-M,Cam3,Cam4,0.7485394831566623,0.3370194232244886,1.0237941603916016
OpenCap,subject11_walking3,HumanCalib-M,Cam0,Cam1,0.5649409904474516,0.7718735470167266,1.0050033295739818
OpenCap,subject11_walking3,HumanCalib-M,Cam0,Cam2,2.5119672613324524,2.89650930243976,1.011831390190752
OpenCap,subject11_walking3,HumanCalib-M,Cam0,Cam3,0.5595702456446987,0.208144252336809,1.0223811188352063
OpenCap,subject11_walking3,HumanCalib-M,Cam0,Cam4,0.126402060430984,0.180468858333458,1.023013309938728
OpenCap,subject11_walking3,HumanCalib-M,Cam1,Cam2,2.1373568298748427,3.9121123031785774,1.017155745638986
OpenCap,subject11_walking3,HumanCalib-M,Cam1,Cam3,0.4581740986425536,0.3205196554915865,1.0263305516014607
OpenCap,subject11_walking3,HumanCalib-M,Cam1,Cam4,0.5299959987944095,0.4391105497858185,1.02684621830707
OpenCap,subject11_walking3,HumanCalib-M,Cam2,Cam3,2.326661681869405,3.422381798523906,1.0069068453207752
OpenCap,subject11_walking3,HumanCalib-M,Cam2,Cam4,2.474344485135884,1.369874118438077,1.0194686218639633
OpenCap,subject11_walking3,HumanCalib-M,Cam3,Cam4,0.4442518793590126,1.0088237934649686,1.041386814218095
OpenCap,subject2_walking1,HumanCalib-M,Cam0,Cam1,1.10246209154277,1.7694284032118732,1.0277170363254502
OpenCap,subject2_walking1,HumanCalib-M,Cam0,Cam2,2.0874817017090668,1.1291031285709667,1.0112541235936596
OpenCap,subject2_walking1,HumanCalib-M,Cam0,Cam3,2.79334694877839,1.156463390130637,1.0105494985962418
OpenCap,subject2_walking1,HumanCalib-M,Cam0,Cam4,3.2537298536605244,1.5738190408606925,1.0119208136192768
OpenCap,subject2_walking1,HumanCalib-M,Cam1,Cam2,1.2206710887527163,1.5057677729186705,1.0013229821799716
OpenCap,subject2_walking1,HumanCalib-M,Cam1,Cam3,1.956931355934554,1.199060954060714,1.0021275854834026
OpenCap,subject2_walking1,HumanCalib-M,Cam1,Cam4,2.294866496441027,1.3527074323052262,1.0067203770244255
OpenCap,subject2_walking1,HumanCalib-M,Cam2,Cam3,1.398277604790791,1.914702097677734,0.9881561633340868
OpenCap,subject2_walking1,HumanCalib-M,Cam2,Cam4,1.6220870504926783,1.5092981284673874,1.001256324316934
OpenCap,subject2_walking1,HumanCalib-M,Cam3,Cam4,0.6323902847842211,1.1178590639259978,1.0286999334640214
OpenCap,subject2_walking2,HumanCalib-M,Cam0,Cam1,1.183816297418776,2.0520939369519127,1.027569825188943
OpenCap,subject2_walking2,HumanCalib-M,Cam0,Cam2,2.2268976585010845,1.2045949386798112,1.012153376013838
OpenCap,subject2_walking2,HumanCalib-M,Cam0,Cam3,2.9785650747478334,1.1975154361458504,1.0099321349634949
OpenCap,subject2_walking2,HumanCalib-M,Cam0,Cam4,3.419433281856759,1.5960654067855824,1.0134296462254913
OpenCap,subject2_walking2,HumanCalib-M,Cam1,Cam2,1.3054438935890038,1.6115562689000886,1.0013774216745048
OpenCap,subject2_walking2,HumanCalib-M,Cam1,Cam3,2.156941550156872,1.2421613978665769,1.0005178363081917
OpenCap,subject2_walking2,HumanCalib-M,Cam1,Cam4,2.436874626105564,1.3443778464413123,1.008000390292689
OpenCap,subject2_walking2,HumanCalib-M,Cam2,Cam3,1.4194534447941034,1.6206404828919294,0.9916162276938748
OpenCap,subject2_walking2,HumanCalib-M,Cam2,Cam4,1.645695880666594,1.400650238918569,1.007780720170621
OpenCap,subject2_walking2,HumanCalib-M,Cam3,Cam4,0.6850645358382623,1.2851389068729908,1.038489065475758
OpenCap,subject3_walking1,HumanCalib-M,Cam0,Cam1,0.6583508766088367,1.4129696427021528,0.9905352165776862
OpenCap,subject3_walking1,HumanCalib-M,Cam0,Cam2,1.836033040295329,1.5234697182219337,0.9868350675518364
OpenCap,subject3_walking1,HumanCalib-M,Cam0,Cam3,1.665156142955554,0.5833271455910329,0.9969957333631946
OpenCap,subject3_walking1,HumanCalib-M,Cam0,Cam4,2.437229018915692,1.0755493637346876,0.9971467676097674
OpenCap,subject3_walking1,HumanCalib-M,Cam1,Cam2,1.2269015048567378,1.7691359777245477,0.9831600347367146
OpenCap,subject3_walking1,HumanCalib-M,Cam1,Cam3,1.0820889896533883,0.6054854731145184,0.99481909044361
OpenCap,subject3_walking1,HumanCalib-M,Cam1,Cam4,1.931143741140475,1.0084095813739806,0.9934569898035068
OpenCap,subject3_walking1,HumanCalib-M,Cam2,Cam3,1.111380035961523,1.727646359272499,0.9923071351713282
OpenCap,subject3_walking1,HumanCalib-M,Cam2,Cam4,1.7924143760494582,1.3693411581263004,0.9882481380095344
OpenCap,subject3_walking1,HumanCalib-M,Cam3,Cam4,0.9014739547716146,1.1616217824294546,0.9811842022990712
OpenCap,subject3_walking2,HumanCalib-M,Cam0,Cam1,0.6629514427670473,1.4478099969065226,0.9935462261815688
OpenCap,subject3_walking2,HumanCalib-M,Cam0,Cam2,1.802741208866031,1.4557390326152748,0.9857751654251024
OpenCap,subject3_walking2,HumanCalib-M,Cam0,Cam3,1.81275712013096,0.6389610446338054,0.9940495606481082
OpenCap,subject3_walking2,HumanCalib-M,Cam0,Cam4,2.496829648259668,1.2048885384807102,0.995251402829416
OpenCap,subject3_walking2,HumanCalib-M,Cam1,Cam2,1.1833990927505431,1.647648724802325,0.9803243758421728
OpenCap,subject3_walking2,HumanCalib-M,Cam1,Cam3,1.2518491153330475,0.6309315418700125,0.9908460427320808
OpenCap,subject3_walking2,HumanCalib-M,Cam1,Cam4,2.007992690620831,1.125000722530387,0.990704022414037
OpenCap,subject3_walking2,HumanCalib-M,Cam2,Cam3,1.087064396469258,1.6598681023853006,0.9865184733469364
OpenCap,subject3_walking2,HumanCalib-M,Cam2,Cam4,1.7424358531496529,1.424898503252393,0.983002532293496
OpenCap,subject3_walking2,HumanCalib-M,Cam3,Cam4,0.7975322564545778,1.216689269701429,0.9742231663624324
OpenCap,subject4_walking1,HumanCalib-M,Cam0,Cam1,0.8275096392229779,1.1821452617109318,1.0255677419887177
OpenCap,subject4_walking1,HumanCalib-M,Cam0,Cam2,2.2652488544683784,1.8923140571227144,0.99431706077757
OpenCap,subject4_walking1,HumanCalib-M,Cam0,Cam3,2.3046503122684348,0.8890829966836029,1.006616151633341
OpenCap,subject4_walking1,HumanCalib-M,Cam0,Cam4,2.7310811302214586,1.2350567318768522,1.009773610861523
OpenCap,subject4_walking1,HumanCalib-M,Cam1,Cam2,1.862044568779152,2.808024823200652,0.978176797582292
OpenCap,subject4_walking1,HumanCalib-M,Cam1,Cam3,1.5798964327926477,0.7503081979666509,1.0011625646858808
OpenCap,subject4_walking1,HumanCalib-M,Cam1,Cam4,1.9792101743807144,1.0165079926212928,1.0062604495534326
OpenCap,subject4_walking1,HumanCalib-M,Cam2,Cam3,1.6851496702603823,2.862125589948497,0.9966746189725136
OpenCap,subject4_walking1,HumanCalib-M,Cam2,Cam4,1.880641887474954,1.7196359898574975,1.0003582817755323
OpenCap,subject4_walking1,HumanCalib-M,Cam3,Cam4,0.4433900622585125,0.889624605524674,1.00838320855515
OpenCap,subject4_walking2,HumanCalib-M,Cam0,Cam1,0.8361081827900326,1.4390478603897114,1.016389267585533
OpenCap,subject4_walking2,HumanCalib-M,Cam0,Cam2,2.1649882792814377,1.8601931698692344,0.9943307735044382
OpenCap,subject4_walking2,HumanCalib-M,Cam0,Cam3,2.362990913272612,0.941006154055232,1.0070671224237764
OpenCap,subject4_walking2,HumanCalib-M,Cam0,Cam4,2.848319964831301,1.2995069326292052,1.0099137418668804
OpenCap,subject4_walking2,HumanCalib-M,Cam1,Cam2,1.8216415362504463,2.700651340718357,0.9811568483694214
OpenCap,subject4_walking2,HumanCalib-M,Cam1,Cam3,1.6621520708588835,0.8417368039617965,1.0009661789172364
OpenCap,subject4_walking2,HumanCalib-M,Cam1,Cam4,2.1094869146685395,1.1218338230854796,1.0050952658716528
OpenCap,subject4_walking2,HumanCalib-M,Cam2,Cam3,1.7471238412623975,2.966842514181045,0.997111054487238
OpenCap,subject4_walking2,HumanCalib-M,Cam2,Cam4,2.013093775697583,1.821361053636822,1.001244828902455
OpenCap,subject4_walking2,HumanCalib-M,Cam3,Cam4,0.5108031474786102,0.9125018301399426,1.0109668943500705
OpenCap,subject5_walking1,HumanCalib-M,Cam0,Cam1,0.6969682093007853,0.8163576827100782,0.998107346198092
OpenCap,subject5_walking1,HumanCalib-M,Cam0,Cam2,2.2876214263266825,1.7678835782243707,0.992401267159842
OpenCap,subject5_walking1,HumanCalib-M,Cam0,Cam3,2.794494191257099,1.3449055589414982,1.001791666792662
OpenCap,subject5_walking1,HumanCalib-M,Cam0,Cam4,2.814267303521995,1.2674608591949164,1.0066759120492164
OpenCap,subject5_walking1,HumanCalib-M,Cam1,Cam2,1.8833562146187943,2.829036138412054,0.988097268898488
OpenCap,subject5_walking1,HumanCalib-M,Cam1,Cam3,2.1303173865482306,1.282116908520856,0.9963385106752488
OpenCap,subject5_walking1,HumanCalib-M,Cam1,Cam4,2.1286160237909098,1.0184354760352958,1.00435827102727
OpenCap,subject5_walking1,HumanCalib-M,Cam2,Cam3,2.119971197526899,3.084720742651648,0.9779636959298932
OpenCap,subject5_walking1,HumanCalib-M,Cam2,Cam4,1.7411558750075509,1.6481033942682068,1.0009339003039894
OpenCap,subject5_walking1,HumanCalib-M,Cam3,Cam4,0.8891362104399405,1.282049172003332,1.0460813166672494
OpenCap,subject5_walking2,HumanCalib-M,Cam0,Cam1,0.7355260666136948,0.960657112948474,1.0060613509734506
OpenCap,subject5_walking2,HumanCalib-M,Cam0,Cam2,2.225910758046324,1.71696136996927,0.9965296386102248
OpenCap,subject5_walking2,HumanCalib-M,Cam0,Cam3,2.8143105794821413,1.5054207280465453,1.006398758507985
OpenCap,subject5_walking2,HumanCalib-M,Cam0,Cam4,2.9149458205192227,1.3332467667508705,1.008697244667926
OpenCap,subject5_walking2,HumanCalib-M,Cam1,Cam2,1.823577918242316,2.771059475356367,0.990297896109844
OpenCap,subject5_walking2,HumanCalib-M,Cam1,Cam3,2.159515220649192,1.5450977676933002,0.9989060771907587
OpenCap,subject5_walking2,HumanCalib-M,Cam1,Cam4,2.20868253790876,1.068496674981203,1.00511760665386
OpenCap,subject5_walking2,HumanCalib-M,Cam2,Cam3,2.176326530528353,3.3820748179022293,0.9748191464748504
OpenCap,subject5_walking2,HumanCalib-M,Cam2,Cam4,1.8285806445347432,1.7112522123393707,1.000146633373605
OpenCap,subject5_walking2,HumanCalib-M,Cam3,Cam4,0.7797491553363474,1.80235825887232,1.0527939725073865
OpenCap,subject7_walking1,HumanCalib-M,Cam0,Cam1,0.93976885252653,1.5970622244375343,1.03537117532475
OpenCap,subject7_walking1,HumanCalib-M,Cam0,Cam2,2.010520082732936,1.1465776892731516,0.9966176423136184
OpenCap,subject7_walking1,HumanCalib-M,Cam0,Cam3,2.2161804283619797,0.7753431187677517,1.0136306536058874
OpenCap,subject7_walking1,HumanCalib-M,Cam0,Cam4,2.647486539648156,1.280731414164212,1.01635059020604
OpenCap,subject7_walking1,HumanCalib-M,Cam1,Cam2,1.8423269423953568,1.6229794852227566,0.9748763277258404
OpenCap,subject7_walking1,HumanCalib-M,Cam1,Cam3,1.7721517448886632,0.9294162508580166,1.0045216396835086
OpenCap,subject7_walking1,HumanCalib-M,Cam1,Cam4,2.1477368282603635,1.2211784907777858,1.0102393837586268
OpenCap,subject7_walking1,HumanCalib-M,Cam2,Cam3,1.090968836943773,2.010322136912148,1.01432008177521
OpenCap,subject7_walking1,HumanCalib-M,Cam2,Cam4,1.4724551621657946,1.457655495599276,1.0151886576672735
OpenCap,subject7_walking1,HumanCalib-M,Cam3,Cam4,0.4638978572827298,1.1523372366655495,1.0216181138530744
OpenCap,subject7_walking2,HumanCalib-M,Cam0,Cam1,0.8644979086346295,1.5703356428139288,1.0473263830833324
OpenCap,subject7_walking2,HumanCalib-M,Cam0,Cam2,2.205593428852562,1.357860809441086,1.0070784646064463
OpenCap,subject7_walking2,HumanCalib-M,Cam0,Cam3,2.480693376852836,0.9392226928522616,1.0243741943192763
OpenCap,subject7_walking2,HumanCalib-M,Cam0,Cam4,2.957231005213932,1.486008401588146,1.029796572754199
OpenCap,subject7_walking2,HumanCalib-M,Cam1,Cam2,1.868390196485544,1.6902753777819497,0.9853153348853296
OpenCap,subject7_walking2,HumanCalib-M,Cam1,Cam3,1.8576117985315477,0.8294206886632818,1.0176552955749776
OpenCap,subject7_walking2,HumanCalib-M,Cam1,Cam4,2.205291141929286,1.2989796034592305,1.0266611841057682
OpenCap,subject7_walking2,HumanCalib-M,Cam2,Cam3,1.2630659035036365,2.0222359583601577,1.03458809421271
OpenCap,subject7_walking2,HumanCalib-M,Cam2,Cam4,1.931854150997265,1.6683593765725575,1.036296703327085
OpenCap,subject7_walking2,HumanCalib-M,Cam3,Cam4,0.7615639983609966,1.513637215752076,1.0423719192197796
OpenCap,subject8_walking1,HumanCalib-M,Cam0,Cam1,0.99280387711892,0.9153463360954422,1.0544402994211215
OpenCap,subject8_walking1,HumanCalib-M,Cam0,Cam2,2.358529226261188,2.049386175297049,1.0155823428067878
OpenCap,subject8_walking1,HumanCalib-M,Cam0,Cam3,2.4162408432233864,0.960266257908248,1.0257261728043168
OpenCap,subject8_walking1,HumanCalib-M,Cam0,Cam4,2.9256508027026653,1.2965458183013563,1.0315462413106016
OpenCap,subject8_walking1,HumanCalib-M,Cam1,Cam2,2.319863282425427,3.398355151056262,0.9944377132184832
OpenCap,subject8_walking1,HumanCalib-M,Cam1,Cam3,1.9937646839291956,0.8064998777164222,1.0165033314390812
OpenCap,subject8_walking1,HumanCalib-M,Cam1,Cam4,2.2589899828583677,1.007349895861941,1.027320774398004
OpenCap,subject8_walking1,HumanCalib-M,Cam2,Cam3,2.089238422569752,3.289902318307924,1.014492004095934
OpenCap,subject8_walking1,HumanCalib-M,Cam2,Cam4,2.069320921857005,1.83020936243402,1.028815816131135
OpenCap,subject8_walking1,HumanCalib-M,Cam3,Cam4,1.0396749128958778,0.6140689085278939,1.054451074550428
OpenCap,subject8_walking2,HumanCalib-M,Cam0,Cam1,1.0129602735989711,0.7340921430142686,1.0592979822389137
OpenCap,subject8_walking2,HumanCalib-M,Cam0,Cam2,2.209967945017568,1.933685814594452,1.0208109369316292
OpenCap,subject8_walking2,HumanCalib-M,Cam0,Cam3,2.2557967617897003,0.969974442638079,1.027870680906711
OpenCap,subject8_walking2,HumanCalib-M,Cam0,Cam4,2.7547739996704923,1.2672638814249433,1.0287816881942755
OpenCap,subject8_walking2,HumanCalib-M,Cam1,Cam2,2.270930337967111,3.3231308923622507,0.9994964671276964
OpenCap,subject8_walking2,HumanCalib-M,Cam1,Cam3,1.929821929465243,0.9416665314126272,1.0175408023662629
OpenCap,subject8_walking2,HumanCalib-M,Cam1,Cam4,2.280730445442342,1.041829940348992,1.02350932193475
OpenCap,subject8_walking2,HumanCalib-M,Cam2,Cam3,2.064146154762359,3.239932307709151,1.0148974155519328
OpenCap,subject8_walking2,HumanCalib-M,Cam2,Cam4,2.009206076364705,1.7703588204580507,1.0260482950936325
OpenCap,subject8_walking2,HumanCalib-M,Cam3,Cam4,0.7524663015860685,0.8956724229933564,1.0500482581687702
OpenCap,subject9_walking1,HumanCalib-M,Cam0,Cam1,0.3153211489553477,1.3008814931393626,1.014420875665433
OpenCap,subject9_walking1,HumanCalib-M,Cam0,Cam2,1.6419374657782158,1.4875066870606903,1.0062637394087866
OpenCap,subject9_walking1,HumanCalib-M,Cam0,Cam3,2.608167375359999,0.9185784728931,1.017468544223142
OpenCap,subject9_walking1,HumanCalib-M,Cam0,Cam4,3.9498819407458696,1.854561345343672,1.0154822370119945
OpenCap,subject9_walking1,HumanCalib-M,Cam1,Cam2,1.6939457261842048,2.6313571919336614,1.0062687122115352
OpenCap,subject9_walking1,HumanCalib-M,Cam1,Cam3,2.3616815723073654,0.9676450680969352,1.0261879093398452
OpenCap,subject9_walking1,HumanCalib-M,Cam1,Cam4,3.7252418662399416,1.9610545499654852,1.0284922998757011
OpenCap,subject9_walking1,HumanCalib-M,Cam2,Cam3,2.2195872412051294,3.1440939465485185,1.030243856894884
OpenCap,subject9_walking1,HumanCalib-M,Cam2,Cam4,3.296969983493875,1.9303380309768023,1.0448669488658888
OpenCap,subject9_walking1,HumanCalib-M,Cam3,Cam4,1.5937740746742748,1.9781649536030448,1.0820605911611332
OpenCap,subject9_walking2,HumanCalib-M,Cam0,Cam1,0.3514734096925185,0.9565149626138902,1.0081812342387402
OpenCap,subject9_walking2,HumanCalib-M,Cam0,Cam2,1.6617191832367912,1.559248650524844,1.0083608419023142
OpenCap,subject9_walking2,HumanCalib-M,Cam0,Cam3,2.613584944282824,1.0023074922947643,1.0203164164990803
OpenCap,subject9_walking2,HumanCalib-M,Cam0,Cam4,4.092404112702325,1.9195547826197088,1.0199346467895103
OpenCap,subject9_walking2,HumanCalib-M,Cam1,Cam2,1.750606538781413,2.702201476445574,1.0121734411294627
OpenCap,subject9_walking2,HumanCalib-M,Cam1,Cam3,2.39699612675144,0.9733236133785574,1.0306980863342663
OpenCap,subject9_walking2,HumanCalib-M,Cam1,Cam4,3.857731209793387,1.8365836378719975,1.0330018650236137
OpenCap,subject9_walking2,HumanCalib-M,Cam2,Cam3,2.217515111933601,3.0804973707445367,1.035740669306875
OpenCap,subject9_walking2,HumanCalib-M,Cam2,Cam4,3.3874742466180106,1.8543353042816348,1.0475251360668845
OpenCap,subject9_walking2,HumanCalib-M,Cam3,Cam4,1.673233488699453,1.3835986839190608,1.077397656293434
OpenCap,subject10_walking1,HumanCalib-R,Cam0,Cam1,1.0430428329130208,2.023170058991306,0.9964567600992332
OpenCap,subject10_walking1,HumanCalib-R,Cam0,Cam2,2.657707634403666,1.6787682903070424,0.9898529015356204
OpenCap,subject10_walking1,HumanCalib-R,Cam0,Cam3,3.164325899309674,1.0657123223713854,1.008250252570535
OpenCap,subject10_walking1,HumanCalib-R,Cam0,Cam4,4.195468286703286,2.082422193047023,1.0112262371722114
OpenCap,subject10_walking1,HumanCalib-R,Cam1,Cam2,1.6813185975197882,2.073083241705752,0.9867186050968344
OpenCap,subject10_walking1,HumanCalib-R,Cam1,Cam3,2.1541771653967774,1.0117275027465928,1.0078696087705596
OpenCap,subject10_walking1,HumanCalib-R,Cam1,Cam4,3.204726706796432,1.9181746976066216,1.0086450763359107
OpenCap,subject10_walking1,HumanCalib-R,Cam2,Cam3,1.467004247619911,2.6962247014986787,0.9947599066760072
OpenCap,subject10_walking1,HumanCalib-R,Cam2,Cam4,2.392839627675209,2.515221226410446,0.9949539479071208
OpenCap,subject10_walking1,HumanCalib-R,Cam3,Cam4,1.0768976684376967,2.2473286001539567,0.9959362563856556
OpenCap,subject10_walking2,HumanCalib-R,Cam0,Cam1,0.813809587743243,1.718915606086896,0.9801896917312644
OpenCap,subject10_walking2,HumanCalib-R,Cam0,Cam2,2.5464890735856622,1.6074636493160916,0.9785682003841502
OpenCap,subject10_walking2,HumanCalib-R,Cam0,Cam3,2.9825420947082635,0.9770289020784432,1.0005808563729808
OpenCap,subject10_walking2,HumanCalib-R,Cam0,Cam4,3.914652988833486,1.9038265300049892,1.005295567364612
OpenCap,subject10_walking2,HumanCalib-R,Cam1,Cam2,1.7496276580694052,1.8876428348768304,0.976094148481774
OpenCap,subject10_walking2,HumanCalib-R,Cam1,Cam3,2.231469219584449,1.1945068414720796,0.99969680924695
OpenCap,subject10_walking2,HumanCalib-R,Cam1,Cam4,3.188081970080105,1.9772791750998304,1.0023338064552831
OpenCap,subject10_walking2,HumanCalib-R,Cam2,Cam3,1.4514093776733317,2.784776707917668,0.9911038672288264
OpenCap,subject10_walking2,HumanCalib-R,Cam2,Cam4,2.281051263441715,2.482818502790224,0.9936317455718614
OpenCap,subject10_walking2,HumanCalib-R,Cam3,Cam4,0.9741798951394616,2.1356736254646016,0.9989655305284292
OpenCap,subject11_walking2,HumanCalib-R,Cam0,Cam1,1.0490980142462427,1.15877136116111,0.9589305586436052
OpenCap,subject11_walking2,HumanCalib-R,Cam0,Cam2,3.279726221875968,3.0630159523549687,0.9630370765125986
OpenCap,subject11_walking2,HumanCalib-R,Cam0,Cam3,2.457472952528432,1.191107982419238,0.982702949160242
OpenCap,subject11_walking2,HumanCalib-R,Cam0,Cam4,2.7667001581725184,1.4715357349010068,0.9904057836779492
OpenCap,subject11_walking2,HumanCalib-R,Cam1,Cam2,2.3402348016327803,3.7546416936587264,0.9612083011715836
OpenCap,subject11_walking2,HumanCalib-R,Cam1,Cam3,1.618429063137584,1.0726282865479406,0.9786237510630696
OpenCap,subject11_walking2,HumanCalib-R,Cam1,Cam4,2.0543911902003584,1.3358217726081074,0.9846938373776452
OpenCap,subject11_walking2,HumanCalib-R,Cam2,Cam3,2.509814957697185,3.487582490944283,0.962847399840277
OpenCap,subject11_walking2,HumanCalib-R,Cam2,Cam4,3.0509810451626422,2.322297543624711,0.9731735928573528
OpenCap,subject11_walking2,HumanCalib-R,Cam3,Cam4,0.5843015512477959,1.3825119384420252,0.9883279321915136
OpenCap,subject11_walking3,HumanCalib-R,Cam0,Cam1,1.2539796011526565,1.8727471470839745,0.9725838836931836
OpenCap,subject11_walking3,HumanCalib-R,Cam0,Cam2,3.245274756554841,2.739868698238299,0.972967167333103
OpenCap,subject11_walking3,HumanCalib-R,Cam0,Cam3,3.198856949605061,1.482680897249249,0.9937001942258866
OpenCap,subject11_walking3,HumanCalib-R,Cam0,Cam4,4.271844877140129,2.11442923845262,1.0007128882055951
OpenCap,subject11_walking3,HumanCalib-R,Cam1,Cam2,2.1919392202083814,3.3529664451582426,0.9700217216287872
OpenCap,subject11_walking3,HumanCalib-R,Cam1,Cam3,2.147325919544624,1.2988026678378612,0.9879197388013916
OpenCap,subject11_walking3,HumanCalib-R,Cam1,Cam4,3.252818308844275,1.82265307207607,0.9929691507224072
OpenCap,subject11_walking3,HumanCalib-R,Cam2,Cam3,2.554700667267277,3.5672218803129008,0.9624734460187708
OpenCap,subject11_walking3,HumanCalib-R,Cam2,Cam4,3.478650670453131,2.78388579859914,0.97359655495246
OpenCap,subject11_walking3,HumanCalib-R,Cam3,Cam4,1.1740090814991069,1.999462721775657,0.989996171969884
OpenCap,subject2_walking1,HumanCalib-R,Cam0,Cam1,0.3283668118931874,0.3601566338136843,0.991575771235245
OpenCap,subject2_walking1,HumanCalib-R,Cam0,Cam2,1.3263032319198294,1.2127461755892102,0.9819292212489256
OpenCap,subject2_walking1,HumanCalib-R,Cam0,Cam3,2.085878222335056,1.2961450946442574,0.984438147095379
OpenCap,subject2_walking1,HumanCalib-R,Cam0,Cam4,3.048437842161219,1.6517659574868382,0.9842479852713129
OpenCap,subject2_walking1,HumanCalib-R,Cam1,Cam2,1.0533620577878349,1.4101372665609289,0.9747928376877076
OpenCap,subject2_walking1,HumanCalib-R,Cam1,Cam3,1.9630529845645577,1.3665402315014283,0.9759592646796508
OpenCap,subject2_walking1,HumanCalib-R,Cam1,Cam4,2.902252344527172,1.584897334562164,0.9751428314791796
OpenCap,subject2_walking1,HumanCalib-R,Cam2,Cam3,1.6849890318238656,1.9794084094537052,0.9571703354647256
OpenCap,subject2_walking1,HumanCalib-R,Cam2,Cam4,2.556882415090546,1.3624134350578645,0.9591931850853886
OpenCap,subject2_walking1,HumanCalib-R,Cam3,Cam4,1.0436392540770776,0.5209678990767856,0.9622564989820832
OpenCap,subject2_walking2,HumanCalib-R,Cam0,Cam1,0.3431961393113654,0.7974299140965462,0.9970667915295728
OpenCap,subject2_walking2,HumanCalib-R,Cam0,Cam2,1.4050354812990795,1.46636187855476,0.9904427950748986
OpenCap,subject2_walking2,HumanCalib-R,Cam0,Cam3,1.7808523842649966,1.020802022636077,0.9881949673546768
OpenCap,subject2_walking2,HumanCalib-R,Cam0,Cam4,2.682639375147432,1.3078857475384558,0.988421143026419
OpenCap,subject2_walking2,HumanCalib-R,Cam1,Cam2,1.0650801404330097,1.6431656526920868,0.9846999613159928
OpenCap,subject2_walking2,HumanCalib-R,Cam1,Cam3,1.658172095208944,1.0117162169702465,0.9809682769453832
OpenCap,subject2_walking2,HumanCalib-R,Cam1,Cam4,2.602415842073668,1.2127572103753297,0.9810084211148108
OpenCap,subject2_walking2,HumanCalib-R,Cam2,Cam3,1.5557447771479658,1.4907097671917946,0.9687307117415188
OpenCap,subject2_walking2,HumanCalib-R,Cam2,Cam4,2.471588891608636,0.86050370797866,0.970880011677529
OpenCap,subject2_walking2,HumanCalib-R,Cam3,Cam4,1.0153812351297673,0.3842967403321359,0.9711879688539352
OpenCap,subject3_walking1,HumanCalib-R,Cam0,Cam1,0.8849916048645733,1.8166161038219195,0.9687867190430148
OpenCap,subject3_walking1,HumanCalib-R,Cam0,Cam2,1.7541846695293424,1.9881295062150104,0.9835751528796955
OpenCap,subject3_walking1,HumanCalib-R,Cam0,Cam3,0.8938481156200159,0.6050641602849768,0.9920995968571013
OpenCap,subject3_walking1,HumanCalib-R,Cam0,Cam4,1.942050880621564,0.9098822973830673,0.9876276488500044
OpenCap,subject3_walking1,HumanCalib-R,Cam1,Cam2,0.9361377147015604,1.7685107627408665,0.991737915141394
OpenCap,subject3_walking1,HumanCalib-R,Cam1,Cam3,0.118986350743425,0.2191688628703075,0.9982200273837666
OpenCap,subject3_walking1,HumanCalib-R,Cam1,Cam4,1.4285026716153262,0.630428401009501,0.9894519884350812
OpenCap,subject3_walking1,HumanCalib-R,Cam2,Cam3,1.0017634907825232,1.3114642524633773,1.000499916561567
OpenCap,subject3_walking1,HumanCalib-R,Cam2,Cam4,1.8283522637730505,0.9204573032424004,0.9852527075812104
OpenCap,subject3_walking1,HumanCalib-R,Cam3,Cam4,1.319593133930766,1.0800822349463446,0.9585715750993096
OpenCap,subject3_walking2,HumanCalib-R,Cam0,Cam1,0.9266266657367168,1.928821546616451,0.9679690726415476
OpenCap,subject3_walking2,HumanCalib-R,Cam0,Cam2,1.8536142277228056,1.978896917536951,0.9787958431910688
OpenCap,subject3_walking2,HumanCalib-R,Cam0,Cam3,1.238007548658547,0.6584453294907593,0.986335252743389
OpenCap,subject3_walking2,HumanCalib-R,Cam0,Cam4,2.3438725691720994,1.2300623328765985,0.9830202204357856
OpenCap,subject3_walking2,HumanCalib-R,Cam1,Cam2,0.9770969070582642,1.779532637069655,0.984057328058835
OpenCap,subject3_walking2,HumanCalib-R,Cam1,Cam3,0.4310825902523185,0.323982587833783,0.9902922392699772
OpenCap,subject3_walking2,HumanCalib-R,Cam1,Cam4,1.7173931118691057,0.9132331144760714,0.9825672248634572
OpenCap,subject3_walking2,HumanCalib-R,Cam2,Cam3,0.9866300566677436,1.4061274392927874,0.9938489483224736
OpenCap,subject3_walking2,HumanCalib-R,Cam2,Cam4,1.8735643626268268,1.0473604226852185,0.9773598818877174
OpenCap,subject3_walking2,HumanCalib-R,Cam3,Cam4,1.297460962408672,1.0606354444057433,0.944794043557502
OpenCap,subject4_walking1,HumanCalib-R,Cam0,Cam1,0.507257296796658,0.7142077348486293,0.9725412380241084
OpenCap,subject4_walking1,HumanCalib-R,Cam0,Cam2,2.5034351324562683,1.9650217256113565,0.9512166183992332
OpenCap,subject4_walking1,HumanCalib-R,Cam0,Cam3,2.114070880086245,0.914384206789572,0.9724494260809464
OpenCap,subject4_walking1,HumanCalib-R,Cam0,Cam4,2.819641265787007,1.4043959853195864,0.9786929666909092
OpenCap,subject4_walking1,HumanCalib-R,Cam1,Cam2,2.000214551040284,2.581526113780811,0.9372546448664428
OpenCap,subject4_walking1,HumanCalib-R,Cam1,Cam3,1.6884994954136747,0.8506923332218399,0.9654056176995752
OpenCap,subject4_walking1,HumanCalib-R,Cam1,Cam4,2.458641775750399,1.366981115415724,0.9705067321409362
OpenCap,subject4_walking1,HumanCalib-R,Cam2,Cam3,1.3873791536612263,2.462855634425795,0.9594690655300658
OpenCap,subject4_walking1,HumanCalib-R,Cam2,Cam4,2.073325243524649,1.8700458555232748,0.9590595872114136
OpenCap,subject4_walking1,HumanCalib-R,Cam3,Cam4,0.8676190256336739,1.3264628570258077,0.9580846447282486
OpenCap,subject4_walking2,HumanCalib-R,Cam0,Cam1,0.3963676921588973,1.4224689487690187,0.9639521305805504
OpenCap,subject4_walking2,HumanCalib-R,Cam0,Cam2,2.347009782801538,1.906960283639069,0.949633261391309
OpenCap,subject4_walking2,HumanCalib-R,Cam0,Cam3,1.9440163278671991,0.8082010606818877,0.9704102295173151
OpenCap,subject4_walking2,HumanCalib-R,Cam0,Cam4,2.520080705339396,1.264300387173918,0.9773643773605056
OpenCap,subject4_walking2,HumanCalib-R,Cam1,Cam2,1.9591921796192215,2.552987590454592,0.9375025586072327
OpenCap,subject4_walking2,HumanCalib-R,Cam1,Cam3,1.6734766837097723,1.1791741254152388,0.9618938572212162
OpenCap,subject4_walking2,HumanCalib-R,Cam1,Cam4,2.2903402381182896,1.5628083203096368,0.9675477866393756
OpenCap,subject4_walking2,HumanCalib-R,Cam2,Cam3,1.471085830250688,2.675882118139134,0.9569425728863205
OpenCap,subject4_walking2,HumanCalib-R,Cam2,Cam4,1.9586239551790563,1.950821991519821,0.9587853459887372
OpenCap,subject4_walking2,HumanCalib-R,Cam3,Cam4,0.6651516395460413,1.3608251050044875,0.9614610587299398
OpenCap,subject5_walking1,HumanCalib-R,Cam0,Cam1,0.8335049605598362,0.4027855507978675,0.970234146014502
OpenCap,subject5_walking1,HumanCalib-R,Cam0,Cam2,2.5309033512753727,2.069429145745982,0.971757661768268
OpenCap,subject5_walking1,HumanCalib-R,Cam0,Cam3,2.782471969740369,1.554913377598583,0.9877220424397264
OpenCap,subject5_walking1,HumanCalib-R,Cam0,Cam4,3.252646932648563,1.4884719792891936,0.9902277376458836
OpenCap,subject5_walking1,HumanCalib-R,Cam1,Cam2,1.8443015997580747,2.6676804933992737,0.9707347840910844
OpenCap,subject5_walking1,HumanCalib-R,Cam1,Cam3,1.990157676020664,1.3401265786406271,0.9843562938215644
OpenCap,subject5_walking1,HumanCalib-R,Cam1,Cam4,2.451723459559209,1.1540141653578229,0.9864142073688904
OpenCap,subject5_walking1,HumanCalib-R,Cam2,Cam3,1.9299367313595768,2.532679981687706,0.9656185318928744
OpenCap,subject5_walking1,HumanCalib-R,Cam2,Cam4,2.109929701735539,1.1746295609339985,0.9760691632590062
OpenCap,subject5_walking1,HumanCalib-R,Cam3,Cam4,0.4820294322951297,0.9678939342837934,0.9984120108688824
OpenCap,subject5_walking2,HumanCalib-R,Cam0,Cam1,0.9664920515389798,0.3211102628774737,0.9634610879516948
OpenCap,subject5_walking2,HumanCalib-R,Cam0,Cam2,2.595994732450808,1.996057835895717,0.9683170570744136
OpenCap,subject5_walking2,HumanCalib-R,Cam0,Cam3,2.945662646522986,1.8451801293321133,0.9864346430222904
OpenCap,subject5_walking2,HumanCalib-R,Cam0,Cam4,3.513025752177092,1.615145358051507,0.9884291384116478
OpenCap,subject5_walking2,HumanCalib-R,Cam1,Cam2,1.8101983387486535,2.551362358035726,0.96864668903144
OpenCap,subject5_walking2,HumanCalib-R,Cam1,Cam3,2.018177262778305,1.6459195999518552,0.9827925380133342
OpenCap,subject5_walking2,HumanCalib-R,Cam1,Cam4,2.571172793504802,1.2249471956252216,0.9845684398101012
OpenCap,subject5_walking2,HumanCalib-R,Cam2,Cam3,1.9760303052011068,2.9430810434361696,0.9600777001190912
OpenCap,subject5_walking2,HumanCalib-R,Cam2,Cam4,2.1929496902382795,1.3056259482412316,0.974034393759482
OpenCap,subject5_walking2,HumanCalib-R,Cam3,Cam4,0.5868306390089655,1.3476892119132404,1.00517953192666
OpenCap,subject7_walking1,HumanCalib-R,Cam0,Cam1,0.9090086555016296,2.268378143402217,1.006122014820796
OpenCap,subject7_walking1,HumanCalib-R,Cam0,Cam2,2.362652581389931,1.7805633607217497,0.9820102671018068
OpenCap,subject7_walking1,HumanCalib-R,Cam0,Cam3,2.071426425856927,0.8886644767523492,1.0023375369903489
OpenCap,subject7_walking1,HumanCalib-R,Cam0,Cam4,2.9703402133031185,1.481281295049579,1.0086790284905485
OpenCap,subject7_walking1,HumanCalib-R,Cam1,Cam2,1.922777632396857,1.9553383686279096,0.9659710638595832
OpenCap,subject7_walking1,HumanCalib-R,Cam1,Cam3,1.5738080246330195,1.0591911682963988,0.9957895101214812
OpenCap,subject7_walking1,HumanCalib-R,Cam1,Cam4,2.4504858288671314,1.5275103642993615,1.002930902424469
OpenCap,subject7_walking1,HumanCalib-R,Cam2,Cam3,0.9439915233024968,1.7784570794897476,1.0117660929720125
OpenCap,subject7_walking1,HumanCalib-R,Cam2,Cam4,1.970841963768907,1.89965970255154,1.0096040157897144
OpenCap,subject7_walking1,HumanCalib-R,Cam3,Cam4,1.188369103205119,2.577330653599684,1.0082893488964164
OpenCap,subject7_walking2,HumanCalib-R,Cam0,Cam1,1.1372637077969654,2.5390380507577786,1.0038372491004874
OpenCap,subject7_walking2,HumanCalib-R,Cam0,Cam2,2.882180437113356,1.9256202542631653,0.9779573082420314
OpenCap,subject7_walking2,HumanCalib-R,Cam0,Cam3,2.755224463754446,1.2767682833437783,1.0013892934421356
OpenCap,subject7_walking2,HumanCalib-R,Cam0,Cam4,3.6378365448697743,1.9534001391282865,1.0099244840475456
OpenCap,subject7_walking2,HumanCalib-R,Cam1,Cam2,2.014274183069704,1.5786951949785133,0.96214446080056
OpenCap,subject7_walking2,HumanCalib-R,Cam1,Cam3,1.8502489769485104,0.940128823475264,0.9967049065066768
OpenCap,subject7_walking2,HumanCalib-R,Cam1,Cam4,2.713315259358155,1.658284926120548,1.005289540942108
OpenCap,subject7_walking2,HumanCalib-R,Cam2,Cam3,0.7524394350715957,1.5251635178712664,1.0131664994503238
OpenCap,subject7_walking2,HumanCalib-R,Cam2,Cam4,1.853476092546452,1.935457988220244,1.0091294765790306
OpenCap,subject7_walking2,HumanCalib-R,Cam3,Cam4,1.223738378729717,2.8844829477309677,1.0033463924647108
OpenCap,subject8_walking1,HumanCalib-R,Cam0,Cam1,0.3713082276638014,0.5527174573020547,1.0000015138641354
OpenCap,subject8_walking1,HumanCalib-R,Cam0,Cam2,2.172923219833672,2.1652259442960853,0.990249241184154
OpenCap,subject8_walking1,HumanCalib-R,Cam0,Cam3,1.1497271940139926,0.3143675334772944,1.0095466251313217
OpenCap,subject8_walking1,HumanCalib-R,Cam0,Cam4,1.7649287186693734,0.7213654444677041,1.009024201345861
OpenCap,subject8_walking1,HumanCalib-R,Cam1,Cam2,1.874943722986056,3.0197060845546604,0.9848344655539346
OpenCap,subject8_walking1,HumanCalib-R,Cam1,Cam3,0.8626220462324239,0.3727027016594011,1.0099894066689523
OpenCap,subject8_walking1,HumanCalib-R,Cam1,Cam4,1.4531331470326891,0.6864696509420534,1.0068137271589632
OpenCap,subject8_walking1,HumanCalib-R,Cam2,Cam3,1.838665830738425,2.9355811818139164,1.0047942656602633
OpenCap,subject8_walking1,HumanCalib-R,Cam2,Cam4,2.0055470276564216,1.575740686605238,0.9961863025871914
OpenCap,subject8_walking1,HumanCalib-R,Cam3,Cam4,0.6916949412623159,0.2883355305625027,0.9864902639668244
OpenCap,subject8_walking2,HumanCalib-R,Cam0,Cam1,0.2577072944355234,0.5983730315493303,1.009431265457811
OpenCap,subject8_walking2,HumanCalib-R,Cam0,Cam2,2.163581836879284,2.125012379215093,0.9942610774004572
OpenCap,subject8_walking2,HumanCalib-R,Cam0,Cam3,1.1566085615147126,0.5998570999891258,1.0103405221142596
OpenCap,subject8_walking2,HumanCalib-R,Cam0,Cam4,1.9588345649068235,0.8484436841886751,1.0084151472556873
OpenCap,subject8_walking2,HumanCalib-R,Cam1,Cam2,1.915999891076348,2.8441823862716324,0.9843991691026496
OpenCap,subject8_walking2,HumanCalib-R,Cam1,Cam3,1.0191168128502703,0.6966510526780756,1.0068201657373952
OpenCap,subject8_walking2,HumanCalib-R,Cam1,Cam4,1.8410986101387536,0.8564220919738987,1.0037976810088345
OpenCap,subject8_walking2,HumanCalib-R,Cam2,Cam3,1.784235316268104,2.712468963707392,1.005561359653064
OpenCap,subject8_walking2,HumanCalib-R,Cam2,Cam4,2.111299446523444,1.357855219017002,0.9989745722254334
OpenCap,subject8_walking2,HumanCalib-R,Cam3,Cam4,0.8288358543148796,0.6010171939155738,0.9941615524743916
OpenCap,subject9_walking1,HumanCalib-R,Cam0,Cam1,1.2638775878223028,1.3003486338906578,0.9731265513994152
OpenCap,subject9_walking1,HumanCalib-R,Cam0,Cam2,3.0486720813193107,2.462467096581251,0.974680390442372
OpenCap,subject9_walking1,HumanCalib-R,Cam0,Cam3,3.058164203708123,1.858234179189342,0.9947771796397256
OpenCap,subject9_walking1,HumanCalib-R,Cam0,Cam4,3.525329484775072,1.9323745242643309,1.0020215269021653
OpenCap,subject9_walking1,HumanCalib-R,Cam1,Cam2,1.9953228735237285,2.8024105109280666,0.9730868299013132
OpenCap,subject9_walking1,HumanCalib-R,Cam1,Cam3,1.8382606030368471,1.2910485541206265,0.9949537346255268
OpenCap,subject9_walking1,HumanCalib-R,Cam1,Cam4,2.3288352247009407,1.358039984614228,1.0017452661176922
OpenCap,subject9_walking1,HumanCalib-R,Cam2,Cam3,1.98192334435844,3.2989336645309315,0.9923716385110288
OpenCap,subject9_walking1,HumanCalib-R,Cam2,Cam4,2.289204266256276,2.188075677178261,1.0014408343410626
OpenCap,subject9_walking1,HumanCalib-R,Cam3,Cam4,0.5996583033174556,1.1458367333176247,1.018427757739684
OpenCap,subject9_walking2,HumanCalib-R,Cam0,Cam1,1.1557691523949862,0.6917897876421701,0.9625166870094706
OpenCap,subject9_walking2,HumanCalib-R,Cam0,Cam2,2.903043864748709,2.2738495445077334,0.9734804493473562
OpenCap,subject9_walking2,HumanCalib-R,Cam0,Cam3,2.8323543149082435,1.5252736832030005,0.9952830483747008
OpenCap,subject9_walking2,HumanCalib-R,Cam0,Cam4,2.851473701175921,1.5866535380352416,1.0040352243008677
OpenCap,subject9_walking2,HumanCalib-R,Cam1,Cam2,1.93668006787825,2.76074445200415,0.9764066530293836
OpenCap,subject9_walking2,HumanCalib-R,Cam1,Cam3,1.7605198916013822,1.2305840508250436,0.9971556768788314
OpenCap,subject9_walking2,HumanCalib-R,Cam1,Cam4,1.8143698552196763,1.2616729365553792,1.0042913593937697
OpenCap,subject9_walking2,HumanCalib-R,Cam2,Cam3,1.9536789629871123,3.241241032485121,0.9923276592107644
OpenCap,subject9_walking2,HumanCalib-R,Cam2,Cam4,2.007211478520013,1.9822895797270248,1.0017595155627457
OpenCap,subject9_walking2,HumanCalib-R,Cam3,Cam4,0.2385553472916513,0.6004752590674093,1.018543382435876
LBMC,p1_gait,HumanCalib-M,26578,26579,1.5160823844269955,0.984737652515766,1.0084111980259292
LBMC,p1_gait,HumanCalib-M,26578,26580,2.693467984742477,2.8582189271138576,1.051183875208514
LBMC,p1_gait,HumanCalib-M,26578,26582,1.8175341657476345,1.1949548414404976,1.013877264991354
LBMC,p1_gait,HumanCalib-M,26578,26583,0.4001481642303771,0.2767950428764235,0.999848392178401
LBMC,p1_gait,HumanCalib-M,26578,26584,0.2056077249576031,0.1350950994637107,0.9996984482700186
LBMC,p1_gait,HumanCalib-M,26578,26585,1.664198734138962,1.3882593257559557,1.0132135201392574
LBMC,p1_gait,HumanCalib-M,26578,26586,0.5986563169809433,0.7612829063071596,1.0031374406907587
LBMC,p1_gait,HumanCalib-M,26578,26587,0.9963009486193,0.6105647013275453,0.9973664100731674
LBMC,p1_gait,HumanCalib-M,26579,26580,3.919980209625207,1.8783877297235207,1.0226027442237344
LBMC,p1_gait,HumanCalib-M,26579,26582,3.209109479747997,1.585935388149604,1.019548084207481
LBMC,p1_gait,HumanCalib-M,26579,26583,1.3344754096238176,0.690698043203143,1.0051455431071086
LBMC,p1_gait,HumanCalib-M,26579,26584,1.411925753123207,0.3532461162540372,1.0114472621965285
LBMC,p1_gait,HumanCalib-M,26579,26585,0.8243234926455225,0.4064871875284531,1.0046307516832194
LBMC,p1_gait,HumanCalib-M,26579,26586,1.248212492582014,0.5859519050604852,1.0089060981449889
LBMC,p1_gait,HumanCalib-M,26579,26587,1.449521843272278,3.3352582392055887,0.97533112541861
LBMC,p1_gait,HumanCalib-M,26580,26582,2.836005534105433,1.126109931200899,1.0129033266814471
LBMC,p1_gait,HumanCalib-M,26580,26583,2.6717799349855462,2.529996991555336,0.9711645063443032
LBMC,p1_gait,HumanCalib-M,26580,26584,2.6636325853885965,0.7951346575783435,1.0169734712098977
LBMC,p1_gait,HumanCalib-M,26580,26585,3.694827883599256,1.7600426208557565,1.0274257002933451
LBMC,p1_gait,HumanCalib-M,26580,26586,2.740125970190187,1.3087949240071255,1.02602217209255
LBMC,p1_gait,HumanCalib-M,26580,26587,2.7877360956390422,1.4017817561906172,1.016718372803804
LBMC,p1_gait,HumanCalib-M,26582,26583,2.186711058160188,2.610426644862855,0.9795560407088044
LBMC,p1_gait,HumanCalib-M,26582,26584,2.004862284220725,1.2407601947692484,1.031682032038198
LBMC,p1_gait,HumanCalib-M,26582,26585,3.442811980027622,1.7064258471126594,1.0180785157930508
LBMC,p1_gait,HumanCalib-M,26582,26586,2.3780357870305906,1.257045166641222,1.013861284433929
LBMC,p1_gait,HumanCalib-M,26582,26587,2.453575187929074,1.1112121041846172,1.0206480424593125
LBMC,p1_gait,HumanCalib-M,26583,26584,0.2089309687522567,0.1319949846191121,1.0007034745488146
LBMC,p1_gait,HumanCalib-M,26583,26585,1.339358174234499,0.5977122138066866,1.0047595031260312
LBMC,p1_gait,HumanCalib-M,26583,26586,0.2090387450521951,0.1355088319242164,1.0010229581249368
LBMC,p1_gait,HumanCalib-M,26583,26587,0.9371827970976784,0.359986754368402,1.0035962292520195
LBMC,p1_gait,HumanCalib-M,26584,26585,1.5103166091708615,1.0251818986340544,1.0073596618945275
LBMC,p1_gait,HumanCalib-M,26584,26586,0.4154456547630463,0.2942937977372741,1.0021068876881476
LBMC,p1_gait,HumanCalib-M,26584,26587,0.893978879916208,0.636709001900016,1.0141001361897604
LBMC,p1_gait,HumanCalib-M,26585,26586,1.1547695202740007,2.4716955352886543,1.0260624590750262
LBMC,p1_gait,HumanCalib-M,26585,26587,1.7506550721784897,0.5739125704321371,0.987160324701566
LBMC,p1_gait,HumanCalib-M,26586,26587,1.0265426157359836,0.5154393258428185,0.9924429080173284
LBMC,p2_gait,HumanCalib-M,26578,26579,4.248121190331497,3.0844372995753777,1.0379538147687688
LBMC,p2_gait,HumanCalib-M,26578,26580,2.0660082594586213,2.303922709590508,1.0459150929667205
LBMC,p2_gait,HumanCalib-M,26578,26582,3.1540588535880576,1.8863167512672443,1.035426343473921
LBMC,p2_gait,HumanCalib-M,26578,26583,1.7990399756590665,1.2751300152761893,1.02195108676269
LBMC,p2_gait,HumanCalib-M,26578,26584,1.3907247104068212,0.7644643723591121,1.023802871531439
LBMC,p2_gait,HumanCalib-M,26578,26585,3.336327884454318,3.061264044301565,1.0288121441752898
LBMC,p2_gait,HumanCalib-M,26578,26586,1.7346483599141074,1.8584102889752043,1.0215271315784555
LBMC,p2_gait,HumanCalib-M,26578,26587,3.5649815642066125,2.2661905104077893,1.033245090854716
LBMC,p2_gait,HumanCalib-M,26579,26580,6.217285565711716,2.962541962430808,1.037363499197523
LBMC,p2_gait,HumanCalib-M,26579,26582,5.354774508136879,2.3995577260400967,1.0380194634263689
LBMC,p2_gait,HumanCalib-M,26579,26583,4.383292397680935,2.2099441056593383,1.0188191484280182
LBMC,p2_gait,HumanCalib-M,26579,26584,3.640236384743527,1.0187646478359211,1.0440014089387932
LBMC,p2_gait,HumanCalib-M,26579,26585,2.2596910642947527,0.4152578387480261,1.0591200540182566
LBMC,p2_gait,HumanCalib-M,26579,26586,3.125787212831064,0.646941870756937,1.0454335108350858
LBMC,p2_gait,HumanCalib-M,26579,26587,1.2884476351261682,2.428758365535567,1.0364944853856404
LBMC,p2_gait,HumanCalib-M,26580,26582,3.268609621651302,1.3247275423878582,1.0308710021109662
LBMC,p2_gait,HumanCalib-M,26580,26583,2.413907950684085,2.408079354955202,1.015952035644872
LBMC,p2_gait,HumanCalib-M,26580,26584,2.9360331374168807,0.881057414287865,1.025284818268155
LBMC,p2_gait,HumanCalib-M,26580,26585,5.1790619352505205,2.606435369133028,1.0329695516157027
LBMC,p2_gait,HumanCalib-M,26580,26586,3.552363292704661,1.5722267311207423,1.0318994278836795
LBMC,p2_gait,HumanCalib-M,26580,26587,5.39160568849969,2.6137325648131,1.0337302873244658
LBMC,p2_gait,HumanCalib-M,26582,26583,1.9670528528303632,0.8882666997621598,0.9782305258744588
LBMC,p2_gait,HumanCalib-M,26582,26584,2.300193687625502,1.4504763982939424,1.0302483518061143
LBMC,p2_gait,HumanCalib-M,26582,26585,5.571255395172566,2.7954632032706423,1.037612850984385
LBMC,p2_gait,HumanCalib-M,26582,26586,4.354190160243318,2.2279075993718487,1.0331646622957031
LBMC,p2_gait,HumanCalib-M,26582,26587,4.1192078277403965,2.077664288431712,1.034988184296786
LBMC,p2_gait,HumanCalib-M,26583,26584,1.5631781570299488,0.4003489544853871,1.0004870816465348
LBMC,p2_gait,HumanCalib-M,26583,26585,3.956730350315432,1.852407658113569,1.0188306834705798
LBMC,p2_gait,HumanCalib-M,26583,26586,2.658596138717123,1.285551895762493,1.0179523476241767
LBMC,p2_gait,HumanCalib-M,26583,26587,3.349745008090903,1.5873059003595562,1.0148535158432657
LBMC,p2_gait,HumanCalib-M,26584,26585,3.542024057020737,2.212846780582411,1.0395237417019636
LBMC,p2_gait,HumanCalib-M,26584,26586,2.30674766692857,1.3396322929498183,1.028931415725277
LBMC,p2_gait,HumanCalib-M,26584,26587,2.676282901559371,2.6320485121386765,1.0442212035199772
LBMC,p2_gait,HumanCalib-M,26585,26586,1.6399586465987477,2.7123902720051256,1.0301049240207327
LBMC,p2_gait,HumanCalib-M,26585,26587,2.7026639449820906,1.0111731098791927,1.048836216849455
LBMC,p2_gait,HumanCalib-M,26586,26587,2.891095066886657,1.703915294227597,1.037616328653935
LBMC,p1_gait,HumanCalib-R,26578,26579,3.550634633332862,1.9756405584165009,1.0182501360899223
LBMC,p1_gait,HumanCalib-R,26578,26580,1.8540586050053496,0.77812270330636,0.9993616836581104
LBMC,p1_gait,HumanCalib-R,26578,26582,3.991456151066045,2.2126678261623463,1.015302202098898
LBMC,p1_gait,HumanCalib-R,26578,26583,2.855375069621949,1.6344292058769203,1.0007256646544715
LBMC,p1_gait,HumanCalib-R,26578,26584,5.275666811315199,2.4560371892184145,1.0434598268054085
LBMC,p1_gait,HumanCalib-R,26578,26585,3.3450322418864173,2.6337260506796643,1.0395832405838543
LBMC,p1_gait,HumanCalib-R,26578,26586,2.655353841742984,3.195682487307381,1.0426235127166792
LBMC,p1_gait,HumanCalib-R,26578,26587,3.891792195574207,1.965497784474812,1.0174304724103485
LBMC,p1_gait,HumanCalib-R,26579,26580,3.44498670525471,1.7835759754699043,1.007445536661966
LBMC,p1_gait,HumanCalib-R,26579,26582,3.279237748921224,1.5698243951289226,1.014902640326333
LBMC,p1_gait,HumanCalib-R,26579,26583,3.0441084697247587,1.666084982473681,0.9971741529708952
LBMC,p1_gait,HumanCalib-R,26579,26584,2.8672043589051377,1.2982077256573412,1.0236203762087477
LBMC,p1_gait,HumanCalib-R,26579,26585,2.70159311761856,1.027586509309889,0.9557137547858746
LBMC,p1_gait,HumanCalib-R,26579,26586,2.887973651646698,1.494283927571428,0.981420973384502
LBMC,p1_gait,HumanCalib-R,26579,26587,1.1128683474001078,0.5157251182426077,0.962331430991102
LBMC,p1_gait,HumanCalib-R,26580,26582,2.3773340628518143,1.0809308322896778,1.001300514279431
LBMC,p1_gait,HumanCalib-R,26580,26583,1.3388019155803823,1.4208647544248003,1.0061753298617675
LBMC,p1_gait,HumanCalib-R,26580,26584,4.057923710900631,1.5145674188369516,1.022527540392811
LBMC,p1_gait,HumanCalib-R,26580,26585,3.3544855436077725,1.5294898657766336,1.0163857104879384
LBMC,p1_gait,HumanCalib-R,26580,26586,2.9199929356243133,1.4631057281197457,1.0193147963625768
LBMC,p1_gait,HumanCalib-R,26580,26587,3.6663779765315256,1.6152941942137231,1.0084957182814231
LBMC,p1_gait,HumanCalib-R,26582,26583,1.7223958197064957,1.329541180879995,0.9635061957090402
LBMC,p1_gait,HumanCalib-R,26582,26584,2.147741430807309,1.921264099649689,1.021416737252374
LBMC,p1_gait,HumanCalib-R,26582,26585,3.440476826229304,1.6414666682921937,1.0085615629368865
LBMC,p1_gait,HumanCalib-R,26582,26586,3.550858891636074,1.7958645093586192,1.0107712380934184
LBMC,p1_gait,HumanCalib-R,26582,26587,3.493545239763285,1.607681190053827,1.0232352772030522
LBMC,p1_gait,HumanCalib-R,26583,26584,3.0214302113125906,1.727143432736982,0.9962400996159746
LBMC,p1_gait,HumanCalib-R,26583,26585,3.7917294417355474,1.5659431817858132,0.999903105764794
LBMC,p1_gait,HumanCalib-R,26583,26586,3.5943785534778083,1.540063712683554,1.003297861155932
LBMC,p1_gait,HumanCalib-R,26583,26587,2.9567335354492044,1.195243194532314,0.999680778890321
LBMC,p1_gait,HumanCalib-R,26584,26585,4.152979085840398,2.278253894348896,1.015704112444075
LBMC,p1_gait,HumanCalib-R,26584,26586,4.532467761807517,2.818054644222548,1.0216883947285809
LBMC,p1_gait,HumanCalib-R,26584,26587,2.7966512556313563,2.580174596830909,1.037740268243749
LBMC,p1_gait,HumanCalib-R,26585,26586,0.7956387711424822,1.1637935866912597,1.0187414110632491
LBMC,p1_gait,HumanCalib-R,26585,26587,3.751993012380898,1.7899016401438472,0.9574724963214104
LBMC,p1_gait,HumanCalib-R,26586,26587,3.854779475927865,1.7454288816354004,0.9793980937512868
LBMC,p2_gait,HumanCalib-R,26578,26579,4.399987364082923,1.6479366252846548,1.0033565576396914
LBMC,p2_gait,HumanCalib-R,26578,26580,3.350598541452587,3.805833000309544,1.0418733858412983
LBMC,p2_gait,HumanCalib-R,26578,26582,5.442743885572119,2.995902192904345,1.036091817970578
LBMC,p2_gait,HumanCalib-R,26578,26583,4.533391704852417,2.9627833605230176,1.0174251241022632
LBMC,p2_gait,HumanCalib-R,26578,26584,6.547020229435835,3.2061643060589584,1.045328950493689
LBMC,p2_gait,HumanCalib-R,26578,26585,3.23277658365848,1.053416514226958,1.0132742268909634
LBMC,p2_gait,HumanCalib-R,26578,26586,2.692083794566498,2.0413837030679125,1.0037259721201708
LBMC,p2_gait,HumanCalib-R,26578,26587,5.055805456123391,1.9455376133923157,1.002733299889064
LBMC,p2_gait,HumanCalib-R,26579,26580,3.1813881268455177,1.5373955667281445,1.0040322406433002
LBMC,p2_gait,HumanCalib-R,26579,26582,3.0646115833984977,1.3194828781918535,1.0116096574335087
LBMC,p2_gait,HumanCalib-R,26579,26583,2.3641774077087536,1.2379606600453283,0.9900340841100468
LBMC,p2_gait,HumanCalib-R,26579,26584,2.447368741403898,1.5672945392775446,1.001072084262132
LBMC,p2_gait,HumanCalib-R,26579,26585,1.917319057699052,1.9073573576130955,0.9676438856854082
LBMC,p2_gait,HumanCalib-R,26579,26586,2.1506940712771225,1.5129627477697305,0.9799148427845258
LBMC,p2_gait,HumanCalib-R,26579,26587,1.3213980593739465,1.853811654329161,0.9448098532230848
LBMC,p2_gait,HumanCalib-R,26580,26582,3.405091417967026,1.5166388579571302,1.001662295723501
LBMC,p2_gait,HumanCalib-R,26580,26583,1.6088082858742556,1.4841886391618655,0.9960728518418932
LBMC,p2_gait,HumanCalib-R,26580,26584,4.518523151833137,1.6555440377567534,1.020792775906368
LBMC,p2_gait,HumanCalib-R,26580,26585,3.702308925121872,1.6532545227474111,1.0177833160989704
LBMC,p2_gait,HumanCalib-R,26580,26586,3.3492179864371856,1.492368604694732,1.0223011598585774
LBMC,p2_gait,HumanCalib-R,26580,26587,2.9535648625265183,1.3469683373652677,1.002334381219082
LBMC,p2_gait,HumanCalib-R,26582,26583,2.3703052368691724,1.2148641489681573,0.9527589702109632
LBMC,p2_gait,HumanCalib-R,26582,26584,2.502143835259337,1.0308498677037197,1.0416163214048757
LBMC,p2_gait,HumanCalib-R,26582,26585,3.934529182583786,1.9379029024058687,1.0142996973967766
LBMC,p2_gait,HumanCalib-R,26582,26586,3.912358292845864,2.042745310689131,1.0144512050194172
LBMC,p2_gait,HumanCalib-R,26582,26587,3.177118587984414,1.7391978785494568,1.0191167300921424
LBMC,p2_gait,HumanCalib-R,26583,26584,3.016918818094772,1.5778461693550774,0.9947374852654144
LBMC,p2_gait,HumanCalib-R,26583,26585,3.624189156878427,1.5300130491598547,0.9984693101486132
LBMC,p2_gait,HumanCalib-R,26583,26586,3.490999226726073,1.4615080559873748,1.0014522153034588
LBMC,p2_gait,HumanCalib-R,26583,26587,1.7898092201806293,0.7218585095560077,0.9911272838353308
LBMC,p2_gait,HumanCalib-R,26584,26585,4.049020969746522,1.977628778440514,1.010149020784931
LBMC,p2_gait,HumanCalib-R,26584,26586,4.318307155306539,2.3977201674104847,1.0131513217362909
LBMC,p2_gait,HumanCalib-R,26584,26587,2.288087714797022,2.2415792550433644,1.0089373212500103
LBMC,p2_gait,HumanCalib-R,26585,26586,0.5638629817255062,0.5688894389694973,1.0045515085910044
LBMC,p2_gait,HumanCalib-R,26585,26587,3.1548956122698253,0.5048515099079055,0.9614488315798512
LBMC,p2_gait,HumanCalib-R,26586,26587,3.278371234461141,0.8684699559481485,0.9730618869365156
COMFI,1012_CircularWalking,HumanCalib-M,camera_0,camera_2,0.8973588509284999,0.7949921287409902,0.9842109380159878
COMFI,1012_CircularWalking,HumanCalib-M,camera_0,camera_4,1.7796289336316589,0.7567359497158073,1.0132236534313523
COMFI,1012_CircularWalking,HumanCalib-M,camera_0,camera_6,2.4476535845099003,0.7630422806504892,1.0171795729241393
COMFI,1012_CircularWalking,HumanCalib-M,camera_2,camera_4,2.3384208346439785,0.7987383575114174,1.0151836478068013
COMFI,1012_CircularWalking,HumanCalib-M,camera_2,camera_6,3.1977041623691207,0.9912697899924088,1.0192711918370063
COMFI,1012_CircularWalking,HumanCalib-M,camera_4,camera_6,1.0823347080162675,2.6690623111468166,1.0529947943500282
COMFI,1012_StraightWalking,HumanCalib-M,camera_0,camera_2,0.5973868443519561,1.3238886570342343,1.0106898472423589
COMFI,1012_StraightWalking,HumanCalib-M,camera_0,camera_4,1.3363952913540111,0.8832641708297201,1.01898142681527
COMFI,1012_StraightWalking,HumanCalib-M,camera_0,camera_6,1.0658154744602668,0.8075605951823559,1.0161320572316237
COMFI,1012_StraightWalking,HumanCalib-M,camera_2,camera_4,1.3969432343259716,0.5283461872746423,1.0139012180484814
COMFI,1012_StraightWalking,HumanCalib-M,camera_2,camera_6,1.4084709728765368,0.388204368151171,1.010854663115708
COMFI,1012_StraightWalking,HumanCalib-M,camera_4,camera_6,0.8130277938086252,0.7163933056917648,1.0151726268175674
COMFI,1118_CircularWalking,HumanCalib-M,camera_0,camera_2,2.469101773931771,3.419999084799451,0.8565332633905215
COMFI,1118_CircularWalking,HumanCalib-M,camera_0,camera_4,0.9990357514903272,1.2197267463052008,0.9814368728725218
COMFI,1118_CircularWalking,HumanCalib-M,camera_0,camera_6,1.6295451104997825,1.535046864188586,0.9757214552879696
COMFI,1118_CircularWalking,HumanCalib-M,camera_2,camera_4,1.7630070969860587,0.1470794428120761,0.985706488895918
COMFI,1118_CircularWalking,HumanCalib-M,camera_2,camera_6,0.913645100222147,0.1514485769368484,0.9820602307267728
COMFI,1118_CircularWalking,HumanCalib-M,camera_4,camera_6,0.8519890498410375,3.051801116219514,1.012353810073377
COMFI,1118_StraightWalking,HumanCalib-M,camera_0,camera_2,0.7693766921203311,1.0800402751828468,0.9761751658719088
COMFI,1118_StraightWalking,HumanCalib-M,camera_0,camera_4,1.1102186859809686,1.2645940632647803,0.9625745488575104
COMFI,1118_StraightWalking,HumanCalib-M,camera_0,camera_6,1.0332490650462756,1.2756276231395782,0.9633561861605048
COMFI,1118_StraightWalking,HumanCalib-M,camera_2,camera_4,0.5009165424717873,0.657692094317696,0.96149781475291
COMFI,1118_StraightWalking,HumanCalib-M,camera_2,camera_6,0.320618695744667,0.7055029111348126,0.9618967797507976
COMFI,1118_StraightWalking,HumanCalib-M,camera_4,camera_6,0.5654587424103924,0.8075403041442543,0.9668742349085389
COMFI,1508_CircularWalking,HumanCalib-M,camera_0,camera_2,0.7868926573504542,1.014624870549962,0.985935104169306
COMFI,1508_CircularWalking,HumanCalib-M,camera_0,camera_4,1.3745696431706385,1.3872302970981436,0.9937514850871572
COMFI,1508_CircularWalking,HumanCalib-M,camera_0,camera_6,3.083074138644122,2.2948627380940487,0.98579582578242
COMFI,1508_CircularWalking,HumanCalib-M,camera_2,camera_4,1.4772275414079086,1.162130892212899,0.9903550195388298
COMFI,1508_CircularWalking,HumanCalib-M,camera_2,camera_6,2.7054749877825066,1.925136386615756,0.9800381602201798
COMFI,1508_CircularWalking,HumanCalib-M,camera_4,camera_6,2.0261477923844597,4.280198619844153,1.0900900163272864
COMFI,1508_StraightWalking,HumanCalib-M,camera_0,camera_2,0.5493195521461801,1.436339155564786,1.0186426782695677
COMFI,1508_StraightWalking,HumanCalib-M,camera_0,camera_4,0.8456458567346751,1.1271301150563309,1.006018467255024
COMFI,1508_StraightWalking,HumanCalib-M,camera_0,camera_6,1.3393637169643673,1.1587513176115716,1.0011293955106395
COMFI,1508_StraightWalking,HumanCalib-M,camera_2,camera_4,0.4014310203884112,0.70869253370272,1.0069534070139514
COMFI,1508_StraightWalking,HumanCalib-M,camera_2,camera_6,0.8433037560357975,0.6578566281748821,1.0018309330666222
COMFI,1508_StraightWalking,HumanCalib-M,camera_4,camera_6,0.9108017865286794,2.759209124608933,0.9963065752194024
COMFI,1602_CircularWalking,HumanCalib-M,camera_0,camera_2,0.5842825035344043,0.232385439101605,1.0314515544562914
COMFI,1602_CircularWalking,HumanCalib-M,camera_0,camera_4,1.0077306001205206,0.6482080583061308,1.0042359127074292
COMFI,1602_CircularWalking,HumanCalib-M,camera_0,camera_6,1.8831911288005416,1.8478355151314128,0.9998224824527774
COMFI,1602_CircularWalking,HumanCalib-M,camera_2,camera_4,0.9477462982921896,0.9659231518713756,1.003362450723403
COMFI,1602_CircularWalking,HumanCalib-M,camera_2,camera_6,2.39418840185211,2.139306242419956,0.994977490519682
COMFI,1602_CircularWalking,HumanCalib-M,camera_4,camera_6,2.458695616178089,4.346891753791239,1.1351794165556657
COMFI,1602_StraightWalking,HumanCalib-M,camera_0,camera_2,0.2573054670336522,0.7826770206910387,1.0013620873567135
COMFI,1602_StraightWalking,HumanCalib-M,camera_0,camera_4,0.4581768107078794,1.1496376969073363,1.0062707158905209
COMFI,1602_StraightWalking,HumanCalib-M,camera_0,camera_6,0.771590189418513,0.9065602381151372,1.0068474237102558
COMFI,1602_StraightWalking,HumanCalib-M,camera_2,camera_4,0.6197609119306678,1.120439777265975,1.00513329057222
COMFI,1602_StraightWalking,HumanCalib-M,camera_2,camera_6,0.6240159231063704,0.8663493021790115,1.006565983137489
COMFI,1602_StraightWalking,HumanCalib-M,camera_4,camera_6,1.111617043034443,1.7952051272390752,0.9756584601924344
COMFI,1847_CircularWalking,HumanCalib-M,camera_0,camera_2,2.111229638900142,3.5701281654125827,0.904696417109358
COMFI,1847_CircularWalking,HumanCalib-M,camera_0,camera_4,1.3973537316149935,1.1092591233780007,1.014226527079859
COMFI,1847_CircularWalking,HumanCalib-M,camera_0,camera_6,1.5014589374102578,0.4861096350518037,1.019848784290209
COMFI,1847_CircularWalking,HumanCalib-M,camera_2,camera_4,1.7476873865118836,0.3533352463058417,1.0194889100307762
COMFI,1847_CircularWalking,HumanCalib-M,camera_2,camera_6,3.4120741954685565,1.3605267453520091,1.030489828452487
COMFI,1847_CircularWalking,HumanCalib-M,camera_4,camera_6,1.973207990021716,4.03890128494642,0.8878738110780364
COMFI,1847_StraightWalking,HumanCalib-M,camera_0,camera_2,0.581507303747177,2.7356376349191485,1.0093196236873472
COMFI,1847_StraightWalking,HumanCalib-M,camera_0,camera_4,1.3544063596383138,0.8893353382886969,0.9971860065126116
COMFI,1847_StraightWalking,HumanCalib-M,camera_0,camera_6,1.1934705006563926,1.00157886961719,0.9954964116602718
COMFI,1847_StraightWalking,HumanCalib-M,camera_2,camera_4,1.01444144308506,0.3899421948867703,1.0028298846389516
COMFI,1847_StraightWalking,HumanCalib-M,camera_2,camera_6,0.6507123665684524,0.4374200311913775,1.000530257183917
COMFI,1847_StraightWalking,HumanCalib-M,camera_4,camera_6,0.6847910448229102,1.6485151418913409,1.0096249912039963
COMFI,2112_CircularWalking,HumanCalib-M,camera_0,camera_2,0.9894027721144064,1.2713991887004368,0.9828095461051228
COMFI,2112_CircularWalking,HumanCalib-M,camera_0,camera_4,2.0256079006636623,1.6352878961545958,1.000061161252471
COMFI,2112_CircularWalking,HumanCalib-M,camera_0,camera_6,2.6902848129010883,1.6660230960216864,0.995532030513088
COMFI,2112_CircularWalking,HumanCalib-M,camera_2,camera_4,1.4170650968859322,0.8514271859302837,0.9928402659473152
COMFI,2112_CircularWalking,HumanCalib-M,camera_2,camera_6,2.0039045063585714,0.909054113997698,0.9885889843614828
COMFI,2112_CircularWalking,HumanCalib-M,camera_4,camera_6,0.8415879455218794,2.1147782822103847,0.998204985757658
COMFI,2112_StraightWalking,HumanCalib-M,camera_0,camera_2,0.8696469691596277,2.677468445071784,0.9781827049924164
COMFI,2112_StraightWalking,HumanCalib-M,camera_0,camera_4,1.0789019536235795,1.0300545561657155,0.9726199147039044
COMFI,2112_StraightWalking,HumanCalib-M,camera_0,camera_6,1.627980428139918,0.9598489518093704,0.9675548336209217
COMFI,2112_StraightWalking,HumanCalib-M,camera_2,camera_4,1.2092032954620329,0.2678452924578656,0.9630681777016676
COMFI,2112_StraightWalking,HumanCalib-M,camera_2,camera_6,1.4252339102332807,0.2523447398318855,0.9580911840774228
COMFI,2112_StraightWalking,HumanCalib-M,camera_4,camera_6,0.8258026753797978,2.847591188519909,0.9557219092609178
COMFI,2198_CircularWalking,HumanCalib-M,camera_0,camera_2,0.3075725361035,0.9464379603637848,0.968277181264653
COMFI,2198_CircularWalking,HumanCalib-M,camera_0,camera_4,0.5221660085111814,0.3034481819903106,0.998990901701061
COMFI,2198_CircularWalking,HumanCalib-M,camera_0,camera_6,2.276128811727328,1.2318911283805831,0.9931549068649717
COMFI,2198_CircularWalking,HumanCalib-M,camera_2,camera_4,0.6761445607573675,0.8201868771538456,0.995697634738634
COMFI,2198_CircularWalking,HumanCalib-M,camera_2,camera_6,2.5612738470522443,1.7372720936684092,0.9880920338079648
COMFI,2198_CircularWalking,HumanCalib-M,camera_4,camera_6,2.369779448837169,3.701769850980381,1.1024920321757112
COMFI,2198_StraightWalking,HumanCalib-M,camera_0,camera_2,0.6217114775371388,0.5805148073522466,0.9866358027948916
COMFI,2198_StraightWalking,HumanCalib-M,camera_0,camera_4,0.8771626764803971,0.3645674650165712,0.9905032840079652
COMFI,2198_StraightWalking,HumanCalib-M,camera_0,camera_6,1.2284466501653368,0.5407978450798092,0.9876168638489862
COMFI,2198_StraightWalking,HumanCalib-M,camera_2,camera_4,0.9149932184728417,0.9440980731640086,0.988459929057268
COMFI,2198_StraightWalking,HumanCalib-M,camera_2,camera_6,1.646453995866246,1.12579531182218,0.9853023291768775
COMFI,2198_StraightWalking,HumanCalib-M,camera_4,camera_6,0.9673320089673518,2.08997627493937,1.001440924543341
COMFI,2307_CircularWalking,HumanCalib-M,camera_0,camera_2,0.2342475441208412,3.8129272430200274,1.0278131879080488
COMFI,2307_CircularWalking,HumanCalib-M,camera_0,camera_4,0.6602135407206161,0.7670345459172622,0.9974147261453384
COMFI,2307_CircularWalking,HumanCalib-M,camera_0,camera_6,1.0391346280785492,1.0429561958789657,0.9964576039245848
COMFI,2307_CircularWalking,HumanCalib-M,camera_2,camera_4,0.7848840002661427,0.8028397839552636,1.006641599219494
COMFI,2307_CircularWalking,HumanCalib-M,camera_2,camera_6,1.254134608148075,0.9996889091444175,1.0042131379215358
COMFI,2307_CircularWalking,HumanCalib-M,camera_4,camera_6,0.8162536354714378,1.484835498541072,1.033399978852294
COMFI,2307_StraightWalking,HumanCalib-M,camera_0,camera_2,0.3277372398199412,1.5998891345774158,0.974770565119048
COMFI,2307_StraightWalking,HumanCalib-M,camera_0,camera_4,1.0205001184165063,0.5392581974580203,0.9687901836550904
COMFI,2307_StraightWalking,HumanCalib-M,camera_0,camera_6,0.8776572808334611,0.6017324269771079,0.9641215279657454
COMFI,2307_StraightWalking,HumanCalib-M,camera_2,camera_4,1.177175677565808,0.4194156662670779,0.9722854314550822
COMFI,2307_StraightWalking,HumanCalib-M,camera_2,camera_6,0.9754879944307384,0.4600947732963079,0.96721846612518
COMFI,2307_StraightWalking,HumanCalib-M,camera_4,camera_6,0.4998627487159577,3.0050204786551027,0.9752002411880636
COMFI,3361_CircularWalking,HumanCalib-M,camera_0,camera_2,2.1187809552880705,1.6918368286909424,0.9065422233396048
COMFI,3361_CircularWalking,HumanCalib-M,camera_0,camera_4,1.5906214691856062,1.5233593754559749,1.0114849561617272
COMFI,3361_CircularWalking,HumanCalib-M,camera_0,camera_6,2.29049346684502,1.307585510903135,1.0044714166294253
COMFI,3361_CircularWalking,HumanCalib-M,camera_2,camera_4,0.8076113553962305,0.4327891111775303,1.0099864114797628
COMFI,3361_CircularWalking,HumanCalib-M,camera_2,camera_6,0.499875954511633,0.306573002288754,1.005854542143647
COMFI,3361_CircularWalking,HumanCalib-M,camera_4,camera_6,0.7764353524546727,2.388048766411657,0.9781418573193068
COMFI,3361_StraightWalking,HumanCalib-M,camera_0,camera_2,0.9520793731896006,2.891009661080632,0.989248227533424
COMFI,3361_StraightWalking,HumanCalib-M,camera_0,camera_4,1.2850838764502015,0.8018313323982206,1.0006306291017777
COMFI,3361_StraightWalking,HumanCalib-M,camera_0,camera_6,1.4291409898473288,0.9808347505836054,0.9949190256775902
COMFI,3361_StraightWalking,HumanCalib-M,camera_2,camera_4,1.5898150854026776,0.2408996069886351,1.0066592684091995
COMFI,3361_StraightWalking,HumanCalib-M,camera_2,camera_6,0.5310108300597017,0.2535846314568634,1.0005866093672564
COMFI,3361_StraightWalking,HumanCalib-M,camera_4,camera_6,1.7201299275553692,3.807825446617208,1.0225213920750358
COMFI,4216_CircularWalking,HumanCalib-M,camera_0,camera_2,3.3507943546980354,0.9071382743162636,0.7921056239714391
COMFI,4216_CircularWalking,HumanCalib-M,camera_0,camera_4,2.961246381545345,2.073198582649866,0.9862123536570712
COMFI,4216_CircularWalking,HumanCalib-M,camera_0,camera_6,2.452948577506455,1.4759804599066673,0.9915538889483836
COMFI,4216_CircularWalking,HumanCalib-M,camera_2,camera_4,0.5701286547125956,0.553219879736904,0.981784017080517
COMFI,4216_CircularWalking,HumanCalib-M,camera_2,camera_6,1.2237902231568785,0.2350101505581257,0.9836407071254264
COMFI,4216_CircularWalking,HumanCalib-M,camera_4,camera_6,1.0753452462777575,1.3236381133614334,1.048767943412127
COMFI,4216_StraightWalking,HumanCalib-M,camera_0,camera_2,0.3278634472059208,0.5746419567499582,0.9722084534781144
COMFI,4216_StraightWalking,HumanCalib-M,camera_0,camera_4,0.6384857061701837,0.7450482521906605,0.979353579117376
COMFI,4216_StraightWalking,HumanCalib-M,camera_0,camera_6,0.5724235309675131,0.7942213555229622,0.981647902928252
COMFI,4216_StraightWalking,HumanCalib-M,camera_2,camera_4,0.6912452009979657,0.5569938209315324,0.9793277363776656
COMFI,4216_StraightWalking,HumanCalib-M,camera_2,camera_6,0.431211202838956,0.6324152190675622,0.9811810388544008
COMFI,4216_StraightWalking,HumanCalib-M,camera_4,camera_6,1.0901266418575668,1.666442291101487,0.9685081223260602
COMFI,4279_CircularWalking,HumanCalib-M,camera_0,camera_2,1.8958779390524725,0.615898469494346,0.9295481356541414
COMFI,4279_CircularWalking,HumanCalib-M,camera_0,camera_4,2.039715807423914,0.990801143861066,0.9993825272773634
COMFI,4279_CircularWalking,HumanCalib-M,camera_0,camera_6,2.9715775402193905,1.8473816098685352,0.9998820092858416
COMFI,4279_CircularWalking,HumanCalib-M,camera_2,camera_4,3.1136802501672216,0.9826963761151314,0.996034868677524
COMFI,4279_CircularWalking,HumanCalib-M,camera_2,camera_6,2.276858158227005,0.8696902756962547,0.995580682196652
COMFI,4279_CircularWalking,HumanCalib-M,camera_4,camera_6,2.447136667577813,2.4142590065049774,1.1209436134957405
COMFI,4279_StraightWalking,HumanCalib-M,camera_0,camera_2,0.5873784764962654,0.8087306118242723,1.025959176421565
COMFI,4279_StraightWalking,HumanCalib-M,camera_0,camera_4,1.5969014092311984,0.7294182879535837,1.0057355908361578
COMFI,4279_StraightWalking,HumanCalib-M,camera_0,camera_6,1.7354929320807777,0.7197638986567447,1.0051952272826865
COMFI,4279_StraightWalking,HumanCalib-M,camera_2,camera_4,1.7821366235190437,0.3552309634844692,1.00238391780528
COMFI,4279_StraightWalking,HumanCalib-M,camera_2,camera_6,1.7621048854292372,0.4434380150734119,1.001627575040617
COMFI,4279_StraightWalking,HumanCalib-M,camera_4,camera_6,0.6626942120620145,1.637332597321568,0.993876658616594
COMFI,4509_CircularWalking,HumanCalib-M,camera_0,camera_2,0.7639968857683759,1.1238479732463431,0.9813344918928254
COMFI,4509_CircularWalking,HumanCalib-M,camera_0,camera_4,3.148998015524348,0.9893250076965177,1.0031781794404824
COMFI,4509_CircularWalking,HumanCalib-M,camera_0,camera_6,2.445153959869996,0.8395161394189954,1.001858034953508
COMFI,4509_CircularWalking,HumanCalib-M,camera_2,camera_4,3.3000621848245406,0.8745802065655572,1.002262617709971
COMFI,4509_CircularWalking,HumanCalib-M,camera_2,camera_6,2.1837446118938524,0.4842869248807295,1.0003616105629631
COMFI,4509_CircularWalking,HumanCalib-M,camera_4,camera_6,1.7408707582303666,3.453095811305133,1.0491736670022491
COMFI,4509_StraightWalking,HumanCalib-M,camera_0,camera_2,0.7951761424408473,0.3445391952063444,0.9979394792849876
COMFI,4509_StraightWalking,HumanCalib-M,camera_0,camera_4,1.4639817350109583,0.722428857930079,0.9854380185191036
COMFI,4509_StraightWalking,HumanCalib-M,camera_0,camera_6,2.083213633953195,0.9148233164131434,0.9893374230338268
COMFI,4509_StraightWalking,HumanCalib-M,camera_2,camera_4,0.9212408145590054,0.3695303923399801,0.9852010491919796
COMFI,4509_StraightWalking,HumanCalib-M,camera_2,camera_6,1.3121980149647423,0.4596032865021126,0.9889070732684094
COMFI,4509_StraightWalking,HumanCalib-M,camera_4,camera_6,1.3575117740420477,1.661702915954481,0.9894832259097552
COMFI,4612_CircularWalking,HumanCalib-M,camera_0,camera_2,1.2956809676555672,1.214147181718286,0.9502795957060028
COMFI,4612_CircularWalking,HumanCalib-M,camera_0,camera_4,1.5677418440368112,1.1684214105315702,1.0162674177496402
COMFI,4612_CircularWalking,HumanCalib-M,camera_0,camera_6,1.5817396138116988,0.6714872377154559,1.013183486238665
COMFI,4612_CircularWalking,HumanCalib-M,camera_2,camera_4,0.7470226875422367,0.4358163248773621,1.0102073642698404
COMFI,4612_CircularWalking,HumanCalib-M,camera_2,camera_6,1.7446247387937457,0.1943600721154221,1.010103951943497
COMFI,4612_CircularWalking,HumanCalib-M,camera_4,camera_6,1.2729821987122754,0.7948952211188145,0.945382277542074
COMFI,4612_StraightWalking,HumanCalib-M,camera_0,camera_2,0.6903238281333436,0.7595580061623075,1.0209375704586046
COMFI,4612_StraightWalking,HumanCalib-M,camera_0,camera_4,1.1294474421638687,0.7619429841825613,1.0107924483247694
COMFI,4612_StraightWalking,HumanCalib-M,camera_0,camera_6,1.6686519636513344,0.6110303420766039,1.0112037504894895
COMFI,4612_StraightWalking,HumanCalib-M,camera_2,camera_4,0.6422707328283476,0.4447860866843245,1.0109188510005238
COMFI,4612_StraightWalking,HumanCalib-M,camera_2,camera_6,1.486174868069103,0.1927612541531737,1.0118936522856747
COMFI,4612_StraightWalking,HumanCalib-M,camera_4,camera_6,0.9429096775161238,0.5895756192464325,0.9777505249717904
COMFI,4665_CircularWalking,HumanCalib-M,camera_0,camera_2,0.4869747508880742,0.5475690856340562,0.9519410557668132
COMFI,4665_CircularWalking,HumanCalib-M,camera_0,camera_4,0.9769383522252412,0.5352122222213445,1.0035629551882217
COMFI,4665_CircularWalking,HumanCalib-M,camera_0,camera_6,1.2397771298892042,0.3848201314728942,1.0043576999574726
COMFI,4665_CircularWalking,HumanCalib-M,camera_2,camera_4,1.3110037618061867,0.6264338224697289,1.0010536791412934
COMFI,4665_CircularWalking,HumanCalib-M,camera_2,camera_6,1.6722022492295991,0.5404353098992394,1.003678160339014
COMFI,4665_CircularWalking,HumanCalib-M,camera_4,camera_6,0.5440671348229424,0.2395143346514284,0.9772864311359588
COMFI,4665_StraightWalking,HumanCalib-M,camera_0,camera_2,0.8479000239087767,1.611280155649061,1.0284750804882783
COMFI,4665_StraightWalking,HumanCalib-M,camera_0,camera_4,0.9178248159757902,0.8836010705408497,1.01313702875183
COMFI,4665_StraightWalking,HumanCalib-M,camera_0,camera_6,0.950421322629627,0.5240052922311256,1.0074688197619237
COMFI,4665_StraightWalking,HumanCalib-M,camera_2,camera_4,1.1031665116909757,1.1941892862067487,1.0067494935271848
COMFI,4665_StraightWalking,HumanCalib-M,camera_2,camera_6,0.7936356184946219,0.8305855714187149,1.0017381734593158
COMFI,4665_StraightWalking,HumanCalib-M,camera_4,camera_6,0.7521841760280608,2.263051217967932,0.9600609404472078
COMFI,1012_CircularWalking,HumanCalib-R,camera_0,camera_2,0.6732724826261277,0.8296844268877606,0.9702933491064376
COMFI,1012_CircularWalking,HumanCalib-R,camera_0,camera_4,1.687831477126844,0.4729521371563255,0.9852171901526676
COMFI,1012_CircularWalking,HumanCalib-R,camera_0,camera_6,2.909987701420306,0.7240600762394671,0.9865991708322492
COMFI,1012_CircularWalking,HumanCalib-R,camera_2,camera_4,2.12750068770617,0.59685960709811,0.9873700272294048
COMFI,1012_CircularWalking,HumanCalib-R,camera_2,camera_6,3.47375853605212,1.0537200754652891,0.98975683115242
COMFI,1012_CircularWalking,HumanCalib-R,camera_4,camera_6,1.4685882052877248,2.0136668663227324,1.0465556816115615
COMFI,1012_StraightWalking,HumanCalib-R,camera_0,camera_2,0.4893154654523211,1.107366229638292,1.0047543562410437
COMFI,1012_StraightWalking,HumanCalib-R,camera_0,camera_4,1.2038529666312958,0.8852807913512207,0.9974739060126088
COMFI,1012_StraightWalking,HumanCalib-R,camera_0,camera_6,0.91572928695101,0.8519191405486453,0.9971398339806276
COMFI,1012_StraightWalking,HumanCalib-R,camera_2,camera_4,1.4391651985868992,0.6213940046495613,0.99416220108024
COMFI,1012_StraightWalking,HumanCalib-R,camera_2,camera_6,1.3113652076582971,0.4611010821513357,0.99365955494438
COMFI,1012_StraightWalking,HumanCalib-R,camera_4,camera_6,0.5732999332570139,1.3399496535366815,0.9812193698283892
COMFI,1118_CircularWalking,HumanCalib-R,camera_0,camera_2,2.449714236447323,3.0178522071994376,0.8467341641438958
COMFI,1118_CircularWalking,HumanCalib-R,camera_0,camera_4,1.482427127881113,1.586567446702416,0.9686191009047732
COMFI,1118_CircularWalking,HumanCalib-R,camera_0,camera_6,1.8581926323615956,1.7122545018245132,0.9602655104141258
COMFI,1118_CircularWalking,HumanCalib-R,camera_2,camera_4,1.1711643194687744,0.2835159359160285,0.9710167160868444
COMFI,1118_CircularWalking,HumanCalib-R,camera_2,camera_6,0.5942647750048183,0.3580486924420446,0.9650359916755088
COMFI,1118_CircularWalking,HumanCalib-R,camera_4,camera_6,0.6511031490026143,3.765767766239828,0.9758649717551128
COMFI,1118_StraightWalking,HumanCalib-R,camera_0,camera_2,0.7858909448516206,1.1579736786129469,1.0150698284190578
COMFI,1118_StraightWalking,HumanCalib-R,camera_0,camera_4,1.434274749545737,1.035234733026802,0.973391148731492
COMFI,1118_StraightWalking,HumanCalib-R,camera_0,camera_6,1.212300197534959,1.469815208145234,0.9697805905116684
COMFI,1118_StraightWalking,HumanCalib-R,camera_2,camera_4,0.9663577451601244,0.4238184754830748,0.9740420497574076
COMFI,1118_StraightWalking,HumanCalib-R,camera_2,camera_6,0.8909431530841807,0.872649524665496,0.968106578456111
COMFI,1118_StraightWalking,HumanCalib-R,camera_4,camera_6,1.806502429333276,3.650050273179876,1.02292759075221
COMFI,1508_CircularWalking,HumanCalib-R,camera_0,camera_2,0.83202241249763,1.364640703912618,0.977355236515036
COMFI,1508_CircularWalking,HumanCalib-R,camera_0,camera_4,1.5185268738483904,1.3786527903729642,0.9815998075766632
COMFI,1508_CircularWalking,HumanCalib-R,camera_0,camera_6,2.999769791150167,2.210351249341523,0.9748244621869216
COMFI,1508_CircularWalking,HumanCalib-R,camera_2,camera_4,1.788100452920928,1.2815064351208671,0.9769754250755552
COMFI,1508_CircularWalking,HumanCalib-R,camera_2,camera_6,2.7906692815841727,1.965264575545196,0.967952912377178
COMFI,1508_CircularWalking,HumanCalib-R,camera_4,camera_6,1.869761267490917,3.7730789126429607,1.070527362026852
COMFI,1508_StraightWalking,HumanCalib-R,camera_0,camera_2,1.0073497871117134,1.8491578168862977,1.0350524678361783
COMFI,1508_StraightWalking,HumanCalib-R,camera_0,camera_4,1.3972664457903614,1.1986967663302823,0.9938151216459176
COMFI,1508_StraightWalking,HumanCalib-R,camera_0,camera_6,1.7725570321256938,1.4448709132799538,0.9881293891348144
COMFI,1508_StraightWalking,HumanCalib-R,camera_2,camera_4,0.4797519664680141,0.7209048174106717,0.9961119265989736
COMFI,1508_StraightWalking,HumanCalib-R,camera_2,camera_6,1.0464008127613451,0.8521759774273574,0.9889147878652054
COMFI,1508_StraightWalking,HumanCalib-R,camera_4,camera_6,0.8474027185956329,3.464011065569585,1.0084283870050423
COMFI,1602_CircularWalking,HumanCalib-R,camera_0,camera_2,0.6703204811814607,0.8836755721563366,1.0167972212310272
COMFI,1602_CircularWalking,HumanCalib-R,camera_0,camera_4,1.3063981758526442,0.7617306952213618,0.9854268086850334
COMFI,1602_CircularWalking,HumanCalib-R,camera_0,camera_6,2.036708280019793,1.904149088545341,0.9825196182934302
COMFI,1602_CircularWalking,HumanCalib-R,camera_2,camera_4,1.460887274472752,1.1155531895842832,0.9819737681781202
COMFI,1602_CircularWalking,HumanCalib-R,camera_2,camera_6,2.67240232513242,2.273968783913696,0.9749994202999148
COMFI,1602_CircularWalking,HumanCalib-R,camera_4,camera_6,2.4841278703775824,3.8745931848369786,1.1167181113759594
COMFI,1602_StraightWalking,HumanCalib-R,camera_0,camera_2,0.6758262475226245,0.8977889559025684,1.0323673939540847
COMFI,1602_StraightWalking,HumanCalib-R,camera_0,camera_4,0.5378202769201818,0.9566135483082786,0.989288038491093
COMFI,1602_StraightWalking,HumanCalib-R,camera_0,camera_6,0.4545522563900299,1.0239352299372677,0.9890402544400212
COMFI,1602_StraightWalking,HumanCalib-R,camera_2,camera_4,0.9453272800011816,1.0318907037062357,0.9894263737469028
COMFI,1602_StraightWalking,HumanCalib-R,camera_2,camera_6,0.5520106214312888,1.0608635558564872,0.9880539637606176
COMFI,1602_StraightWalking,HumanCalib-R,camera_4,camera_6,0.94498710731567,2.2873686648827487,0.9940704925717232
COMFI,1847_CircularWalking,HumanCalib-R,camera_0,camera_2,1.9424153126828672,3.3469353234616,0.8901342578748963
COMFI,1847_CircularWalking,HumanCalib-R,camera_0,camera_4,1.4161407118520737,1.148268739872324,0.990713803854294
COMFI,1847_CircularWalking,HumanCalib-R,camera_0,camera_6,1.1351810384771246,0.3717131782266562,0.9942259981515704
COMFI,1847_CircularWalking,HumanCalib-R,camera_2,camera_4,1.505637673996166,0.3024203092630549,0.9951953920950544
COMFI,1847_CircularWalking,HumanCalib-R,camera_2,camera_6,2.902519100149631,1.106442805171354,1.0035802787200687
COMFI,1847_CircularWalking,HumanCalib-R,camera_4,camera_6,1.8051250859596784,3.1920861499687705,0.8747014447237521
COMFI,1847_StraightWalking,HumanCalib-R,camera_0,camera_2,1.0888995766064793,3.3387613584116607,1.062115068396312
COMFI,1847_StraightWalking,HumanCalib-R,camera_0,camera_4,2.068096721430001,0.871801879445932,0.9960971652240984
COMFI,1847_StraightWalking,HumanCalib-R,camera_0,camera_6,1.3087817783310238,1.043771592606323,0.9920976900270558
COMFI,1847_StraightWalking,HumanCalib-R,camera_2,camera_4,1.2871271613877022,0.4441569576635318,1.0048183384204117
COMFI,1847_StraightWalking,HumanCalib-R,camera_2,camera_6,1.2299186941442142,0.4758264101815594,0.998495216011596
COMFI,1847_StraightWalking,HumanCalib-R,camera_4,camera_6,1.457255568292807,3.347839488497656,1.0248452947240545
COMFI,2112_CircularWalking,HumanCalib-R,camera_0,camera_2,0.9814340247656153,2.028141511333581,0.9609934926473772
COMFI,2112_CircularWalking,HumanCalib-R,camera_0,camera_4,1.2907565071473672,1.2971192541764862,0.9732915694117
COMFI,2112_CircularWalking,HumanCalib-R,camera_0,camera_6,1.8861308460152908,1.371951253386764,0.970625246010549
COMFI,2112_CircularWalking,HumanCalib-R,camera_2,camera_4,0.7025577830936681,0.541299640324515,0.965542714036554
COMFI,2112_CircularWalking,HumanCalib-R,camera_2,camera_6,0.956048950357302,0.6563659277078274,0.9629707260447156
COMFI,2112_CircularWalking,HumanCalib-R,camera_4,camera_6,0.8863598717701274,1.670952581423944,0.9784088505328208
COMFI,2112_StraightWalking,HumanCalib-R,camera_0,camera_2,0.510652401212629,2.4919996512985128,1.0265471501461978
COMFI,2112_StraightWalking,HumanCalib-R,camera_0,camera_4,1.1340496998021443,0.9535295241927552,0.9819027652027624
COMFI,2112_StraightWalking,HumanCalib-R,camera_0,camera_6,1.6120227613265068,0.9903217688893324,0.977151725810771
COMFI,2112_StraightWalking,HumanCalib-R,camera_2,camera_4,1.3274741982967937,0.3827871077989533,0.9730153524634662
COMFI,2112_StraightWalking,HumanCalib-R,camera_2,camera_6,1.4711033631514618,0.4096200932759066,0.9671605371135046
COMFI,2112_StraightWalking,HumanCalib-R,camera_4,camera_6,0.9598914467218486,3.2305255690671206,0.977009601508742
COMFI,2198_CircularWalking,HumanCalib-R,camera_0,camera_2,0.6318301754642334,1.6421253540443173,0.9707825610529358
COMFI,2198_CircularWalking,HumanCalib-R,camera_0,camera_4,0.7163166561051749,0.1607336311955151,0.9756268018328016
COMFI,2198_CircularWalking,HumanCalib-R,camera_0,camera_6,2.143378516748009,1.216132439171438,0.9724543848969384
COMFI,2198_CircularWalking,HumanCalib-R,camera_2,camera_4,0.3820465801146123,0.7428425267161847,0.9718886313751396
COMFI,2198_CircularWalking,HumanCalib-R,camera_2,camera_6,2.709159901937193,1.894303763429655,0.9659246966893448
COMFI,2198_CircularWalking,HumanCalib-R,camera_4,camera_6,2.7727410979535727,3.455945042216849,1.1019781420778731
COMFI,2198_StraightWalking,HumanCalib-R,camera_0,camera_2,0.8378200457010847,0.6637889441340029,0.987889530304392
COMFI,2198_StraightWalking,HumanCalib-R,camera_0,camera_4,1.4440355461220262,0.5410330296389343,0.9790638281710302
COMFI,2198_StraightWalking,HumanCalib-R,camera_0,camera_6,1.8316982471377072,0.7776234011461285,0.9736536667038128
COMFI,2198_StraightWalking,HumanCalib-R,camera_2,camera_4,1.3228405450890193,1.0537528550734352,0.9770020208669123
COMFI,2198_StraightWalking,HumanCalib-R,camera_2,camera_6,1.9932817359705532,1.2273770064431175,0.9709785901960512
COMFI,2198_StraightWalking,HumanCalib-R,camera_4,camera_6,0.8972399821478141,3.2061985490489358,0.988080839580088
COMFI,2307_CircularWalking,HumanCalib-R,camera_0,camera_2,0.317146330228321,3.3362125789900308,1.0066539495012925
COMFI,2307_CircularWalking,HumanCalib-R,camera_0,camera_4,1.4603976397465994,0.9964230107118204,0.9772107403755924
COMFI,2307_CircularWalking,HumanCalib-R,camera_0,camera_6,1.812769921587388,1.311297864740867,0.9762145517630764
COMFI,2307_CircularWalking,HumanCalib-R,camera_2,camera_4,1.6503082501734203,1.0830741985894397,0.9849143787242786
COMFI,2307_CircularWalking,HumanCalib-R,camera_2,camera_6,2.0670441617654256,1.333172492262655,0.982130939116764
COMFI,2307_CircularWalking,HumanCalib-R,camera_4,camera_6,1.1035968279271684,1.676833829053417,1.0257814107414756
COMFI,2307_StraightWalking,HumanCalib-R,camera_0,camera_2,0.1830313117672902,2.1615123286231763,1.006475236061687
COMFI,2307_StraightWalking,HumanCalib-R,camera_0,camera_4,1.8548177000676465,0.4276523642436789,0.9869281685635672
COMFI,2307_StraightWalking,HumanCalib-R,camera_0,camera_6,1.0100332616334071,0.7316226172934561,0.9834571624792208
COMFI,2307_StraightWalking,HumanCalib-R,camera_2,camera_4,1.9606065718134549,0.4887845440676622,0.9930511342190648
COMFI,2307_StraightWalking,HumanCalib-R,camera_2,camera_6,0.9960352320405172,0.5267099667477471,0.9877288615683713
COMFI,2307_StraightWalking,HumanCalib-R,camera_4,camera_6,1.747399385803816,3.677829736494712,1.0433532295375194
COMFI,3361_CircularWalking,HumanCalib-R,camera_0,camera_2,2.228882021807541,1.7627039080297702,0.875169120404161
COMFI,3361_CircularWalking,HumanCalib-R,camera_0,camera_4,1.8777253369916456,1.6386000370995852,0.98910698984807
COMFI,3361_CircularWalking,HumanCalib-R,camera_0,camera_6,2.455044053954502,1.391112853778801,0.9814157782472784
COMFI,3361_CircularWalking,HumanCalib-R,camera_2,camera_4,0.8527534775443296,0.572684110703686,0.9875093516416826
COMFI,3361_CircularWalking,HumanCalib-R,camera_2,camera_6,0.7336524515473365,0.4403289453304299,0.982979797700314
COMFI,3361_CircularWalking,HumanCalib-R,camera_4,camera_6,0.6119320935824856,2.5988347735838397,0.9510711004889576
COMFI,3361_StraightWalking,HumanCalib-R,camera_0,camera_2,1.0635431345904949,3.0666023461131844,0.9974228151744494
COMFI,3361_StraightWalking,HumanCalib-R,camera_0,camera_4,1.836405965761068,0.7937833068631022,0.9901971643318852
COMFI,3361_StraightWalking,HumanCalib-R,camera_0,camera_6,1.6652293941219796,1.1510006272075834,0.9835100429952556
COMFI,3361_StraightWalking,HumanCalib-R,camera_2,camera_4,1.8327969080584812,0.2943089947962332,0.996392506535067
COMFI,3361_StraightWalking,HumanCalib-R,camera_2,camera_6,0.991541404388264,0.4550305006517651,0.9877784398612376
COMFI,3361_StraightWalking,HumanCalib-R,camera_4,camera_6,2.645262732589103,5.13972369054846,1.059991821829228
COMFI,4216_CircularWalking,HumanCalib-R,camera_0,camera_2,2.8950655373236662,0.9033515550238904,0.7964640009509882
COMFI,4216_CircularWalking,HumanCalib-R,camera_0,camera_4,2.833042240724417,1.978461215670952,0.9608478426459316
COMFI,4216_CircularWalking,HumanCalib-R,camera_0,camera_6,2.0119506780792635,1.469574168837212,0.963744132521291
COMFI,4216_CircularWalking,HumanCalib-R,camera_2,camera_4,1.5626768649033944,0.964880963553606,0.9566955221794992
COMFI,4216_CircularWalking,HumanCalib-R,camera_2,camera_6,1.3050608156656345,0.8457766379010666,0.9568020347106326
COMFI,4216_CircularWalking,HumanCalib-R,camera_4,camera_6,0.9208265024359852,0.6860116726753284,1.0193170699251657
COMFI,4216_StraightWalking,HumanCalib-R,camera_0,camera_2,0.4267049742588485,0.7355077404347373,0.964934596004757
COMFI,4216_StraightWalking,HumanCalib-R,camera_0,camera_4,0.2983825591190795,0.5954399760533896,0.9621238305911588
COMFI,4216_StraightWalking,HumanCalib-R,camera_0,camera_6,0.7966032914007345,0.5750268246174582,0.965246712720248
COMFI,4216_StraightWalking,HumanCalib-R,camera_2,camera_4,0.5023981683936141,0.4318971776201276,0.9621116757988052
COMFI,4216_StraightWalking,HumanCalib-R,camera_2,camera_6,1.0446455178825231,0.4441351036789045,0.9652973572337956
COMFI,4216_StraightWalking,HumanCalib-R,camera_4,camera_6,0.9098133598019,2.0542491390931814,0.9627607834228066
COMFI,4279_CircularWalking,HumanCalib-R,camera_0,camera_2,1.5827953790234834,0.8391174553633901,0.944810873546704
COMFI,4279_CircularWalking,HumanCalib-R,camera_0,camera_4,1.4988495619521267,0.9898816625460208,0.9958879287873328
COMFI,4279_CircularWalking,HumanCalib-R,camera_0,camera_6,2.388006766935682,1.7542144708718068,0.9930312928040836
COMFI,4279_CircularWalking,HumanCalib-R,camera_2,camera_4,2.2447725259125804,0.5744876072517608,0.991525581913934
COMFI,4279_CircularWalking,HumanCalib-R,camera_2,camera_6,1.3816026102133818,0.6792979062545473,0.9875487966755208
COMFI,4279_CircularWalking,HumanCalib-R,camera_4,camera_6,2.092593897128256,3.081437360841392,1.096145832036957
COMFI,4279_StraightWalking,HumanCalib-R,camera_0,camera_2,0.8243997876606015,0.9627762505441456,1.0292065755324105
COMFI,4279_StraightWalking,HumanCalib-R,camera_0,camera_4,1.9155575131023248,0.7346076079972856,1.0050600993813228
COMFI,4279_StraightWalking,HumanCalib-R,camera_0,camera_6,1.7460121801361563,0.980642541253266,1.0033663907235226
COMFI,4279_StraightWalking,HumanCalib-R,camera_2,camera_4,2.0682020704522803,0.4617169312507934,1.001466103944966
COMFI,4279_StraightWalking,HumanCalib-R,camera_2,camera_6,1.531780614408952,0.3662722453748799,0.998418783888934
COMFI,4279_StraightWalking,HumanCalib-R,camera_4,camera_6,1.174536736742306,2.6331630477107377,1.034929362102887
COMFI,4509_CircularWalking,HumanCalib-R,camera_0,camera_2,0.7453968764814896,1.3319331507255294,0.9779588796674128
COMFI,4509_CircularWalking,HumanCalib-R,camera_0,camera_4,3.880047179059932,1.2578664579360714,0.9843953310161008
COMFI,4509_CircularWalking,HumanCalib-R,camera_0,camera_6,2.858077763085519,0.960126366106325,0.985706457951951
COMFI,4509_CircularWalking,HumanCalib-R,camera_2,camera_4,3.916984761878621,1.2188759121734083,0.9841457720029184
COMFI,4509_CircularWalking,HumanCalib-R,camera_2,camera_6,2.590920042587314,0.7522202128965562,0.9845072998664568
COMFI,4509_CircularWalking,HumanCalib-R,camera_4,camera_6,1.797878947733434,3.1225633018426646,1.0355395467934827
COMFI,4509_StraightWalking,HumanCalib-R,camera_0,camera_2,1.2567574775329442,0.4239279109615184,1.0203609775659257
COMFI,4509_StraightWalking,HumanCalib-R,camera_0,camera_4,2.010371143724158,1.002140514739706,0.9915065681743892
COMFI,4509_StraightWalking,HumanCalib-R,camera_0,camera_6,2.63957947158249,1.143214275107373,0.9927677511657668
COMFI,4509_StraightWalking,HumanCalib-R,camera_2,camera_4,1.2749030920893625,0.5114086343234676,0.9910059715980816
COMFI,4509_StraightWalking,HumanCalib-R,camera_2,camera_6,1.8654136770622651,0.4979163296991282,0.9918526844954056
COMFI,4509_StraightWalking,HumanCalib-R,camera_4,camera_6,1.0792367961247216,1.2167526616170947,0.983377683018666
COMFI,4612_CircularWalking,HumanCalib-R,camera_0,camera_2,1.2568531635497553,2.0718531156555136,0.9432333936835277
COMFI,4612_CircularWalking,HumanCalib-R,camera_0,camera_4,1.30142748083624,0.8880099462733823,1.000328517353038
COMFI,4612_CircularWalking,HumanCalib-R,camera_0,camera_6,1.4900810423907,0.4041845115026832,0.9985079588686496
COMFI,4612_CircularWalking,HumanCalib-R,camera_2,camera_4,0.8065192343983504,0.3527043945417859,0.9937185389671328
COMFI,4612_CircularWalking,HumanCalib-R,camera_2,camera_6,1.618768792558215,0.2924560006522121,0.9945884909988152
COMFI,4612_CircularWalking,HumanCalib-R,camera_4,camera_6,1.260566039006579,1.1504273831470362,0.9368360700958672
COMFI,4612_StraightWalking,HumanCalib-R,camera_0,camera_2,1.2892944111931175,0.323880123473879,1.079023406978232
COMFI,4612_StraightWalking,HumanCalib-R,camera_0,camera_4,1.4679432847027412,0.8891917510897271,1.0097303460850668
COMFI,4612_StraightWalking,HumanCalib-R,camera_0,camera_6,1.6822775206179643,0.7430026111145936,1.0075040490479863
COMFI,4612_StraightWalking,HumanCalib-R,camera_2,camera_4,0.805001520476954,0.6094088075407151,1.0088399642038646
COMFI,4612_StraightWalking,HumanCalib-R,camera_2,camera_6,1.6783158563101928,0.3038391151138982,1.005803491513741
COMFI,4612_StraightWalking,HumanCalib-R,camera_4,camera_6,1.0198159053024871,1.449746189649615,0.9725273989854876
COMFI,4665_CircularWalking,HumanCalib-R,camera_0,camera_2,0.255406104954413,0.7154627657324272,0.9492065918957392
COMFI,4665_CircularWalking,HumanCalib-R,camera_0,camera_4,1.412891319515903,0.215308237560276,0.9840710887350712
COMFI,4665_CircularWalking,HumanCalib-R,camera_0,camera_6,2.06416124639691,0.4331507925220281,0.9878188700115852
COMFI,4665_CircularWalking,HumanCalib-R,camera_2,camera_4,1.5625275751742358,0.0278442116420757,0.9825698652150616
COMFI,4665_CircularWalking,HumanCalib-R,camera_2,camera_6,2.2477545988292205,0.2963446421067339,0.9879703137655058
COMFI,4665_CircularWalking,HumanCalib-R,camera_4,camera_6,0.749513412207016,1.3273244033776812,0.9553358535278628
COMFI,4665_StraightWalking,HumanCalib-R,camera_0,camera_2,13.924462208671615,50.31953003950189,0.1608271941189514
COMFI,4665_StraightWalking,HumanCalib-R,camera_0,camera_4,43.62881316635639,19.72390753051301,0.8696196770911887
COMFI,4665_StraightWalking,HumanCalib-R,camera_0,camera_6,32.666795197504584,13.690724534089036,0.8432363357711136
COMFI,4665_StraightWalking,HumanCalib-R,camera_2,camera_4,34.65056268361454,15.95570858569863,0.8520182979965585
COMFI,4665_StraightWalking,HumanCalib-R,camera_2,camera_6,38.97282330466698,16.587869385758633,0.8466353946548285
COMFI,4665_StraightWalking,HumanCalib-R,camera_4,camera_6,42.11037521473088,157.55343181812762,0.9954313261254036
