dataset,trial,engine,camera,camera_rotation_deg,camera_position_7dof_mm,camera_position_4dof_mm,median_pair_rotation_deg
BioCV,P03_WALK_01,HumanCalib-M,00,0.3155993128036516,21.619703003841348,78.93840959871285,0.2779921855902736
BioCV,P03_WALK_01,HumanCalib-M,01,0.5746054294755248,30.01722367289979,54.90943365092854,0.6155123283098083
BioCV,P03_WALK_01,HumanCalib-M,02,0.6254538607134909,40.54951294562918,65.91739976251303,0.6685334778718247
BioCV,P03_WALK_01,HumanCalib-M,03,0.2669445889949361,38.37127184967769,11.223693703465328,0.248391720089759
BioCV,P03_WALK_01,HumanCalib-M,04,0.5852799813285514,44.74977450725039,81.80632109873004,0.5029785717604716
BioCV,P03_WALK_01,HumanCalib-M,05,0.3842925910681904,21.840179688488963,93.54994724429434,0.2824871974449844
BioCV,P03_WALK_01,HumanCalib-M,06,0.2980432949249901,19.77592906228472,61.55494421240813,0.4167594492450727
BioCV,P03_WALK_01,HumanCalib-M,07,0.0623779849675406,17.98362449019026,14.014932755073207,0.2805306219404985
BioCV,P03_WALK_01,HumanCalib-M,08,0.234927858636566,11.909993016273871,36.51760060079396,0.2625329894350823
BioCV,P03_WALK_02,HumanCalib-M,00,1.094741605333552,108.8197747497412,149.32479626376636,0.9566079248111355
BioCV,P03_WALK_02,HumanCalib-M,01,1.4397199268513965,101.42008288190308,148.456195208668,1.4737911815192812
BioCV,P03_WALK_02,HumanCalib-M,02,0.6220593035505466,40.731099370367886,99.72929134054544,0.6547428774810726
BioCV,P03_WALK_02,HumanCalib-M,03,0.2875169106131599,66.42188770989353,45.622572318097006,0.4568238841147509
BioCV,P03_WALK_02,HumanCalib-M,04,0.1761121487462397,6.195625538798176,105.42912498491329,0.5747305998267781
BioCV,P03_WALK_02,HumanCalib-M,05,1.5530046581614856,123.8630087187508,204.9699598819468,1.4437643813637346
BioCV,P03_WALK_02,HumanCalib-M,06,0.4079854318122323,64.62166806552642,95.00211343715957,0.5904824092380881
BioCV,P03_WALK_02,HumanCalib-M,07,0.1214985891690473,7.819540204964763,12.14707696196191,0.4247447396873671
BioCV,P03_WALK_02,HumanCalib-M,08,0.3399943837105001,61.60467468974304,82.09195616183547,0.4616088788101354
BioCV,P04_WALK_01,HumanCalib-M,00,0.4496663341415188,33.53876614736976,65.54980171555707,0.5119572640504594
BioCV,P04_WALK_01,HumanCalib-M,01,0.7649239952013073,58.3645791567188,89.97858162110992,0.8075946331854946
BioCV,P04_WALK_01,HumanCalib-M,02,0.4675129716768804,27.9580231068098,68.61165809383257,0.4770223953031534
BioCV,P04_WALK_01,HumanCalib-M,03,0.2003048267390738,48.735746040078055,51.15689131924724,0.2607766287674817
BioCV,P04_WALK_01,HumanCalib-M,04,0.3677497726070639,32.90798914036358,62.7790304460498,0.4376312550603008
BioCV,P04_WALK_01,HumanCalib-M,05,0.2769506803536171,22.884434012103178,77.83487194346998,0.2979010185042151
BioCV,P04_WALK_01,HumanCalib-M,06,0.2892031078152171,15.464349098111835,72.11509206921306,0.2549139959965927
BioCV,P04_WALK_01,HumanCalib-M,07,0.1717075810118794,25.17515321229489,81.82864595651397,0.2517666258920155
BioCV,P04_WALK_01,HumanCalib-M,08,0.2744274781695485,32.85395483609051,62.425622793326205,0.2754487117460901
BioCV,P04_WALK_02,HumanCalib-M,00,0.4687842288656291,34.034120856531494,28.74634910530615,0.5425435137600954
BioCV,P04_WALK_02,HumanCalib-M,01,0.5985826892393026,45.051454547144296,52.421567604926665,0.6109663930921003
BioCV,P04_WALK_02,HumanCalib-M,02,0.4858720816168619,29.88738692105692,34.63707404546775,0.4288364193679096
BioCV,P04_WALK_02,HumanCalib-M,03,0.2350456447044252,22.31448749510777,24.09573745984437,0.2825291236218448
BioCV,P04_WALK_02,HumanCalib-M,04,0.3096479115519944,30.04017987717979,28.027513209951923,0.3958205860239312
BioCV,P04_WALK_02,HumanCalib-M,05,0.2180332213011617,15.249199164633437,34.469853957607945,0.299145497646316
BioCV,P04_WALK_02,HumanCalib-M,06,0.3629288108700008,18.34661385679784,26.68309974284896,0.3656389723724115
BioCV,P04_WALK_02,HumanCalib-M,07,0.1864171518432797,19.92729247833064,29.44451033243636,0.2739767329504524
BioCV,P04_WALK_02,HumanCalib-M,08,0.2485218078554048,33.45740716392661,33.8806477940327,0.3044787059412449
BioCV,P06_WALK_01,HumanCalib-M,00,0.6985153447247279,51.88150838482129,47.75273698006599,0.8839846580559071
BioCV,P06_WALK_01,HumanCalib-M,01,1.0840843760040526,82.34032008226086,85.64835748938371,1.209622717679034
BioCV,P06_WALK_01,HumanCalib-M,02,0.7797773876109038,103.88761230615007,135.3944930766801,0.7763088787301629
BioCV,P06_WALK_01,HumanCalib-M,03,0.272451719997633,83.99311019082371,133.78817615394095,0.6038540846909236
BioCV,P06_WALK_01,HumanCalib-M,04,0.6048761345428513,71.75571359404383,112.51248856693503,0.6907257000558914
BioCV,P06_WALK_01,HumanCalib-M,05,1.4440534927730615,98.78036391283172,95.75821708820496,1.2497876465785502
BioCV,P06_WALK_01,HumanCalib-M,06,0.5589657298333228,56.510137577117206,31.27586133853265,0.7892552528646565
BioCV,P06_WALK_01,HumanCalib-M,07,0.2778957761323509,48.06225633812737,31.677381189206468,0.6199335677460613
BioCV,P06_WALK_01,HumanCalib-M,08,0.163066052076065,55.27395847754792,21.01595132706303,0.5931071757451081
BioCV,P06_WALK_02,HumanCalib-M,00,0.7986632852076878,66.91673844834318,50.388361827358686,1.1182772655933495
BioCV,P06_WALK_02,HumanCalib-M,01,1.3761071143621602,105.58684296235094,102.12829230875148,1.5828750949196215
BioCV,P06_WALK_02,HumanCalib-M,02,1.0072794398635534,119.97474976946742,167.07407769184482,1.0519268456394029
BioCV,P06_WALK_02,HumanCalib-M,03,0.4046968352483797,94.03775313134706,176.34840685821592,0.6593287164827157
BioCV,P06_WALK_02,HumanCalib-M,04,0.6578503498170986,89.455556116871,156.7420267354647,0.5663634765940835
BioCV,P06_WALK_02,HumanCalib-M,05,1.2585920511876574,86.53595682370987,97.31911095576768,0.96021603402774
BioCV,P06_WALK_02,HumanCalib-M,06,0.7214429035542508,77.46225183428656,30.61409539007417,0.5875322708509314
BioCV,P06_WALK_02,HumanCalib-M,07,0.4492011106200259,41.016678752250975,56.66241064342756,0.7322858018201078
BioCV,P06_WALK_02,HumanCalib-M,08,0.2185587619688098,61.84281887569591,55.00915712807227,0.6917085729479691
BioCV,P09_WALK_01,HumanCalib-M,00,0.7914633557885348,35.78339364933177,21.540420577554453,0.8911606479114191
BioCV,P09_WALK_01,HumanCalib-M,01,1.1308328158074024,69.40142021562758,62.58118239597086,1.184216378805684
BioCV,P09_WALK_01,HumanCalib-M,02,0.3677297648128119,47.1823917975945,35.701928479085666,0.3810643836949845
BioCV,P09_WALK_01,HumanCalib-M,03,0.2483756593218447,59.4940460299782,40.84542960835625,0.362947302082073
BioCV,P09_WALK_01,HumanCalib-M,04,0.386271143991402,34.24016956339599,34.70496054127318,0.4185230952602683
BioCV,P09_WALK_01,HumanCalib-M,05,1.0619670441975566,53.59839112393705,59.32839932028056,0.807025173067083
BioCV,P09_WALK_01,HumanCalib-M,06,0.2776164534425988,17.316946661645876,17.721552608820172,0.4522919829918767
BioCV,P09_WALK_01,HumanCalib-M,07,0.1066718813936941,39.92685400066848,51.15193809646841,0.3117309550977768
BioCV,P09_WALK_01,HumanCalib-M,08,0.253850584388773,38.0918498271637,49.83835522415122,0.4148332714265929
BioCV,P09_WALK_02,HumanCalib-M,00,0.7575762241877264,35.01088204152882,31.61692396338361,0.8532812641266462
BioCV,P09_WALK_02,HumanCalib-M,01,1.0855641076868616,61.79251914596698,62.05063010268565,1.1627217539211396
BioCV,P09_WALK_02,HumanCalib-M,02,0.4173569917205951,48.82982472671567,40.26786879837462,0.3845189751809503
BioCV,P09_WALK_02,HumanCalib-M,03,0.2402222156049241,28.32305985984048,20.319486885061607,0.3271333308301817
BioCV,P09_WALK_02,HumanCalib-M,04,0.3333477158182371,32.248299286239714,28.139654626723857,0.477878477096601
BioCV,P09_WALK_02,HumanCalib-M,05,0.98645393984535,49.03645104960783,52.39293110894207,0.7524998542142016
BioCV,P09_WALK_02,HumanCalib-M,06,0.396023732393511,24.303417952386816,29.11548088812753,0.5383402432893323
BioCV,P09_WALK_02,HumanCalib-M,07,0.1419466934198323,29.755414376095416,49.51509964386568,0.3141627078929404
BioCV,P09_WALK_02,HumanCalib-M,08,0.285253651107222,47.9744300863543,48.33542054044654,0.4646296827090486
BioCV,P10_WALK_01,HumanCalib-M,00,0.5857610653736733,31.60276769923737,38.37279889705265,0.5591624659027408
BioCV,P10_WALK_01,HumanCalib-M,01,0.2647592160811189,26.76540644187124,25.87601372779444,0.3654988223024771
BioCV,P10_WALK_01,HumanCalib-M,02,0.1984723275117343,32.20677015602025,28.324224347035152,0.3150234308095044
BioCV,P10_WALK_01,HumanCalib-M,03,0.1022013181242929,28.68201929526746,73.40695173128198,0.236778612754683
BioCV,P10_WALK_01,HumanCalib-M,04,0.2282113153229735,22.21670609520069,40.059571455043326,0.2951748933605963
BioCV,P10_WALK_01,HumanCalib-M,05,0.3211438591972881,27.477128274395813,20.243813557037445,0.3416819029088458
BioCV,P10_WALK_01,HumanCalib-M,06,0.4254542243943174,28.00659449379135,59.43705703135821,0.4329074856745441
BioCV,P10_WALK_01,HumanCalib-M,07,0.0727940010597912,14.959205086539257,49.82369349120782,0.2407749629290711
BioCV,P10_WALK_01,HumanCalib-M,08,0.2925848478817813,16.336148891009323,49.276658749773695,0.3291228732303335
BioCV,P10_WALK_02,HumanCalib-M,00,0.5949978146304744,39.95012353142839,39.06273752883784,0.5344192095487903
BioCV,P10_WALK_02,HumanCalib-M,01,0.1913677625586285,19.431639617849697,32.995719365944,0.2884283453892418
BioCV,P10_WALK_02,HumanCalib-M,02,0.053483246683629,47.40818472255544,26.243332756902078,0.2530614637549518
BioCV,P10_WALK_02,HumanCalib-M,03,0.1819404212740388,28.35595778303627,47.44183464094123,0.2578325309858488
BioCV,P10_WALK_02,HumanCalib-M,04,0.2635238253296215,15.846929950825272,25.63419848232091,0.2703319375913492
BioCV,P10_WALK_02,HumanCalib-M,05,0.3346274957836691,29.36212321161203,31.984366114053213,0.3234676754495015
BioCV,P10_WALK_02,HumanCalib-M,06,0.5390866676721144,35.10038249361799,48.66397269224856,0.518976669721263
BioCV,P10_WALK_02,HumanCalib-M,07,0.1626275331995058,18.440529559128887,34.40543814487906,0.2878948538154362
BioCV,P10_WALK_02,HumanCalib-M,08,0.3452896763271293,29.50109853997624,45.87704912008447,0.3034696491522063
BioCV,P13_WALK_01,HumanCalib-M,00,0.429241188414919,38.96088169542109,61.7727855524136,0.3811735391058767
BioCV,P13_WALK_01,HumanCalib-M,01,0.4820192665609105,32.07241091360752,58.81682507857067,0.4785331889676598
BioCV,P13_WALK_01,HumanCalib-M,02,0.1947099620894891,18.74539259218295,57.702703985024144,0.2769340786296136
BioCV,P13_WALK_01,HumanCalib-M,03,0.172885904192153,28.981598751336403,113.34907277270511,0.2287786730681032
BioCV,P13_WALK_01,HumanCalib-M,04,0.1745478261494843,26.871341538960284,56.47285857695851,0.2175042815976094
BioCV,P13_WALK_01,HumanCalib-M,05,0.1276418945881642,9.124625300231193,61.10153949193361,0.2125501812216178
BioCV,P13_WALK_01,HumanCalib-M,06,0.2699989540006305,22.87247278102325,61.15944557691582,0.3243689315613113
BioCV,P13_WALK_01,HumanCalib-M,07,0.1142895504508805,16.544740944651483,80.38110508412032,0.2168178829408534
BioCV,P13_WALK_01,HumanCalib-M,08,0.1667106690830016,11.646576022920543,62.3087611462272,0.2484713646598577
BioCV,P13_WALK_02,HumanCalib-M,00,0.4735976504310836,46.08002490119952,74.99506933604478,0.4619893528447735
BioCV,P13_WALK_02,HumanCalib-M,01,0.4542448910251134,31.38711262286782,68.00448986848467,0.4599457329929222
BioCV,P13_WALK_02,HumanCalib-M,02,0.2762629529860541,24.8515192188565,82.45722937885773,0.3652924539058447
BioCV,P13_WALK_02,HumanCalib-M,03,0.1643058852537304,29.82110807242635,124.8713760723512,0.2424434522771597
BioCV,P13_WALK_02,HumanCalib-M,04,0.2098309492766351,26.761449871354344,80.43479132546574,0.2678372096207139
BioCV,P13_WALK_02,HumanCalib-M,05,0.1527043952481359,16.98114342487035,79.14343562697823,0.2389769967757327
BioCV,P13_WALK_02,HumanCalib-M,06,0.334252101547644,30.023030568339824,65.81562695354906,0.3415447321637211
BioCV,P13_WALK_02,HumanCalib-M,07,0.1913892289889129,15.660632152127096,85.0353637381072,0.2660686952671143
BioCV,P13_WALK_02,HumanCalib-M,08,0.2435892740173048,20.673342468561657,66.39700201546958,0.3073031547612267
BioCV,P16_WALK_01,HumanCalib-M,00,0.3382466886432148,29.81639265084777,54.51704984654589,0.3949228126382541
BioCV,P16_WALK_01,HumanCalib-M,01,0.4358612576141201,30.68438346615002,35.15334901059449,0.4880441085451556
BioCV,P16_WALK_01,HumanCalib-M,02,0.029795847146546,11.467375424721872,51.293666120770254,0.2057049352197374
BioCV,P16_WALK_01,HumanCalib-M,03,0.1631945134698212,9.838975247275856,69.57947660560667,0.1890675539344709
BioCV,P16_WALK_01,HumanCalib-M,04,0.0978056714321245,5.408507325381282,61.96170884969784,0.137549068694773
BioCV,P16_WALK_01,HumanCalib-M,05,0.1589260231746248,8.014554127241977,45.01299281661645,0.151716577798216
BioCV,P16_WALK_01,HumanCalib-M,06,0.3012624154756576,26.159770156871563,68.0300927516484,0.2768919333051624
BioCV,P16_WALK_01,HumanCalib-M,07,0.1651290215606071,14.699585130526671,47.28095402028299,0.1899841997800267
BioCV,P16_WALK_01,HumanCalib-M,08,0.2295186889097524,36.11033424492196,81.3810691362104,0.2060620325719191
BioCV,P16_WALK_02,HumanCalib-M,00,0.2937571954352858,24.074354157404564,41.811564365178725,0.3624637254752201
BioCV,P16_WALK_02,HumanCalib-M,01,0.4374428408546792,31.67835007854965,27.135270842400907,0.4721243395479709
BioCV,P16_WALK_02,HumanCalib-M,02,0.0295783427226513,15.33238511084809,39.66669726477672,0.2179147127890809
BioCV,P16_WALK_02,HumanCalib-M,03,0.1462745502518302,11.939836503391316,70.25451788142203,0.1792365116656121
BioCV,P16_WALK_02,HumanCalib-M,04,0.1324585551450843,2.886645045395156,55.29280256414511,0.1479914991836373
BioCV,P16_WALK_02,HumanCalib-M,05,0.0724193859574209,5.663735706011489,36.19953893280094,0.1743354967040185
BioCV,P16_WALK_02,HumanCalib-M,06,0.3219724437364589,26.680030992414064,59.488226142741695,0.3154819538488064
BioCV,P16_WALK_02,HumanCalib-M,07,0.1823904884819137,16.970070036159715,40.55329535497455,0.1846449500966172
BioCV,P16_WALK_02,HumanCalib-M,08,0.3011193616687046,45.521991116987465,84.73262086932833,0.2447541455722198
BioCV,P17_WALK_01,HumanCalib-M,00,0.4855114843663594,38.42711981800831,31.03611469738941,0.5526406004329649
BioCV,P17_WALK_01,HumanCalib-M,01,0.6451693480902866,42.5625287361448,47.42492561312497,0.8180059469325883
BioCV,P17_WALK_01,HumanCalib-M,02,0.7521814972778101,60.25038316733632,73.26927772646837,0.9111648495297272
BioCV,P17_WALK_01,HumanCalib-M,03,0.372548210664832,58.576190400586846,90.6489560853312,0.3863960246068468
BioCV,P17_WALK_01,HumanCalib-M,04,0.7372433806361341,58.62565193932648,82.59658258139385,0.5679616642545362
BioCV,P17_WALK_01,HumanCalib-M,05,0.7230904889827713,53.37979540092335,51.29948918171857,0.579945357808756
BioCV,P17_WALK_01,HumanCalib-M,06,0.1827032170391463,25.798651193682144,18.38500188951876,0.4908617815421657
BioCV,P17_WALK_01,HumanCalib-M,07,0.2568655511765954,26.529312104847083,17.342128883185858,0.4036243384058611
BioCV,P17_WALK_01,HumanCalib-M,08,0.4069547136392344,35.007743603651576,9.452767489193333,0.3929699495174367
BioCV,P17_WALK_02,HumanCalib-M,00,0.1782517712057096,18.02185358186456,41.7906581427051,0.2626913454114627
BioCV,P17_WALK_02,HumanCalib-M,01,0.666971312703926,37.61380165039544,50.56927876987789,0.7380869529853498
BioCV,P17_WALK_02,HumanCalib-M,02,0.2916444613557956,13.435354120433614,36.36979503405109,0.4700424256608391
BioCV,P17_WALK_02,HumanCalib-M,03,0.2635392043540231,27.818393499598372,60.34500434861094,0.1839178943762803
BioCV,P17_WALK_02,HumanCalib-M,04,0.1612163118579281,14.007784631076367,52.612868347406256,0.2302600715479451
BioCV,P17_WALK_02,HumanCalib-M,05,0.6459988227595506,35.55552689593678,34.88021172688476,0.3982234052374439
BioCV,P17_WALK_02,HumanCalib-M,06,0.1137408378880678,9.485702229180436,40.33565347260017,0.2661324024540129
BioCV,P17_WALK_02,HumanCalib-M,07,0.283780795751184,16.10953439352085,25.99371762037409,0.2257917501918332
BioCV,P17_WALK_02,HumanCalib-M,08,0.3925506694512032,25.77808890095104,35.17826494120354,0.295342830728019
BioCV,P18_WALK_01,HumanCalib-M,00,0.4700272897566828,33.50558674486844,43.24237555671452,0.5199236324796851
BioCV,P18_WALK_01,HumanCalib-M,01,0.8490921994151032,49.03160016279025,95.96977649611031,0.9309763647485484
BioCV,P18_WALK_01,HumanCalib-M,02,0.776348826321714,62.073489441956696,89.15114869017214,0.8823430175821674
BioCV,P18_WALK_01,HumanCalib-M,03,0.3867383745643887,64.51285146789336,66.20816224127286,0.5814073656898386
BioCV,P18_WALK_01,HumanCalib-M,04,0.777357992442733,50.28335959644329,80.81188611904108,0.5730525601640777
BioCV,P18_WALK_01,HumanCalib-M,05,1.2359179156966806,76.0077195662855,78.50045469511144,0.9543616658361548
BioCV,P18_WALK_01,HumanCalib-M,06,0.1703457355030417,22.496316780512107,49.98678672979679,0.6775927512257737
BioCV,P18_WALK_01,HumanCalib-M,07,0.2619265231315754,22.5974882631539,20.265494825728293,0.5755221806024422
BioCV,P18_WALK_01,HumanCalib-M,08,0.7972114746407872,68.99748049111608,56.98045451002817,0.6562813519391464
BioCV,P18_WALK_02,HumanCalib-M,00,0.535302387225558,54.37975627018994,60.6936138737796,0.7392444973122184
BioCV,P18_WALK_02,HumanCalib-M,01,1.1687954513623204,81.84822916294536,87.39788191656115,1.136540861325238
BioCV,P18_WALK_02,HumanCalib-M,02,0.8467497029361097,76.17981510761186,70.20436239926951,0.8413825473103789
BioCV,P18_WALK_02,HumanCalib-M,03,0.3171737256674163,107.83295684827928,76.45429965163298,0.684935928265088
BioCV,P18_WALK_02,HumanCalib-M,04,1.0060191883045206,78.69210548631894,69.82364348050129,0.9615638050361964
BioCV,P18_WALK_02,HumanCalib-M,05,1.1081694687998038,81.58663837327599,82.28348054406756,0.923374251236909
BioCV,P18_WALK_02,HumanCalib-M,06,0.3716933890962265,58.21510973898527,69.12361022185054,0.7583081629410362
BioCV,P18_WALK_02,HumanCalib-M,07,0.16216389804106,29.236935071306405,46.25207167790526,0.6629809959100535
BioCV,P18_WALK_02,HumanCalib-M,08,0.3720778643840732,63.02382328952388,72.80033250598464,0.6721803071113532
BioCV,P03_WALK_01,HumanCalib-R,00,0.6015578566157062,28.66392526774769,151.0669125870184,0.6872986430150382
BioCV,P03_WALK_01,HumanCalib-R,01,0.2335542984246091,21.702442880761502,103.25773761984532,0.3140588157352458
BioCV,P03_WALK_01,HumanCalib-R,02,0.3560710347097592,21.799989107508363,128.20029578148308,0.4143986428482148
BioCV,P03_WALK_01,HumanCalib-R,03,0.3565337285650874,48.37670836170155,193.78271389902875,0.3290150827097746
BioCV,P03_WALK_01,HumanCalib-R,04,0.2232971744254278,18.36793026683577,150.07090809920803,0.3200459984659925
BioCV,P03_WALK_01,HumanCalib-R,05,0.4284046204151929,15.791321206654496,148.1173197247769,0.5092386528841513
BioCV,P03_WALK_01,HumanCalib-R,06,0.2349153926757695,28.257208596340973,146.0399754363096,0.3801174483337326
BioCV,P03_WALK_01,HumanCalib-R,07,0.3796394836947525,74.06466739965913,68.3944351699901,0.548652668061246
BioCV,P03_WALK_01,HumanCalib-R,08,0.2902249595208291,38.35542168837763,164.17103859466752,0.4708557823070115
BioCV,P03_WALK_02,HumanCalib-R,00,0.7602990399772307,53.09203917357797,174.0896933852117,0.6136037736433166
BioCV,P03_WALK_02,HumanCalib-R,01,0.1345339941931828,18.182128156139203,136.2260442462172,0.3086495656951658
BioCV,P03_WALK_02,HumanCalib-R,02,0.3014652836434193,28.164438135386835,175.63245327568308,0.4197399438981845
BioCV,P03_WALK_02,HumanCalib-R,03,0.2069437446165022,68.72903756302354,239.8928822992875,0.2646771233278434
BioCV,P03_WALK_02,HumanCalib-R,04,0.3316728987677085,31.337144900386228,211.2354028472976,0.4080837238332922
BioCV,P03_WALK_02,HumanCalib-R,05,0.6038534080007902,54.91628085308582,170.70918686782747,0.6150074658706501
BioCV,P03_WALK_02,HumanCalib-R,06,0.7709637645585019,52.89634856818566,145.97231536731294,0.813305302157909
BioCV,P03_WALK_02,HumanCalib-R,07,0.1517901512019049,83.68877408149488,72.71135653704619,0.3326169657852005
BioCV,P03_WALK_02,HumanCalib-R,08,0.1186302438866797,27.01653108524933,163.22997401696648,0.2874054274223265
BioCV,P04_WALK_01,HumanCalib-R,00,0.7500376269553759,49.33680151167495,69.86563101731424,0.667196685623049
BioCV,P04_WALK_01,HumanCalib-R,01,0.3011730008667967,38.86962430454052,67.7535653827225,0.4461699359248723
BioCV,P04_WALK_01,HumanCalib-R,02,0.1213005525606837,21.37754953175004,78.14479319184814,0.36575774664605
BioCV,P04_WALK_01,HumanCalib-R,03,0.1529657442931841,59.80318127560003,133.70241616744667,0.353400083082791
BioCV,P04_WALK_01,HumanCalib-R,04,0.3399226575536166,38.04497086438844,97.5215676474918,0.3477195470802099
BioCV,P04_WALK_01,HumanCalib-R,05,0.6244485113538644,40.07737559391276,82.41667590718012,0.6578001677791658
BioCV,P04_WALK_01,HumanCalib-R,06,0.4874771128200177,55.498075805027085,72.71792789357406,0.5391467811725834
BioCV,P04_WALK_01,HumanCalib-R,07,0.2909315524302337,97.39787176873952,29.06093733293328,0.3922595980179578
BioCV,P04_WALK_01,HumanCalib-R,08,0.1957707116174666,22.59714159236962,88.46921519612242,0.2930994708254286
BioCV,P04_WALK_02,HumanCalib-R,00,0.5976345707823222,28.15810560355265,85.75815131631421,0.6070431748986943
BioCV,P04_WALK_02,HumanCalib-R,01,0.2238495528701344,32.92929817260126,74.02565723835895,0.3588369064640966
BioCV,P04_WALK_02,HumanCalib-R,02,0.1638576468616508,18.631183220164903,106.55306277435513,0.3054801813382158
BioCV,P04_WALK_02,HumanCalib-R,03,0.1841919206125379,38.67825635498392,166.92779650696576,0.3073914959167503
BioCV,P04_WALK_02,HumanCalib-R,04,0.26857198686217,31.12122872563532,129.91054636486737,0.3777731333241774
BioCV,P04_WALK_02,HumanCalib-R,05,0.4374097549453893,17.445082944496114,84.28504330147757,0.4645072644628936
BioCV,P04_WALK_02,HumanCalib-R,06,0.3973748464878401,35.98289228729437,101.35468982304836,0.4808372394790197
BioCV,P04_WALK_02,HumanCalib-R,07,0.2551955799288799,84.90979328484407,45.05719779093385,0.4241973281080556
BioCV,P04_WALK_02,HumanCalib-R,08,0.1082749272928631,37.05883024180977,142.2070912008087,0.268051902169953
BioCV,P06_WALK_01,HumanCalib-R,00,0.8130911824180289,45.72474214022112,132.8846435459297,0.8221635421582978
BioCV,P06_WALK_01,HumanCalib-R,01,0.7575318809132967,35.69112995990573,98.93062435419198,0.7628512422280721
BioCV,P06_WALK_01,HumanCalib-R,02,0.1678821515011362,38.177600132920766,143.5294627826536,0.4819437088449748
BioCV,P06_WALK_01,HumanCalib-R,03,0.2283378527286307,84.04970176311058,267.2509835724717,0.5342687726230206
BioCV,P06_WALK_01,HumanCalib-R,04,0.1755561320398015,23.93542271319196,158.30304308494624,0.4657671755196844
BioCV,P06_WALK_01,HumanCalib-R,05,0.8184066239898848,27.304560153375608,118.88232998261526,0.776617267604703
BioCV,P06_WALK_01,HumanCalib-R,06,0.8447997557879887,68.16060771921448,112.73629563586076,0.7906062739506164
BioCV,P06_WALK_01,HumanCalib-R,07,0.2418260561464058,58.24008513473814,121.23425698582952,0.502033847009374
BioCV,P06_WALK_01,HumanCalib-R,08,0.2101895056428955,58.39293104534489,205.67384147655636,0.4727411586901022
BioCV,P06_WALK_02,HumanCalib-R,00,0.9344946599520604,48.65019728646197,113.74418060179104,0.8857441533514974
BioCV,P06_WALK_02,HumanCalib-R,01,0.4618085422667973,33.40649558581786,94.8243723780889,0.4966991338679816
BioCV,P06_WALK_02,HumanCalib-R,02,0.1919413518102424,28.738150771098997,172.28590851405147,0.2596384204782128
BioCV,P06_WALK_02,HumanCalib-R,03,0.1898609759447138,49.359661697599016,237.00217193266823,0.2772820702552574
BioCV,P06_WALK_02,HumanCalib-R,04,0.1832822112464724,4.148869760071612,168.22107688549073,0.2564399939139362
BioCV,P06_WALK_02,HumanCalib-R,05,0.3178794480758292,17.46762074729492,135.16151550307617,0.304352665394165
BioCV,P06_WALK_02,HumanCalib-R,06,0.8963480203548954,50.76726900496601,136.93711399597854,0.8266455390870335
BioCV,P06_WALK_02,HumanCalib-R,07,0.0798704410510726,74.3401842098884,93.547377625242,0.244572901557963
BioCV,P06_WALK_02,HumanCalib-R,08,0.1828261006781321,49.73580506279022,196.46680244325705,0.220033765135575
BioCV,P09_WALK_01,HumanCalib-R,00,0.9279202759340396,62.495477430812834,98.40601230014931,0.8041536627703254
BioCV,P09_WALK_01,HumanCalib-R,01,0.2784619761850785,13.906483256907515,80.18522711914139,0.3257504028400421
BioCV,P09_WALK_01,HumanCalib-R,02,0.0712234858162994,24.674872854081737,120.20120780681722,0.2653142523764762
BioCV,P09_WALK_01,HumanCalib-R,03,0.1941361342011329,71.60421319689473,204.28286073406971,0.3777224896086499
BioCV,P09_WALK_01,HumanCalib-R,04,0.2295221306081657,24.84088417917976,128.53241236085063,0.3473231349349487
BioCV,P09_WALK_01,HumanCalib-R,05,0.6067515865876666,38.193928307947466,94.43186318745468,0.6226057170136463
BioCV,P09_WALK_01,HumanCalib-R,06,0.6689168106228186,61.718238441164814,95.01829430818454,0.6663300237879415
BioCV,P09_WALK_01,HumanCalib-R,07,0.2728913987941299,75.66120633184269,65.51845912928144,0.4243691455929582
BioCV,P09_WALK_01,HumanCalib-R,08,0.1569595144543117,33.6943072067776,137.67102345481592,0.2472273552961478
BioCV,P09_WALK_02,HumanCalib-R,00,0.7892771854956823,54.36801890188504,88.91997659141961,0.7305599209614677
BioCV,P09_WALK_02,HumanCalib-R,01,0.4372457194552546,25.194324641756747,72.26222243054374,0.4506073097766158
BioCV,P09_WALK_02,HumanCalib-R,02,0.2303011676888468,32.59819836362019,112.10814556401874,0.2884512183995951
BioCV,P09_WALK_02,HumanCalib-R,03,0.2049115662885109,57.858721963986056,180.94945518509215,0.4227980875764237
BioCV,P09_WALK_02,HumanCalib-R,04,0.2326499932950448,28.14753317822144,123.47023468381322,0.3986760060712092
BioCV,P09_WALK_02,HumanCalib-R,05,0.4826154019566329,29.197077016068548,79.32344461947329,0.4946894565581298
BioCV,P09_WALK_02,HumanCalib-R,06,0.6612910238653773,57.91000927989101,90.00646639131804,0.6102118963162213
BioCV,P09_WALK_02,HumanCalib-R,07,0.2290301042358335,81.14298327402958,53.281300416639695,0.391052956359788
BioCV,P09_WALK_02,HumanCalib-R,08,0.0963347925648961,35.138174364380504,131.071626250897,0.299228263784711
BioCV,P10_WALK_01,HumanCalib-R,00,0.6046792669943439,42.689491904774776,122.05103038698589,0.7911932382676135
BioCV,P10_WALK_01,HumanCalib-R,01,0.6528960606720626,26.538223599157583,94.596095757181,0.8031622778497753
BioCV,P10_WALK_01,HumanCalib-R,02,0.3153410941986866,33.36489773239105,158.31560400153785,0.5302713135393704
BioCV,P10_WALK_01,HumanCalib-R,03,0.2171157945638221,70.1283493130886,258.8220027524883,0.4773066696829988
BioCV,P10_WALK_01,HumanCalib-R,04,0.388152131973916,26.078742488378857,162.85696290644972,0.4513938500355217
BioCV,P10_WALK_01,HumanCalib-R,05,0.626859886737162,24.102131137301885,113.21506042556533,0.596217908889352
BioCV,P10_WALK_01,HumanCalib-R,06,0.6189789548681449,33.459680395600785,151.1052004987896,0.4684225654172971
BioCV,P10_WALK_01,HumanCalib-R,07,0.3537285028864842,55.83590975922636,113.95130042902088,0.3746712304357035
BioCV,P10_WALK_01,HumanCalib-R,08,0.3084890233048977,46.28064009435072,195.733980867396,0.3957165311012272
BioCV,P10_WALK_02,HumanCalib-R,00,0.7999148357889674,49.52477124759197,112.29559897789132,0.721986558566342
BioCV,P10_WALK_02,HumanCalib-R,01,0.4037291167348134,23.636800035544216,87.94916014384204,0.3951386216617923
BioCV,P10_WALK_02,HumanCalib-R,02,0.3589940302684108,42.969136200096685,173.66679181240295,0.4911978367702705
BioCV,P10_WALK_02,HumanCalib-R,03,0.2001159272658038,65.98374419449374,256.18059862051416,0.4195875626432986
BioCV,P10_WALK_02,HumanCalib-R,04,0.3059906091239411,30.37723841931061,179.42768087119245,0.4451849284124597
BioCV,P10_WALK_02,HumanCalib-R,05,0.8376906601519752,42.04104706754608,116.69889843106368,0.7899470371599366
BioCV,P10_WALK_02,HumanCalib-R,06,0.4526700336833215,39.89221573093314,135.95978748874495,0.4814861381223736
BioCV,P10_WALK_02,HumanCalib-R,07,0.1313304291095176,45.30501281665085,124.12722053362788,0.3434631748665016
BioCV,P10_WALK_02,HumanCalib-R,08,0.0720976847433822,21.10961282739469,180.419137888849,0.3070046823464939
BioCV,P13_WALK_01,HumanCalib-R,00,1.0102693585213158,65.45071952248873,65.3834742127078,0.707874835250452
BioCV,P13_WALK_01,HumanCalib-R,01,0.4933086173782966,51.5928304378637,51.79860138818946,0.5360161945472032
BioCV,P13_WALK_01,HumanCalib-R,02,0.372512788119724,51.42639609566927,63.70642127105081,0.5645995621693642
BioCV,P13_WALK_01,HumanCalib-R,03,0.5603234425436291,127.82934299054924,157.12913967933673,0.5569245142715595
BioCV,P13_WALK_01,HumanCalib-R,04,0.4118557716607394,42.24302420563874,62.21979115830948,0.5362992691524082
BioCV,P13_WALK_01,HumanCalib-R,05,0.6966703712063083,53.0673534561624,44.40859433192629,0.8395247831527024
BioCV,P13_WALK_01,HumanCalib-R,06,0.7576106526369686,68.28199826017834,62.74649289491073,0.8858955989855115
BioCV,P13_WALK_01,HumanCalib-R,07,0.2896891012248367,105.53937493294184,52.11422668793999,0.5041060249873092
BioCV,P13_WALK_01,HumanCalib-R,08,0.231244347911373,34.86365237697103,67.93444363163192,0.3806419734647914
BioCV,P13_WALK_02,HumanCalib-R,00,1.0968317596792956,79.40929715728453,71.6020196773384,0.7967120027341961
BioCV,P13_WALK_02,HumanCalib-R,01,0.2218967200835262,32.39740239892475,55.29940834336073,0.3920110339861117
BioCV,P13_WALK_02,HumanCalib-R,02,0.381782343468185,44.066357525302735,81.304828768963,0.5680643963359611
BioCV,P13_WALK_02,HumanCalib-R,03,0.3991055773381562,91.03619145433528,129.42627647738428,0.4826932496308851
BioCV,P13_WALK_02,HumanCalib-R,04,0.425185151745932,45.14387346820829,82.47940129790365,0.4987546301015838
BioCV,P13_WALK_02,HumanCalib-R,05,0.5698956765143655,53.15883704141092,77.58154555279694,0.6870025169981164
BioCV,P13_WALK_02,HumanCalib-R,06,0.9335916950002952,80.5457987129764,75.56452221443917,1.0664965570965304
BioCV,P13_WALK_02,HumanCalib-R,07,0.2635066647898609,112.36200506626272,58.9953677327768,0.4440766272728667
BioCV,P13_WALK_02,HumanCalib-R,08,0.2947271107232402,39.3494855107804,79.16010702142594,0.4013184604722467
BioCV,P16_WALK_01,HumanCalib-R,00,0.3990524314743971,21.325800113284878,89.76792925213095,0.4650077864866604
BioCV,P16_WALK_01,HumanCalib-R,01,0.3160756014858622,25.82642922386971,71.79235115119569,0.4075010774019024
BioCV,P16_WALK_01,HumanCalib-R,02,0.2141811589800807,24.23606470526771,105.5297346441256,0.3345352529362358
BioCV,P16_WALK_01,HumanCalib-R,03,0.1211433592054667,40.93967426672848,174.17286550049857,0.2997100499328605
BioCV,P16_WALK_01,HumanCalib-R,04,0.2052859633500921,21.18685774579219,108.6702588009843,0.307962299245966
BioCV,P16_WALK_01,HumanCalib-R,05,0.310673666795733,29.28958880360475,94.74957493072866,0.3498855400324938
BioCV,P16_WALK_01,HumanCalib-R,06,0.4316537345014439,28.629568943031863,97.2119276634499,0.4466078765545304
BioCV,P16_WALK_01,HumanCalib-R,07,0.3176015607504349,80.16797911950695,58.7564464518589,0.4022855506646986
BioCV,P16_WALK_01,HumanCalib-R,08,0.2142253319290484,50.660060503761976,149.50116504392938,0.2573547077845321
BioCV,P16_WALK_02,HumanCalib-R,00,0.6059032474417684,40.56549993589056,83.2356618375917,0.5543978195058247
BioCV,P16_WALK_02,HumanCalib-R,01,0.1498054707033784,9.881817470158644,64.14219740029124,0.2955700111133544
BioCV,P16_WALK_02,HumanCalib-R,02,0.1770007275405827,17.68445107156389,91.51829300589137,0.2619506635516726
BioCV,P16_WALK_02,HumanCalib-R,03,0.1279430471168371,37.02065078996971,154.0777326733505,0.2559962420662934
BioCV,P16_WALK_02,HumanCalib-R,04,0.1373385220662233,3.29601084770196,107.64037151884824,0.2458887378740508
BioCV,P16_WALK_02,HumanCalib-R,05,0.2819104858338699,20.155849666040524,74.9490646397506,0.3006946381731875
BioCV,P16_WALK_02,HumanCalib-R,06,0.512851219615967,38.97853079258158,86.62111726468481,0.4985375908041399
BioCV,P16_WALK_02,HumanCalib-R,07,0.2993680637903667,67.75830988560155,55.0071261980767,0.3871436319459871
BioCV,P16_WALK_02,HumanCalib-R,08,0.0901541079608622,39.30332913718016,129.6961983808752,0.2073858785072578
BioCV,P17_WALK_01,HumanCalib-R,00,0.7005915269031244,42.87231276711898,103.30861936557046,0.380073899123432
BioCV,P17_WALK_01,HumanCalib-R,01,0.2999269316918428,19.222549604012965,81.89432748557276,0.4040883625712842
BioCV,P17_WALK_01,HumanCalib-R,02,0.2950939632202242,20.462128998371327,110.8271658768161,0.4871996459939163
BioCV,P17_WALK_01,HumanCalib-R,03,0.6989842908937938,43.97511790188387,180.24838779667772,0.4681059864856812
BioCV,P17_WALK_01,HumanCalib-R,04,0.3425443943579798,16.63258219031403,125.1089012741528,0.3835071128623497
BioCV,P17_WALK_01,HumanCalib-R,05,0.679475770865333,35.92082961028134,85.18190434872427,0.7995138018818766
BioCV,P17_WALK_01,HumanCalib-R,06,0.4453147930447922,46.15590610218419,107.99440436591335,0.6467552239400561
BioCV,P17_WALK_01,HumanCalib-R,07,0.3279068370029915,78.38918584066772,59.130705865776704,0.4303948955851427
BioCV,P17_WALK_01,HumanCalib-R,08,0.2640854220025322,41.5091285874162,147.1090753800149,0.4093248811262164
BioCV,P17_WALK_02,HumanCalib-R,00,0.7682477633295112,45.514705227762725,90.8022101792731,0.5375173874114247
BioCV,P17_WALK_02,HumanCalib-R,01,0.4864062190124747,32.28343348192224,87.42049434190858,0.3864450230110263
BioCV,P17_WALK_02,HumanCalib-R,02,0.3230288761492527,30.46590376778412,115.3131574549707,0.4575776100637343
BioCV,P17_WALK_02,HumanCalib-R,03,0.5770732347660049,27.164675642384186,160.206526559936,0.4291831969412664
BioCV,P17_WALK_02,HumanCalib-R,04,0.1981580476117258,21.78168616225371,131.79935963127653,0.4075928347723303
BioCV,P17_WALK_02,HumanCalib-R,05,0.610551304266716,35.104976339610154,80.5541949749704,0.7156101280191749
BioCV,P17_WALK_02,HumanCalib-R,06,0.3988825179213108,39.711130131060486,103.59826675168246,0.5362899698167898
BioCV,P17_WALK_02,HumanCalib-R,07,0.2503117452243786,67.80971768804162,63.25137227393248,0.454362018612012
BioCV,P17_WALK_02,HumanCalib-R,08,0.1892508616142721,27.28453647329178,130.8321616405294,0.3987437206265564
BioCV,P18_WALK_01,HumanCalib-R,00,0.783749255970999,66.38084424492227,117.39399666745676,0.925928461094648
BioCV,P18_WALK_01,HumanCalib-R,01,0.834806648398038,56.09336296213466,92.17481643715124,0.9088827861639814
BioCV,P18_WALK_01,HumanCalib-R,02,0.3843615307757514,36.21460988294753,124.2178188794852,0.4418484772368826
BioCV,P18_WALK_01,HumanCalib-R,03,0.4179278643631256,83.79523698703628,211.7635023629339,0.3961936152882578
BioCV,P18_WALK_01,HumanCalib-R,04,0.3609781884283035,25.270642980345546,149.98148045839108,0.4172837686741124
BioCV,P18_WALK_01,HumanCalib-R,05,0.4491193970744587,34.8597283850484,116.51556798878212,0.3405611372104464
BioCV,P18_WALK_01,HumanCalib-R,06,0.6821533154235419,70.01842094762087,92.91269899741528,0.5089756342125757
BioCV,P18_WALK_01,HumanCalib-R,07,0.2878587257296947,68.04762973879276,67.92469447943627,0.4774447445728232
BioCV,P18_WALK_01,HumanCalib-R,08,0.2187912605784541,34.19197017550848,142.91053067684228,0.4219619312779111
BioCV,P18_WALK_02,HumanCalib-R,00,0.6796736465076915,63.52710626772294,82.91073209712998,0.7133978234394153
BioCV,P18_WALK_02,HumanCalib-R,01,0.376227860297085,41.22481253245147,60.592310665680536,0.4764311736413397
BioCV,P18_WALK_02,HumanCalib-R,02,0.2038571506084703,41.93631556634922,84.85013458276623,0.3295037152567512
BioCV,P18_WALK_02,HumanCalib-R,03,0.2614259756949913,126.91591267709444,201.9342903577308,0.3980230626773607
BioCV,P18_WALK_02,HumanCalib-R,04,0.5619424447112077,54.98477613512873,100.04568661722092,0.6099580531401563
BioCV,P18_WALK_02,HumanCalib-R,05,0.3584549191356555,38.92151054325958,49.71457804305268,0.4144389775508159
BioCV,P18_WALK_02,HumanCalib-R,06,0.6614865180943104,77.26790494307477,77.49220308447437,0.6168489892614014
BioCV,P18_WALK_02,HumanCalib-R,07,0.3216874297540901,83.30758705489474,33.128297606368626,0.4226649995995224
BioCV,P18_WALK_02,HumanCalib-R,08,0.1412912749137369,24.75483237102091,90.553922663837,0.337611474269777
I-MOVE-23,subject10,HumanCalib-M,Cam21,0.2307705894915954,25.66792245023403,57.802709758514375,0.3604091379066473
I-MOVE-23,subject10,HumanCalib-M,Cam22,0.2334264653287927,27.824131812889263,84.87632738038208,0.4003543299743321
I-MOVE-23,subject10,HumanCalib-M,Cam23,0.2931119106283395,66.68434709217571,55.538157899681984,0.3615917394139086
I-MOVE-23,subject10,HumanCalib-M,Cam24,0.3039527079821518,39.8979108078109,104.09757740355208,0.3473551349874146
I-MOVE-23,subject10,HumanCalib-M,Cam25,0.4286315722074057,85.45142330094873,110.08570801585924,0.5309174990402518
I-MOVE-23,subject10,HumanCalib-M,Cam26,0.3389570968123327,31.71676524529916,78.29585854032786,0.4867563701478029
I-MOVE-23,subject10,HumanCalib-M,Cam27,0.4771443268905841,87.48531653350183,143.32225846149257,0.5906119987827838
I-MOVE-23,subject10,HumanCalib-M,Cam28,0.6541433107499249,47.00118266072615,90.99922934731455,0.5704851155622829
I-MOVE-23,subject10,HumanCalib-M,Cam29,0.4633922732334047,49.904437868723456,94.15825639502388,0.5531496746776303
I-MOVE-23,subject10,HumanCalib-M,Cam30,0.3986254077439308,20.982571622823247,49.02313130837528,0.3589500696461044
I-MOVE-23,subject11,HumanCalib-M,Cam21,1.2202107993660742,89.92180907361013,149.3286381537138,1.1127554068097247
I-MOVE-23,subject11,HumanCalib-M,Cam22,0.2923454336004079,79.7017289511339,186.85326271725788,0.785069910986294
I-MOVE-23,subject11,HumanCalib-M,Cam23,0.5965535900419278,80.31853961095577,274.76165575212445,0.7505218450295182
I-MOVE-23,subject11,HumanCalib-M,Cam24,0.5104493700349583,86.53929336360777,165.58846056038772,0.8738966211469664
I-MOVE-23,subject11,HumanCalib-M,Cam25,0.7072035989267476,165.89536768634977,147.6817543354482,0.903438485348095
I-MOVE-23,subject11,HumanCalib-M,Cam26,0.8913039639366045,91.11773482202068,264.90865269332176,0.8445545980948874
I-MOVE-23,subject11,HumanCalib-M,Cam27,0.4120124666340183,151.61853245713775,313.2568696847755,0.9558629307263332
I-MOVE-23,subject11,HumanCalib-M,Cam28,1.4183895231579915,136.1680940912369,213.17722110472133,1.7179436816593816
I-MOVE-23,subject11,HumanCalib-M,Cam29,0.7913297899294028,97.1166324619218,175.216057224937,0.9664565222063988
I-MOVE-23,subject11,HumanCalib-M,Cam30,1.2956620811078794,90.35265838436204,133.05156339156312,1.5682138643016537
I-MOVE-23,subject12,HumanCalib-M,Cam21,0.54110450908762,30.362362591617217,77.47718969271561,0.5214238258216033
I-MOVE-23,subject12,HumanCalib-M,Cam22,0.0639550817247961,23.358839941845456,137.73735525147848,0.2150398532318395
I-MOVE-23,subject12,HumanCalib-M,Cam23,0.1994420177908956,26.42420241554061,168.11746348592538,0.2555832836662049
I-MOVE-23,subject12,HumanCalib-M,Cam24,0.2309724531291904,22.31274701854785,98.89244615150834,0.257205520631634
I-MOVE-23,subject12,HumanCalib-M,Cam25,0.1050259319684946,52.26630929719636,111.8309251674687,0.2555832836662049
I-MOVE-23,subject12,HumanCalib-M,Cam26,0.0957521213862526,10.603180742502175,133.69062384252953,0.236244285073436
I-MOVE-23,subject12,HumanCalib-M,Cam27,0.237876510980189,32.35790814787932,133.81021657451674,0.2412705652460158
I-MOVE-23,subject12,HumanCalib-M,Cam28,0.4123822227244256,49.49197328335012,102.68334190425496,0.4481272186208513
I-MOVE-23,subject12,HumanCalib-M,Cam29,0.3222929399690187,15.64449137954852,94.65975780863596,0.3100857933102157
I-MOVE-23,subject12,HumanCalib-M,Cam30,0.3783045774445449,26.731023897574307,66.26371119416572,0.3808024806791206
I-MOVE-23,subject13,HumanCalib-M,Cam21,0.5973551683458601,64.95439253799536,101.88323600747864,0.7016388175518259
I-MOVE-23,subject13,HumanCalib-M,Cam22,0.3190344951940868,43.86219501637449,203.76438491208845,0.4104054975211402
I-MOVE-23,subject13,HumanCalib-M,Cam23,0.4647930968069658,183.52361415831547,338.3128900063257,0.5153158473179159
I-MOVE-23,subject13,HumanCalib-M,Cam24,0.5372539773587267,53.43898839536744,144.69469424628363,0.4839058921339287
I-MOVE-23,subject13,HumanCalib-M,Cam25,0.8136685891368467,174.49611217959722,165.1671753133221,0.9632497815503336
I-MOVE-23,subject13,HumanCalib-M,Cam26,0.4254024136319581,150.2129661121371,68.13798588495735,0.5153158473179159
I-MOVE-23,subject13,HumanCalib-M,Cam27,0.4389150239309862,108.34444556036075,227.904191304739,0.6404624564416517
I-MOVE-23,subject13,HumanCalib-M,Cam28,0.2606020165300637,48.79249841703773,94.93770458475912,0.5610238886024935
I-MOVE-23,subject13,HumanCalib-M,Cam29,0.6814159878256505,58.48412146139848,107.33385063878228,0.6944737909494726
I-MOVE-23,subject13,HumanCalib-M,Cam30,0.417352050111051,37.15387099905929,61.2537795564105,0.4669800552371426
I-MOVE-23,subject2,HumanCalib-M,Cam21,0.2356630970463044,20.604468965903017,36.1687410896306,0.4259609313020072
I-MOVE-23,subject2,HumanCalib-M,Cam22,0.2059428287078541,39.73417424179953,34.22286182264051,0.317665761551776
I-MOVE-23,subject2,HumanCalib-M,Cam23,0.3647521076633581,50.05124560010086,59.34921023760053,0.4390222177538789
I-MOVE-23,subject2,HumanCalib-M,Cam24,0.2247128287630654,32.19224150759375,60.24607933500934,0.2711593205419043
I-MOVE-23,subject2,HumanCalib-M,Cam25,0.3403864032877223,104.24368591702212,114.02925253898115,0.3546419880564715
I-MOVE-23,subject2,HumanCalib-M,Cam26,0.2962625288182893,67.96226413581162,60.61986887153294,0.4006724936995762
I-MOVE-23,subject2,HumanCalib-M,Cam27,0.2487617813273207,85.40631291364966,86.43595440373542,0.3619894392161648
I-MOVE-23,subject2,HumanCalib-M,Cam28,0.3495784728166694,40.41816467022288,41.09695124188685,0.3553621316371393
I-MOVE-23,subject2,HumanCalib-M,Cam29,0.2818976958264733,40.61814866676282,38.445140432913306,0.3946450759368575
I-MOVE-23,subject2,HumanCalib-M,Cam30,0.4456386654913051,42.63144109099735,45.10976854001275,0.5141521517752671
I-MOVE-23,subject3,HumanCalib-M,Cam21,0.4211392398718678,38.72653763633807,95.117494245744,0.4427269632180516
I-MOVE-23,subject3,HumanCalib-M,Cam22,0.4008671439145535,37.889156326653776,171.3072904116097,0.4553829994278003
I-MOVE-23,subject3,HumanCalib-M,Cam23,0.1129663977419547,63.12739186626268,131.55575414726175,0.3611525099014931
I-MOVE-23,subject3,HumanCalib-M,Cam24,0.1201934401447661,87.87655811470577,189.46961671334125,0.385218851329872
I-MOVE-23,subject3,HumanCalib-M,Cam25,0.8894544005558381,98.44301563420738,172.10144278067588,0.7388497195036136
I-MOVE-23,subject3,HumanCalib-M,Cam26,0.419454536341636,57.75112185370414,131.05088800505783,0.4016517338584949
I-MOVE-23,subject3,HumanCalib-M,Cam27,0.7355133918932575,109.44038524944396,129.39902892283885,0.6934405232320446
I-MOVE-23,subject3,HumanCalib-M,Cam28,0.8114078760107476,79.90541397517069,145.30994918522129,0.895329602727136
I-MOVE-23,subject3,HumanCalib-M,Cam29,0.4028763033485971,36.24209693062859,138.29429186901498,0.3778951082458518
I-MOVE-23,subject3,HumanCalib-M,Cam30,0.4042845349188145,69.0815699942093,105.23060151392318,0.5939227739132613
I-MOVE-23,subject4,HumanCalib-M,Cam21,0.1927221701427085,23.27138605423288,64.35998503451839,0.289552582988811
I-MOVE-23,subject4,HumanCalib-M,Cam22,0.1568418122407509,24.62951331409391,93.27242725374124,0.289552582988811
I-MOVE-23,subject4,HumanCalib-M,Cam23,0.1729061215702324,27.284261736417807,85.64773576913439,0.2899929261215951
I-MOVE-23,subject4,HumanCalib-M,Cam24,0.1671155432462759,25.871569720450427,86.68929454261297,0.2970191247623231
I-MOVE-23,subject4,HumanCalib-M,Cam25,0.302221020369681,54.224578053284205,80.28695715185647,0.4078002747861202
I-MOVE-23,subject4,HumanCalib-M,Cam26,0.3071190955987306,30.81121124563813,71.48270911540574,0.3153431020292232
I-MOVE-23,subject4,HumanCalib-M,Cam27,0.3557417630037895,48.89577662378762,100.11063895005636,0.401671076345814
I-MOVE-23,subject4,HumanCalib-M,Cam28,0.2808323867885779,42.3622807319978,92.529098473405,0.2855396287101922
I-MOVE-23,subject4,HumanCalib-M,Cam29,0.0823221774130952,23.758014634981624,76.52817169704713,0.2580225543139455
I-MOVE-23,subject4,HumanCalib-M,Cam30,0.3260347424216375,33.75716725974297,63.42612189291098,0.308259503679297
I-MOVE-23,subject5,HumanCalib-M,Cam21,0.2316356551930403,36.16425076832244,136.09396861622983,0.4427224138579329
I-MOVE-23,subject5,HumanCalib-M,Cam22,0.3432162869614101,30.38932731637493,250.26566238423743,0.2819511017862513
I-MOVE-23,subject5,HumanCalib-M,Cam23,0.1626792809227998,50.53952373943917,216.661264449408,0.2775349625944788
I-MOVE-23,subject5,HumanCalib-M,Cam24,0.1480510544457039,58.22827726386906,227.1922535269551,0.2603841777214053
I-MOVE-23,subject5,HumanCalib-M,Cam25,0.7630609452436694,102.1496693552175,255.11549235565116,0.8095319521963315
I-MOVE-23,subject5,HumanCalib-M,Cam26,0.4303983515499164,46.45109399996501,188.8171020162488,0.5482482498365374
I-MOVE-23,subject5,HumanCalib-M,Cam27,0.3006070234684516,47.05180003977164,203.284851543956,0.3612545389674857
I-MOVE-23,subject5,HumanCalib-M,Cam28,0.3495562012924983,43.764771929034566,169.19975159814464,0.2680625592176043
I-MOVE-23,subject5,HumanCalib-M,Cam29,0.2700433116162117,31.63042706648017,179.1100332077697,0.2868217689428914
I-MOVE-23,subject5,HumanCalib-M,Cam30,0.4773447640058373,44.36868681352019,120.75738435953758,0.3022940599506611
I-MOVE-23,subject6,HumanCalib-M,Cam21,0.4393821342795921,26.35625183077773,96.73886564433168,0.5578392655089884
I-MOVE-23,subject6,HumanCalib-M,Cam22,0.1208075912373763,10.498147893834757,161.68694707282023,0.4649745454006477
I-MOVE-23,subject6,HumanCalib-M,Cam23,0.1670234731709235,59.48769269065498,132.14661172550774,0.4113136611962338
I-MOVE-23,subject6,HumanCalib-M,Cam24,0.3658019887601432,38.61881471196272,162.7279674452126,0.4699290030090284
I-MOVE-23,subject6,HumanCalib-M,Cam25,0.3459838909185805,53.197341364069146,175.08733579915832,0.4699290030090284
I-MOVE-23,subject6,HumanCalib-M,Cam26,0.3920618557594757,51.48993014215578,132.1010690391147,0.4788751248179719
I-MOVE-23,subject6,HumanCalib-M,Cam27,0.6555761465121481,80.99158716252357,161.43453885590964,0.7257881709215501
I-MOVE-23,subject6,HumanCalib-M,Cam28,0.4382394739677142,39.5943395664888,129.28102762831213,0.4850052334122449
I-MOVE-23,subject6,HumanCalib-M,Cam29,0.4386839898884421,30.385632367720007,138.541958923251,0.5177873997183686
I-MOVE-23,subject6,HumanCalib-M,Cam30,0.8424953589678625,49.09406940072959,101.92403140545196,0.867565302408127
I-MOVE-23,subject7,HumanCalib-M,Cam21,0.4408763783541707,13.012962399066568,56.8083593444614,0.3511048711990293
I-MOVE-23,subject7,HumanCalib-M,Cam22,0.0933849432294158,57.83109343528025,52.470757368245,0.2325069099173193
I-MOVE-23,subject7,HumanCalib-M,Cam23,0.297685140212395,35.29879114854991,68.82136668485022,0.2181391485255177
I-MOVE-23,subject7,HumanCalib-M,Cam24,0.2784003009021396,36.056560048302906,52.28866053989652,0.2213236186865422
I-MOVE-23,subject7,HumanCalib-M,Cam25,0.72837030259178,103.03061047336368,107.3145897376518,0.5765561139496207
I-MOVE-23,subject7,HumanCalib-M,Cam26,0.1925689205817778,24.601633483539768,58.726040783338966,0.2015834991697958
I-MOVE-23,subject7,HumanCalib-M,Cam27,0.3419730301777096,29.26236383230549,19.74638786414417,0.209502727047666
I-MOVE-23,subject7,HumanCalib-M,Cam28,0.1662749111233698,10.552815322100548,41.44478335054347,0.3465594902838527
I-MOVE-23,subject7,HumanCalib-M,Cam29,0.4649004368675336,18.407305770041905,26.32054778826733,0.3001881262183334
I-MOVE-23,subject7,HumanCalib-M,Cam30,0.4765943010218701,51.11521113994947,74.03546977594637,0.7184541092834567
I-MOVE-23,subject9,HumanCalib-M,Cam21,0.4161666199584217,19.94473270978589,133.72117276138025,0.4044809568419344
I-MOVE-23,subject9,HumanCalib-M,Cam22,0.0694536927557958,33.66507280903268,84.64323847958393,0.3445189148650653
I-MOVE-23,subject9,HumanCalib-M,Cam23,0.2462238743467024,46.5742362744771,149.1518111715332,0.2540980333183961
I-MOVE-23,subject9,HumanCalib-M,Cam24,0.4429810294333947,31.94975510804511,125.7556484345566,0.3050404641036114
I-MOVE-23,subject9,HumanCalib-M,Cam25,0.5425260936120356,91.68947869473712,123.38618571406876,0.4632768501266168
I-MOVE-23,subject9,HumanCalib-M,Cam26,0.3659076856987313,22.07243156390573,143.66035933059166,0.3445189148650653
I-MOVE-23,subject9,HumanCalib-M,Cam27,0.3608173156202614,20.93281740569613,61.00514104454092,0.3308996054643803
I-MOVE-23,subject9,HumanCalib-M,Cam28,0.2153263608333571,30.1274842901174,134.19537496249538,0.485282420184808
I-MOVE-23,subject9,HumanCalib-M,Cam29,0.1956049894287511,40.105109464195394,131.4616857361435,0.4267868493665807
I-MOVE-23,subject9,HumanCalib-M,Cam30,0.4751745101296079,42.14468291046573,137.07517993703388,0.7323149958635172
I-MOVE-23,subject10,HumanCalib-R,Cam21,0.2055638330568835,27.34110517305576,12.952197973945983,0.2291185097848368
I-MOVE-23,subject10,HumanCalib-R,Cam22,0.2483179636045197,34.27774290718292,67.73592369652376,0.2570113957774401
I-MOVE-23,subject10,HumanCalib-R,Cam23,0.1481825688724939,25.518757585921826,44.87184953560848,0.2260463454346485
I-MOVE-23,subject10,HumanCalib-R,Cam24,0.1333045470209638,17.863971872725788,22.671932026746667,0.2001891800429426
I-MOVE-23,subject10,HumanCalib-R,Cam25,0.088231293137695,14.8608214749899,35.550350033820415,0.147108350312498
I-MOVE-23,subject10,HumanCalib-R,Cam26,0.0706500058879967,16.471293904058292,30.39991197089533,0.1424492457249114
I-MOVE-23,subject10,HumanCalib-R,Cam27,0.1218621952278286,15.54950191050241,25.53745754055444,0.1710892641532946
I-MOVE-23,subject10,HumanCalib-R,Cam28,0.3054576499674382,23.7088413433481,33.80313930609709,0.2952835756819742
I-MOVE-23,subject10,HumanCalib-R,Cam29,0.2323320007372109,16.0558703135548,27.797705244033395,0.2570113957774401
I-MOVE-23,subject10,HumanCalib-R,Cam30,0.0823699203585538,12.20669925815118,17.681270668164913,0.143490326038138
I-MOVE-23,subject11,HumanCalib-R,Cam21,0.4130732283555575,52.11152919537148,71.48078345727676,0.487299566256388
I-MOVE-23,subject11,HumanCalib-R,Cam22,0.1977784562626581,28.42602129248417,52.591130002131685,0.2722298186763489
I-MOVE-23,subject11,HumanCalib-R,Cam23,0.1978344971623064,47.81855310735347,39.929595232840434,0.332734476957474
I-MOVE-23,subject11,HumanCalib-R,Cam24,0.0953399875588177,16.699032918928562,39.967819565529645,0.2551218314033827
I-MOVE-23,subject11,HumanCalib-R,Cam25,0.1782619672618899,40.50087835645216,60.02457082120553,0.2629963779828993
I-MOVE-23,subject11,HumanCalib-R,Cam26,0.2109042385712911,29.965647177811437,57.37265030252507,0.3278887255971096
I-MOVE-23,subject11,HumanCalib-R,Cam27,0.2021900677678426,36.55229215268431,70.63110278960708,0.3031713147273257
I-MOVE-23,subject11,HumanCalib-R,Cam28,0.5694078418961639,62.08439221575299,78.4890025046704,0.584783221881062
I-MOVE-23,subject11,HumanCalib-R,Cam29,0.2412635030637592,24.54515599957835,37.93966532041173,0.2877334284037789
I-MOVE-23,subject11,HumanCalib-R,Cam30,0.3255576076449853,24.817726499971165,41.09503238723574,0.3325514707335403
I-MOVE-23,subject12,HumanCalib-R,Cam21,0.535372059406551,28.66398731393475,52.68148883533506,0.5066326127910181
I-MOVE-23,subject12,HumanCalib-R,Cam22,0.1586471049396941,22.80954522061306,57.508256410758015,0.2369721748401169
I-MOVE-23,subject12,HumanCalib-R,Cam23,0.3093311304498998,31.30832807352614,65.44007560708191,0.3472845807677314
I-MOVE-23,subject12,HumanCalib-R,Cam24,0.1301861096300262,28.95895886884213,47.90772329520021,0.3416234660484021
I-MOVE-23,subject12,HumanCalib-R,Cam25,0.1244737672531686,15.66985042142853,69.2712358879134,0.4045184719814448
I-MOVE-23,subject12,HumanCalib-R,Cam26,0.2955885303813992,31.74397085398903,80.63146633265055,0.3256446336182942
I-MOVE-23,subject12,HumanCalib-R,Cam27,0.1724502969333329,21.96143578085583,58.3926852900893,0.3541962782234302
I-MOVE-23,subject12,HumanCalib-R,Cam28,0.5258132002627567,58.78857096335516,75.94013621143839,0.5654600349244682
I-MOVE-23,subject12,HumanCalib-R,Cam29,0.3831440255026468,30.522489872575772,52.76801604113305,0.3995989517000005
I-MOVE-23,subject12,HumanCalib-R,Cam30,0.46435152037909,31.74436157063468,51.89758311694463,0.5496869430178621
I-MOVE-23,subject13,HumanCalib-R,Cam21,0.2353142333726344,24.76061113836675,118.36118067591453,0.3349104765368315
I-MOVE-23,subject13,HumanCalib-R,Cam22,0.2634187518867876,11.082164584586032,225.56831853465607,0.4023782324871918
I-MOVE-23,subject13,HumanCalib-R,Cam23,0.2682956533721294,25.67379788726285,236.6960739158903,0.2851234404109998
I-MOVE-23,subject13,HumanCalib-R,Cam24,0.2671865557364224,22.205088068488543,158.77215100854565,0.3605365337360069
I-MOVE-23,subject13,HumanCalib-R,Cam25,0.3287155502635872,34.14776745852126,232.1506923034735,0.4361158119222585
I-MOVE-23,subject13,HumanCalib-R,Cam26,0.1713125086062583,21.895543239125963,211.7089365602405,0.2352732169180024
I-MOVE-23,subject13,HumanCalib-R,Cam27,0.2817977725744144,25.968006405095583,190.7208611650144,0.28139973506677
I-MOVE-23,subject13,HumanCalib-R,Cam28,0.3513818107673339,40.35705050739354,133.0057708522088,0.4116935778051788
I-MOVE-23,subject13,HumanCalib-R,Cam29,0.5550567156762484,30.08508131454755,145.09859362067854,0.563109241545413
I-MOVE-23,subject13,HumanCalib-R,Cam30,0.1313622870730286,14.231894873348764,85.36376394043151,0.3001869218751849
I-MOVE-23,subject2,HumanCalib-R,Cam21,0.3066912902132309,34.81204196778079,64.70890875549311,0.3921547999635035
I-MOVE-23,subject2,HumanCalib-R,Cam22,0.1086829091251054,16.1517993522121,101.15867550487506,0.2019317139384175
I-MOVE-23,subject2,HumanCalib-R,Cam23,0.3426623942832765,21.817722595757328,105.33851538093198,0.3829888461728686
I-MOVE-23,subject2,HumanCalib-R,Cam24,0.1873792468324331,22.25777426783115,85.63387900862813,0.2689296118186333
I-MOVE-23,subject2,HumanCalib-R,Cam25,0.1559998192135332,23.84508565818431,121.87741845753987,0.1824108440363074
I-MOVE-23,subject2,HumanCalib-R,Cam26,0.3995104394756273,24.149195335717785,92.300589937956,0.4155273196926881
I-MOVE-23,subject2,HumanCalib-R,Cam27,0.1238204764496635,21.066155431274066,61.63678990971221,0.2072504497420782
I-MOVE-23,subject2,HumanCalib-R,Cam28,0.2924199343036288,32.76703281178403,52.29949743846021,0.3409896360633256
I-MOVE-23,subject2,HumanCalib-R,Cam29,0.186263305730211,16.721138611160324,64.74478151018565,0.2689296118186333
I-MOVE-23,subject2,HumanCalib-R,Cam30,0.1317516886087179,10.68305855183181,34.76857426234388,0.1807887095321582
I-MOVE-23,subject3,HumanCalib-R,Cam21,0.2990936519532501,25.73185508599816,37.38666974561794,0.365122241756844
I-MOVE-23,subject3,HumanCalib-R,Cam22,0.0844612322121373,6.22154743272027,42.731065425667545,0.2387871196173785
I-MOVE-23,subject3,HumanCalib-R,Cam23,0.4452532389882725,23.707116331260256,45.5872656639759,0.4544052176585468
I-MOVE-23,subject3,HumanCalib-R,Cam24,0.1844184465294531,21.34265503467112,38.07530084188825,0.3036393767148306
I-MOVE-23,subject3,HumanCalib-R,Cam25,0.3005040683652039,40.19339101034694,60.44126346733921,0.3036393767148306
I-MOVE-23,subject3,HumanCalib-R,Cam26,0.5650912934179243,35.98041874502725,56.56693886366643,0.5563410610183394
I-MOVE-23,subject3,HumanCalib-R,Cam27,0.1740301782426277,22.226219405654323,40.4556190167992,0.2971054656391704
I-MOVE-23,subject3,HumanCalib-R,Cam28,0.3886030984399549,48.949405340989074,57.37383799761077,0.4629834610997657
I-MOVE-23,subject3,HumanCalib-R,Cam29,0.2775233717483444,16.89810465115282,10.551931772409128,0.2767257028685353
I-MOVE-23,subject3,HumanCalib-R,Cam30,0.136055941673994,13.485868233950765,18.757312240667225,0.2612822043074682
I-MOVE-23,subject4,HumanCalib-R,Cam21,0.363562355331434,35.07329259978862,46.98260631950431,0.4112670743280025
I-MOVE-23,subject4,HumanCalib-R,Cam22,0.162433143648994,19.073260448145167,29.52056842749916,0.2007373737844824
I-MOVE-23,subject4,HumanCalib-R,Cam23,0.1170636218677409,16.76346832364549,34.408800779185015,0.2323894560209186
I-MOVE-23,subject4,HumanCalib-R,Cam24,0.1871506998422396,20.208526698639965,29.152256876066215,0.2171090567848073
I-MOVE-23,subject4,HumanCalib-R,Cam25,0.148437782229237,15.531103379972537,40.2671493277731,0.2060537115173494
I-MOVE-23,subject4,HumanCalib-R,Cam26,0.2366464594247341,27.45404810815172,47.16002598677617,0.2323894560209186
I-MOVE-23,subject4,HumanCalib-R,Cam27,0.1303441368745642,12.977703020854143,30.502982535327437,0.2263530210132893
I-MOVE-23,subject4,HumanCalib-R,Cam28,0.3855104006373216,37.5483484292644,45.02783962236049,0.4055771203125947
I-MOVE-23,subject4,HumanCalib-R,Cam29,0.3460825994819862,20.662714506817174,30.514619046425786,0.3583737912162211
I-MOVE-23,subject4,HumanCalib-R,Cam30,0.104898136563114,18.64978002072248,28.823473809813496,0.226327699797336
I-MOVE-23,subject5,HumanCalib-R,Cam21,0.3106375758812314,18.48574994313272,88.0548636095814,0.3490879566282071
I-MOVE-23,subject5,HumanCalib-R,Cam22,0.1226025547845352,26.38322291523579,148.9364426645308,0.231321524398762
I-MOVE-23,subject5,HumanCalib-R,Cam23,0.1623949230616165,31.51230126917485,163.62949639835895,0.2399394565941413
I-MOVE-23,subject5,HumanCalib-R,Cam24,0.147979481267838,21.027708590891205,133.89194724474052,0.2409081318185711
I-MOVE-23,subject5,HumanCalib-R,Cam25,0.1921560134033006,26.757954840408157,168.21342899075185,0.2409081318185711
I-MOVE-23,subject5,HumanCalib-R,Cam26,0.0813394307756215,21.10920157664564,155.6312480079592,0.1738474703074699
I-MOVE-23,subject5,HumanCalib-R,Cam27,0.0840378217470636,9.248582951756855,133.58399772791157,0.1962723879795621
I-MOVE-23,subject5,HumanCalib-R,Cam28,0.299886153853604,38.71912546814594,117.00284318307264,0.2859293003660843
I-MOVE-23,subject5,HumanCalib-R,Cam29,0.3596631951531495,29.41442821903137,124.0267758323738,0.3804766085674728
I-MOVE-23,subject5,HumanCalib-R,Cam30,0.118589746328508,14.838016696973297,66.75714740208015,0.1436675192069716
I-MOVE-23,subject6,HumanCalib-R,Cam21,0.6488928421000125,38.17321352557464,113.86216022349188,0.6864819892182671
I-MOVE-23,subject6,HumanCalib-R,Cam22,0.1457735857029596,27.943406532722094,112.59080925816798,0.2552067986033388
I-MOVE-23,subject6,HumanCalib-R,Cam23,0.2119366602440675,20.94099841303325,132.71969708101042,0.2971023299496953
I-MOVE-23,subject6,HumanCalib-R,Cam24,0.1607847451380196,34.977520973648986,124.91051468052586,0.3043389458996104
I-MOVE-23,subject6,HumanCalib-R,Cam25,0.1766091009991929,13.087726670778716,146.4815417986858,0.2529673876104545
I-MOVE-23,subject6,HumanCalib-R,Cam26,0.5053139254875101,33.71355409473182,159.52125785663898,0.5563819257785578
I-MOVE-23,subject6,HumanCalib-R,Cam27,0.0870484118297659,16.652678300496355,93.6281392497246,0.2441337219282967
I-MOVE-23,subject6,HumanCalib-R,Cam28,0.4461845752392851,45.08572475228412,113.25585788143052,0.3875991043221945
I-MOVE-23,subject6,HumanCalib-R,Cam29,0.2324673050861284,19.162126156606213,108.24909178539608,0.3043389458996104
I-MOVE-23,subject6,HumanCalib-R,Cam30,0.2203191717889187,26.191733604427466,77.6276174658349,0.2894389129914602
I-MOVE-23,subject7,HumanCalib-R,Cam21,0.2817264455566162,17.050482963540805,83.03914931826786,0.3133095768869196
I-MOVE-23,subject7,HumanCalib-R,Cam22,0.069494557258925,21.056498607979943,11.025009207552788,0.2933075454238885
I-MOVE-23,subject7,HumanCalib-R,Cam23,0.2884475024289774,15.692453964138592,75.57589455414694,0.2933075454238885
I-MOVE-23,subject7,HumanCalib-R,Cam24,0.2275956759911347,6.64666792680341,95.5007008413233,0.31378714006824
I-MOVE-23,subject7,HumanCalib-R,Cam25,0.2161578693721548,23.850483262833745,94.1523480737668,0.3308723571395835
I-MOVE-23,subject7,HumanCalib-R,Cam26,0.444210891951281,32.0006537195949,91.84536472250124,0.4302700310177598
I-MOVE-23,subject7,HumanCalib-R,Cam27,0.3080247834959101,14.935211294965788,12.32614090825188,0.2948313018476428
I-MOVE-23,subject7,HumanCalib-R,Cam28,0.3272504851296891,45.60998277583678,63.73623990303381,0.3954226260648362
I-MOVE-23,subject7,HumanCalib-R,Cam29,0.1871803703637519,16.16916493083537,62.06959147906032,0.3103293423303904
I-MOVE-23,subject7,HumanCalib-R,Cam30,0.365707579220009,26.58075040694058,69.93839196410643,0.4754003952629663
I-MOVE-23,subject9,HumanCalib-R,Cam21,0.3909027217561063,32.606805859172475,138.70143835413154,0.4508940603191048
I-MOVE-23,subject9,HumanCalib-R,Cam22,0.1309933508292379,30.232661590452597,20.922996302569345,0.2672632959078549
I-MOVE-23,subject9,HumanCalib-R,Cam23,0.3122762086853199,18.275505604917925,94.3077298164538,0.3843876956974884
I-MOVE-23,subject9,HumanCalib-R,Cam24,0.2406201143374069,24.61973026629184,117.87089556111744,0.2834278939289005
I-MOVE-23,subject9,HumanCalib-R,Cam25,0.1798466316567724,20.47030573246068,115.07688854425092,0.3068094832830453
I-MOVE-23,subject9,HumanCalib-R,Cam26,0.4525950886496045,27.35925756333899,124.44504530364952,0.4859835835943111
I-MOVE-23,subject9,HumanCalib-R,Cam27,0.2615418555459877,22.05783851681583,43.06264632922224,0.2672632959078549
I-MOVE-23,subject9,HumanCalib-R,Cam28,0.3394235805528889,30.51568376651163,118.91883642242895,0.436612701798537
I-MOVE-23,subject9,HumanCalib-R,Cam29,0.3480202662117573,24.900399825370677,135.2188964335399,0.4211623516913652
I-MOVE-23,subject9,HumanCalib-R,Cam30,0.4375372023834449,30.210192308215294,120.79623956167832,0.57078886371877
OpenCap,subject10_walking1,HumanCalib-M,Cam0,4.402049554040805,54.054636666244505,71.61735276822841,1.8173929860462408
OpenCap,subject10_walking1,HumanCalib-M,Cam1,3.744580521210569,39.464358714038,30.04804443115021,1.4155244770968485
OpenCap,subject10_walking1,HumanCalib-M,Cam2,0.6499646805332041,100.97304721740436,162.8640900301793,1.6307365980730677
OpenCap,subject10_walking1,HumanCalib-M,Cam3,3.6937616254239063,43.60852336559031,29.925390620135623,1.399496064602376
OpenCap,subject10_walking1,HumanCalib-M,Cam4,4.1857350646037785,70.50965059914182,87.30347483579966,1.7504146664989624
OpenCap,subject10_walking2,HumanCalib-M,Cam0,4.2491350538536965,50.28946424441526,79.55306331755048,1.858990188345265
OpenCap,subject10_walking2,HumanCalib-M,Cam1,3.614530986301502,28.809355969911334,17.377508431872577,1.3386824906933446
OpenCap,subject10_walking2,HumanCalib-M,Cam2,0.5912039906695206,101.56675108809014,164.00945547340226,1.551015419778107
OpenCap,subject10_walking2,HumanCalib-M,Cam3,3.691692988244019,49.29573001392619,33.914908539842656,1.3374572708604942
OpenCap,subject10_walking2,HumanCalib-M,Cam4,4.324813049158439,78.70688987936902,84.41227243208114,1.5229910770106263
OpenCap,subject11_walking2,HumanCalib-M,Cam0,5.4753383205298665,108.79841971887936,29.426881548287035,0.5689553529739636
OpenCap,subject11_walking2,HumanCalib-M,Cam1,4.076487120886145,76.47147247238286,24.50731235305871,0.6333841223072925
OpenCap,subject11_walking2,HumanCalib-M,Cam2,1.838001691256606,190.49719990171155,224.23821022462232,2.381664368605402
OpenCap,subject11_walking2,HumanCalib-M,Cam3,4.199345448754432,86.28134390120076,89.93881173258518,0.5614321388772563
OpenCap,subject11_walking2,HumanCalib-M,Cam4,5.458008345044704,109.49459434554886,126.86349947205152,0.8287631811820733
OpenCap,subject11_walking3,HumanCalib-M,Cam0,5.520132884799082,109.5384140400188,87.74047577861434,0.5622556180460752
OpenCap,subject11_walking3,HumanCalib-M,Cam1,4.075551495099598,76.04221800766656,80.57381275983298,0.5474684946209305
OpenCap,subject11_walking3,HumanCalib-M,Cam2,1.8545866815358247,191.49516614731385,224.04301210049897,2.4005030835026444
OpenCap,subject11_walking3,HumanCalib-M,Cam3,4.266792040582971,91.72409268011758,111.30343401171194,0.5088721721436262
OpenCap,subject11_walking3,HumanCalib-M,Cam4,5.530458409174536,113.56087065936454,159.42231612261088,0.4871239390767111
OpenCap,subject2_walking1,HumanCalib-M,Cam0,3.725514519732828,44.795659655124,85.09558453704186,2.4404143252437285
OpenCap,subject2_walking1,HumanCalib-M,Cam1,3.436277281185679,23.01333391247797,35.941674068288215,1.5888012223436352
OpenCap,subject2_walking1,HumanCalib-M,Cam2,1.797461614782669,55.169085123179066,143.7450623569356,1.5101823276417348
OpenCap,subject2_walking1,HumanCalib-M,Cam3,3.557740835619731,49.786176646498696,41.70791077400108,1.6776044803626724
OpenCap,subject2_walking1,HumanCalib-M,Cam4,3.9198431929974222,41.69643927256722,99.00712134708472,1.958476773466853
OpenCap,subject2_walking2,HumanCalib-M,Cam0,3.839514963613017,38.94175450433367,87.81680261361747,2.602731366624459
OpenCap,subject2_walking2,HumanCalib-M,Cam1,3.50746378054863,27.657037866471903,33.923969467036706,1.731192721872938
OpenCap,subject2_walking2,HumanCalib-M,Cam2,2.025133454672624,36.95884744256095,134.2056066342998,1.5325746627303487
OpenCap,subject2_walking2,HumanCalib-M,Cam3,3.649096988976756,52.24205910342928,39.31778360207411,1.7881974974754875
OpenCap,subject2_walking2,HumanCalib-M,Cam4,4.013084786894458,46.19113323979892,99.99981043121748,2.041285253386079
OpenCap,subject3_walking1,HumanCalib-M,Cam0,3.7643637981900864,53.380210301645405,44.99155889448749,1.7505945916254415
OpenCap,subject3_walking1,HumanCalib-M,Cam1,3.0437627786025634,19.37212423882232,48.81809313199991,1.1544952472550631
OpenCap,subject3_walking1,HumanCalib-M,Cam2,0.9357515412173552,66.43767618075144,136.84513234217494,1.509657940453098
OpenCap,subject3_walking1,HumanCalib-M,Cam3,3.0860103517079467,29.30971753212111,50.3807925144829,1.0967345128074557
OpenCap,subject3_walking1,HumanCalib-M,Cam4,3.979330461420365,51.78027557128864,125.7271952197058,1.8617790585949665
OpenCap,subject3_walking2,HumanCalib-M,Cam0,3.6709722711592736,53.105374311423,62.136476063419,1.8077491644984955
OpenCap,subject3_walking2,HumanCalib-M,Cam1,2.982202694141025,16.948014412444174,35.25358957375507,1.2176241040417954
OpenCap,subject3_walking2,HumanCalib-M,Cam2,1.0168837553542918,65.91080223272567,137.349047388241,1.462917472950098
OpenCap,subject3_walking2,HumanCalib-M,Cam3,3.016197407361887,27.881961130052265,31.668210798356384,1.1694567559011526
OpenCap,subject3_walking2,HumanCalib-M,Cam4,3.8758628730818985,63.22495642800821,99.12331556484808,1.875214271885242
OpenCap,subject4_walking1,HumanCalib-M,Cam0,4.513784370114284,53.21456153868187,107.96788352220382,2.2849495833684066
OpenCap,subject4_walking1,HumanCalib-M,Cam1,4.092215075499772,58.46530537478263,49.590668190422136,1.7209705007858995
OpenCap,subject4_walking1,HumanCalib-M,Cam2,0.4786332062320336,133.97929600322044,191.45326383485224,1.8713432281270528
OpenCap,subject4_walking1,HumanCalib-M,Cam3,4.159283539938181,61.270456746139374,17.827038705051084,1.632523051526515
OpenCap,subject4_walking1,HumanCalib-M,Cam4,4.906214781412139,97.50417062821988,64.6457781407827,1.929926030927834
OpenCap,subject4_walking2,HumanCalib-M,Cam0,4.526826129091161,63.28312085728592,111.2484166976004,2.2639895962770247
OpenCap,subject4_walking2,HumanCalib-M,Cam1,4.118383513287332,48.85539082839972,36.26233729355189,1.7418968035546651
OpenCap,subject4_walking2,HumanCalib-M,Cam2,0.3841626553538299,130.75086607451144,191.80706646929136,1.9173676559740147
OpenCap,subject4_walking2,HumanCalib-M,Cam3,4.20527395848134,60.83661551770516,21.484949415551394,1.7046379560606404
OpenCap,subject4_walking2,HumanCalib-M,Cam4,4.94650125408583,93.13529844209728,63.91270933503071,2.0612903451830613
OpenCap,subject5_walking1,HumanCalib-M,Cam0,4.750494365143169,73.4791303806501,99.10996431446247,2.5410578087918907
OpenCap,subject5_walking1,HumanCalib-M,Cam1,4.1221864651320885,44.48965788898123,30.38613643634292,2.0059861192048523
OpenCap,subject5_walking1,HumanCalib-M,Cam2,0.2610425608722247,140.3532056639181,192.74869515646395,2.0016637060728466
OpenCap,subject5_walking1,HumanCalib-M,Cam3,4.49050660090126,88.04887066401534,66.18441331735903,2.1251442920375645
OpenCap,subject5_walking1,HumanCalib-M,Cam4,4.596082739486604,100.8240751950206,60.73762501137859,1.9348859493992303
OpenCap,subject5_walking2,HumanCalib-M,Cam0,4.704195991578453,70.27085627794808,100.07782065397616,2.5201106687642323
OpenCap,subject5_walking2,HumanCalib-M,Cam1,4.14255359895123,41.926022868957205,24.865671955547064,1.9915465694457537
OpenCap,subject5_walking2,HumanCalib-M,Cam2,0.1057436357717922,142.82242790059917,193.1192123475149,2.0024535875315483
OpenCap,subject5_walking2,HumanCalib-M,Cam3,4.572534612862163,102.9308298164711,84.25386203508694,2.1679208755887727
OpenCap,subject5_walking2,HumanCalib-M,Cam4,4.731835101627082,101.42112472131964,66.70303036003368,2.018631591221751
OpenCap,subject7_walking1,HumanCalib-M,Cam0,3.431891443763584,37.98318183935903,142.1476723617617,2.113350255547457
OpenCap,subject7_walking1,HumanCalib-M,Cam1,3.2578750089141315,58.004675661611785,50.439543544525776,1.8072393436420104
OpenCap,subject7_walking1,HumanCalib-M,Cam2,1.550449453401765,91.64131119680604,155.16680469150012,1.657391052280576
OpenCap,subject7_walking1,HumanCalib-M,Cam3,3.125385297821192,28.54015825555048,51.82065685380272,1.431560290916218
OpenCap,subject7_walking1,HumanCalib-M,Cam4,3.658780751139712,62.10779818040312,72.18263600300175,1.810095995213079
OpenCap,subject7_walking2,HumanCalib-M,Cam0,3.771757106554821,22.27194823015156,170.09504648784937,2.3431434028526987
OpenCap,subject7_walking2,HumanCalib-M,Cam1,3.484269755556717,62.43062241772348,68.30763513838133,1.8630009975085455
OpenCap,subject7_walking2,HumanCalib-M,Cam2,1.8544033467057,98.44741715263284,168.54973215831097,1.900122173741405
OpenCap,subject7_walking2,HumanCalib-M,Cam3,3.3766380497028194,20.522826295080268,79.10507255746614,1.560338851017592
OpenCap,subject7_walking2,HumanCalib-M,Cam4,3.902468001607361,75.72359103562623,139.56602016650905,2.068572646463276
OpenCap,subject8_walking1,HumanCalib-M,Cam0,4.981957178915521,68.8272040622268,120.89326885116397,2.387385034742288
OpenCap,subject8_walking1,HumanCalib-M,Cam1,4.678556122904769,79.36823466247846,61.65012313732028,2.126377333393781
OpenCap,subject8_walking1,HumanCalib-M,Cam2,0.6185499918145055,161.26595102736133,208.67402251588695,2.204550852497589
OpenCap,subject8_walking1,HumanCalib-M,Cam3,4.771850645582165,80.752858354099,86.82197742069971,2.0415015532494736
OpenCap,subject8_walking1,HumanCalib-M,Cam4,5.208288679089562,116.22936599987425,170.25923172113443,2.164155452357686
OpenCap,subject8_walking2,HumanCalib-M,Cam0,4.844339217644507,78.71333430622457,128.02402618940243,2.2328823534036344
OpenCap,subject8_walking2,HumanCalib-M,Cam1,4.576856131288272,80.5444844434827,56.77211293222192,2.100376133716177
OpenCap,subject8_walking2,HumanCalib-M,Cam2,0.5440525117360989,155.31622358286197,202.38934543715055,2.137057049889964
OpenCap,subject8_walking2,HumanCalib-M,Cam3,4.598788903482075,79.6523762230807,88.79142770029999,1.996984042113801
OpenCap,subject8_walking2,HumanCalib-M,Cam4,5.06753476062732,100.65129448430504,147.06163467665766,2.144968260903524
OpenCap,subject9_walking1,HumanCalib-M,Cam0,4.60900949489649,127.58379146699944,181.18725266351288,2.1250524205691077
OpenCap,subject9_walking1,HumanCalib-M,Cam1,4.044950017773944,70.64148965115139,124.7831917452084,2.027813649245785
OpenCap,subject9_walking1,HumanCalib-M,Cam2,0.760147399745753,150.97991942496878,227.01940878384332,1.956766483694667
OpenCap,subject9_walking1,HumanCalib-M,Cam3,4.054362694373643,88.64825834549605,109.27869814834732,2.290634406756247
OpenCap,subject9_walking1,HumanCalib-M,Cam4,5.2856662983030205,152.50292290075112,177.61053169786038,3.511105924866908
OpenCap,subject9_walking2,HumanCalib-M,Cam0,4.669450075150324,132.2009870423344,157.37854074877976,2.1376520637598078
OpenCap,subject9_walking2,HumanCalib-M,Cam1,4.04959312318443,73.21474906536014,125.29608616041324,2.0738013327664264
OpenCap,subject9_walking2,HumanCalib-M,Cam2,0.8846843219903163,155.98643964927695,227.01987841066847,1.9840608253575072
OpenCap,subject9_walking2,HumanCalib-M,Cam3,3.962579232859391,76.88229299325819,102.0621722179132,2.3072556193425204
OpenCap,subject9_walking2,HumanCalib-M,Cam4,5.221618236792533,135.57264052842876,175.00297362540948,3.622602728205699
OpenCap,subject10_walking1,HumanCalib-R,Cam0,5.506967017131317,81.43697078818276,117.48471092220596,2.9110167668566698
OpenCap,subject10_walking1,HumanCalib-R,Cam1,4.612679921012883,22.117366981545537,20.97837528940321,1.917747881458283
OpenCap,subject10_walking1,HumanCalib-R,Cam2,2.564032260120418,104.0750078922912,184.4475628042003,2.0370791125974987
OpenCap,subject10_walking1,HumanCalib-R,Cam3,4.483452077714727,20.47792461622316,24.974895255110724,1.810590706508344
OpenCap,subject10_walking1,HumanCalib-R,Cam4,5.206563568820871,85.43762140821362,127.79974316918856,2.79878316723582
OpenCap,subject10_walking2,HumanCalib-R,Cam0,5.396968495050243,103.68313800398307,105.60083674225628,2.764515584146963
OpenCap,subject10_walking2,HumanCalib-R,Cam1,4.441149038306062,24.90958408195555,24.38551450495634,1.9905484388269272
OpenCap,subject10_walking2,HumanCalib-R,Cam2,2.247728105736653,111.8049396648294,184.4412950294464,2.01533946075556
OpenCap,subject10_walking2,HumanCalib-R,Cam3,4.333157863078866,21.143162254400018,21.11245303036485,1.8414392986288903
OpenCap,subject10_walking2,HumanCalib-R,Cam4,4.955964355997575,86.35849772247056,139.73364432000713,2.73456661676091
OpenCap,subject11_walking2,HumanCalib-R,Cam0,6.212812447986338,160.87233591714335,142.42680007920802,2.612086555350474
OpenCap,subject11_walking2,HumanCalib-R,Cam1,4.032170875604082,74.12503350181758,74.3897221533752,1.8364101266689712
OpenCap,subject11_walking2,HumanCalib-R,Cam2,1.5265020822442543,190.8367776378539,234.2259211699513,2.780398001429914
OpenCap,subject11_walking2,HumanCalib-R,Cam3,4.215078777851523,58.92052924761242,116.14658699215002,2.037951007833008
OpenCap,subject11_walking2,HumanCalib-R,Cam4,5.613051414640725,131.2009015770642,196.76976116981191,2.410545674186438
OpenCap,subject11_walking3,HumanCalib-R,Cam0,6.475851404661091,154.0791050223347,155.38493931004362,3.2220658530799517
OpenCap,subject11_walking3,HumanCalib-R,Cam1,4.661218818843372,50.32976559978687,44.68917710207686,2.1696325698765024
OpenCap,subject11_walking3,HumanCalib-R,Cam2,0.4262220976625611,174.14015361927008,242.05264704208983,2.8999877119110598
OpenCap,subject11_walking3,HumanCalib-R,Cam3,4.911882368521765,45.27681749033208,35.18147069805395,2.35101329340595
OpenCap,subject11_walking3,HumanCalib-R,Cam4,6.327367480012614,139.16084223017987,133.79973152646178,3.3657344896487027
OpenCap,subject2_walking1,HumanCalib-R,Cam0,2.525649294736403,87.55528859921981,65.4942092985982,1.7060907271274426
OpenCap,subject2_walking1,HumanCalib-R,Cam1,1.9397267838511505,29.054979436026013,71.82680722449128,1.5082075211761965
OpenCap,subject2_walking1,HumanCalib-R,Cam2,1.2947120753580676,109.23456836712846,132.20156193499284,1.5056461318718477
OpenCap,subject2_walking1,HumanCalib-R,Cam3,1.8277571350103268,46.10881731028879,89.08100072260405,1.824021008194212
OpenCap,subject2_walking1,HumanCalib-R,Cam4,3.222495751524734,88.8023156416306,131.4662889508189,2.729567379808859
OpenCap,subject2_walking2,HumanCalib-R,Cam0,2.483634812067804,64.44137591128506,39.113663289264586,1.592943932782038
OpenCap,subject2_walking2,HumanCalib-R,Cam1,1.9136663675951184,25.167416686617837,58.85035756519407,1.3616261178209768
OpenCap,subject2_walking2,HumanCalib-R,Cam2,0.988167889270192,88.00232601103498,107.20264447620964,1.4803901292235226
OpenCap,subject2_walking2,HumanCalib-R,Cam3,1.9672957073331367,45.83086444783687,79.12439090271107,1.6069584361784548
OpenCap,subject2_walking2,HumanCalib-R,Cam4,3.406091714617569,77.99016694635938,106.00252001159214,2.537002366841152
OpenCap,subject3_walking1,HumanCalib-R,Cam0,3.4090229377513066,39.34516389704,68.17765267870264,1.324016392574679
OpenCap,subject3_walking1,HumanCalib-R,Cam1,2.4375631985033244,30.76726717594084,69.6153139218676,0.9105646597830668
OpenCap,subject3_walking1,HumanCalib-R,Cam2,0.5668257596531479,47.63106042136457,117.78226937310454,1.3779740801559328
OpenCap,subject3_walking1,HumanCalib-R,Cam3,2.529787911150799,48.63648177831525,77.86849503186755,0.9478058032012696
OpenCap,subject3_walking1,HumanCalib-R,Cam4,3.6506289416781033,48.99761771529593,154.43065673918284,1.628427467694188
OpenCap,subject3_walking2,HumanCalib-R,Cam0,3.5356937437381646,35.86398540849085,75.6772222114296,1.5458108881906762
OpenCap,subject3_walking2,HumanCalib-R,Cam1,2.6222953866142227,22.77660434987381,57.936789233504925,0.9518617863974904
OpenCap,subject3_walking2,HumanCalib-R,Cam2,0.8245445088912148,45.25539562675037,128.2965894210599,1.4201221421952748
OpenCap,subject3_walking2,HumanCalib-R,Cam3,2.743340305106531,53.51616964615107,63.51654861857442,1.1123188026631452
OpenCap,subject3_walking2,HumanCalib-R,Cam4,3.920642415139403,65.07914450968568,139.79411318451753,1.795478737247966
OpenCap,subject4_walking1,HumanCalib-R,Cam0,4.2703313482822605,122.11801940135436,145.438677475746,2.3087530062712567
OpenCap,subject4_walking1,HumanCalib-R,Cam1,3.0525242081809205,58.24087315725738,111.62884711344016,1.844357023226979
OpenCap,subject4_walking1,HumanCalib-R,Cam2,0.8725862015721051,154.99890579948516,201.2557072565331,2.036769897282466
OpenCap,subject4_walking1,HumanCalib-R,Cam3,2.728380280998502,40.98313886849844,81.58924010687858,1.5379393245374504
OpenCap,subject4_walking1,HumanCalib-R,Cam4,4.032283873137521,114.39930112781414,132.340437335075,2.265983509637524
OpenCap,subject4_walking2,HumanCalib-R,Cam0,4.2517755449184085,131.07749645651575,164.09748205076727,2.1455130553343684
OpenCap,subject4_walking2,HumanCalib-R,Cam1,3.1394434721940625,54.52137089614664,121.1417295005696,1.8163344316644967
OpenCap,subject4_walking2,HumanCalib-R,Cam2,0.7485398636708841,151.527162264541,204.5836922687193,1.958908067399139
OpenCap,subject4_walking2,HumanCalib-R,Cam3,2.934657582700896,46.50776534046194,89.3164007315062,1.5722812569802302
OpenCap,subject4_walking2,HumanCalib-R,Cam4,4.078650754493009,117.14610890748152,131.53991305748585,2.124482096648673
OpenCap,subject5_walking1,HumanCalib-R,Cam0,3.950543986304317,103.61308357249244,98.65331846794608,2.656687660507871
OpenCap,subject5_walking1,HumanCalib-R,Cam1,2.523874631976492,48.34746404919693,56.96603367329583,1.9172296378893692
OpenCap,subject5_walking1,HumanCalib-R,Cam2,1.7335108768889202,150.9706228737136,152.10679726601953,2.0199332165475576
OpenCap,subject5_walking1,HumanCalib-R,Cam3,2.7591438891949283,67.93770363836776,62.76641374793437,1.96004720369012
OpenCap,subject5_walking1,HumanCalib-R,Cam4,3.632610067483785,88.74138214389572,57.17284560728114,2.280826580647374
OpenCap,subject5_walking2,HumanCalib-R,Cam0,4.014665717183984,110.56166412114892,111.15777909482068,2.7708286894868968
OpenCap,subject5_walking2,HumanCalib-R,Cam1,2.488778467420751,49.543513099602826,61.4199875578849,1.91418780076348
OpenCap,subject5_walking2,HumanCalib-R,Cam2,1.7552965524067925,156.91549907306364,160.73112332025136,2.084489997719693
OpenCap,subject5_walking2,HumanCalib-R,Cam3,2.8216762173451566,81.05622940804936,77.49161632112252,1.997103783989706
OpenCap,subject5_walking2,HumanCalib-R,Cam4,3.6898116347157086,90.10688344916515,57.51540101216237,2.382061241871541
OpenCap,subject7_walking1,HumanCalib-R,Cam0,4.070033537171393,64.8715518654245,123.63277870838714,2.217039503623429
OpenCap,subject7_walking1,HumanCalib-R,Cam1,3.4201303425557565,42.84387864570039,35.57710961761086,1.7482928285149384
OpenCap,subject7_walking1,HumanCalib-R,Cam2,2.364945179295112,96.45947634704322,158.0346108053426,1.946809798082882
OpenCap,subject7_walking1,HumanCalib-R,Cam3,3.065058460238906,9.558973170328862,40.19494392816465,1.381088563919069
OpenCap,subject7_walking1,HumanCalib-R,Cam4,3.901636080461988,76.2532183092466,79.1192629509098,2.210663896318019
OpenCap,subject7_walking2,HumanCalib-R,Cam0,4.181674242311009,75.66695819358681,155.90055199934085,2.818702450433901
OpenCap,subject7_walking2,HumanCalib-R,Cam1,3.315084567108922,42.54445817174315,42.718244032148135,1.9322615800091072
OpenCap,subject7_walking2,HumanCalib-R,Cam2,2.8422126858847423,115.84473782856848,154.2972143981706,1.9338751378080776
OpenCap,subject7_walking2,HumanCalib-R,Cam3,2.9124182270541,22.04087007689232,71.13717855145954,1.5369936778391136
OpenCap,subject7_walking2,HumanCalib-R,Cam4,3.746967534686754,99.85595390898398,77.01600551480443,2.2833956759523035
OpenCap,subject8_walking1,HumanCalib-R,Cam0,4.278554115878973,87.81895942037112,64.65230495845461,1.457327956341683
OpenCap,subject8_walking1,HumanCalib-R,Cam1,3.44911479011191,58.56811516261246,21.451617036818018,1.1578775966325563
OpenCap,subject8_walking1,HumanCalib-R,Cam2,1.1677316716729704,160.7371747539098,177.34956823579503,1.9402453753212388
OpenCap,subject8_walking1,HumanCalib-R,Cam3,3.482504237600904,73.55926758728475,66.93012698001533,1.0061746201232082
OpenCap,subject8_walking1,HumanCalib-R,Cam4,4.521312877860984,103.24448604660309,99.0351887212562,1.6090309328510313
OpenCap,subject8_walking2,HumanCalib-R,Cam0,4.068588605614736,78.95789601346557,51.52495479639192,1.557721563210768
OpenCap,subject8_walking2,HumanCalib-R,Cam1,3.266981421765881,55.73695494509759,15.48430648958158,1.4301077114945122
OpenCap,subject8_walking2,HumanCalib-R,Cam2,1.1046517176205264,144.07286817273754,161.14279187359497,2.0136496687998955
OpenCap,subject8_walking2,HumanCalib-R,Cam3,3.282518521452013,67.80099877992214,77.70132836925674,1.0878626871824917
OpenCap,subject8_walking2,HumanCalib-R,Cam4,4.388104427510309,86.34039350249685,105.99235624516076,1.899966587522789
OpenCap,subject9_walking1,HumanCalib-R,Cam0,5.4793057761207775,108.16216287515104,198.57615425616743,3.053418142513717
OpenCap,subject9_walking1,HumanCalib-R,Cam1,4.097491510884868,46.91025846081784,101.7563253656116,1.916791738280288
OpenCap,subject9_walking1,HumanCalib-R,Cam2,0.5808049359235586,142.12073387111226,192.7558583808552,2.142263569890002
OpenCap,subject9_walking1,HumanCalib-R,Cam3,4.259557322600578,51.60621610957717,57.88204177696807,1.910091973697644
OpenCap,subject9_walking1,HumanCalib-R,Cam4,4.984379318501925,103.16089845668064,62.97408190745765,2.3090197454786083
OpenCap,subject9_walking2,HumanCalib-R,Cam0,5.160795651997462,132.38728014398566,184.01378313814507,2.8419140080420826
OpenCap,subject9_walking2,HumanCalib-R,Cam1,3.64809062825151,56.8918663487218,98.50568823665203,1.7874448734105297
OpenCap,subject9_walking2,HumanCalib-R,Cam2,0.9480999822784127,160.9200234274944,185.3520087649694,1.9804452207535628
OpenCap,subject9_walking2,HumanCalib-R,Cam3,3.842486629882848,58.799629906747576,37.96146306163836,1.8570994272942476
OpenCap,subject9_walking2,HumanCalib-R,Cam4,4.614592182809061,120.18164065893173,70.73736589692066,1.910790666869845
LBMC,p1_gait,HumanCalib-M,26578,0.6722050811484528,80.16317932022322,40.856056715114185,1.2561916665231476
LBMC,p1_gait,HumanCalib-M,26579,1.786271082198956,63.97715949362183,66.7580014395514,1.4307237981977423
LBMC,p1_gait,HumanCalib-M,26580,3.088644282970676,160.2219255351592,162.50774281765206,2.7639310329146145
LBMC,p1_gait,HumanCalib-M,26582,2.4731465892208098,106.0746566424227,91.89200076224115,2.4158054874798323
LBMC,p1_gait,HumanCalib-M,26583,0.6440657958191472,127.58407065093196,73.47709415797812,1.135829103360748
LBMC,p1_gait,HumanCalib-M,26584,0.1911754181289536,59.23337136608976,71.70708011122379,1.1529523165197075
LBMC,p1_gait,HumanCalib-M,26585,1.7302921997977123,52.77340215064285,73.68631447337411,1.5872576716549118
LBMC,p1_gait,HumanCalib-M,26586,0.3820821138090152,45.06484061475847,24.78134080858024,1.0906560680049922
LBMC,p1_gait,HumanCalib-M,26587,0.9340457810266698,67.64836895652238,70.78063206840329,1.2380322295041308
LBMC,p2_gait,HumanCalib-M,26578,1.127526010053014,95.82467879760998,88.79434334190897,2.6100335565233395
LBMC,p2_gait,HumanCalib-M,26579,3.447021702762487,117.51615971422116,142.83327111160023,3.944178787537512
LBMC,p2_gait,HumanCalib-M,26580,3.723518361135194,116.29229979380696,220.2331116693797,3.4104864571779814
LBMC,p2_gait,HumanCalib-M,26582,3.422716028164978,92.82703052646973,164.55399302538223,3.6939087246958495
LBMC,p2_gait,HumanCalib-M,26583,1.5489011907476586,134.08170771084488,106.37191808905574,2.536252044700604
LBMC,p2_gait,HumanCalib-M,26584,1.1610648571673174,139.46022334937345,160.8768976982306,2.4915152842439703
LBMC,p2_gait,HumanCalib-M,26585,2.687342213950998,53.51316983626783,117.39385909121748,3.439175970737528
LBMC,p2_gait,HumanCalib-M,26586,1.166843631123844,55.51045629344917,105.1258151720251,2.77484560280189
LBMC,p2_gait,HumanCalib-M,26587,2.2732745467714115,24.99701302062371,129.80366056381243,3.1204200374887803
LBMC,p1_gait,HumanCalib-R,26578,2.3189725365485097,94.6749519299655,109.317603026205,3.44783343760964
LBMC,p1_gait,HumanCalib-R,26579,2.138407701983561,60.28119443571964,73.38496554284772,2.966041060685728
LBMC,p1_gait,HumanCalib-R,26580,1.5390881832013972,21.425148011404755,54.67287644933134,3.1372392396160427
LBMC,p1_gait,HumanCalib-R,26582,2.0001541669855727,72.93208648770847,113.07684051306904,3.359857287575264
LBMC,p1_gait,HumanCalib-R,26583,1.5780973178340365,103.67974922707796,89.36414249860296,2.989081873380897
LBMC,p1_gait,HumanCalib-R,26584,2.9818867398198066,95.40337976169936,117.03509557091547,3.5396769611066103
LBMC,p1_gait,HumanCalib-R,26585,2.474792438864096,88.03553884923546,104.96188630741676,3.3974811849185382
LBMC,p1_gait,HumanCalib-R,26586,2.333823653662252,64.95365649920501,99.70925350510062,3.235425913630194
LBMC,p1_gait,HumanCalib-R,26587,2.580516247180608,94.76463412582956,90.85008087192796,3.5799616081474053
LBMC,p2_gait,HumanCalib-R,26578,3.491812820299661,128.2253188131698,151.02205460311697,4.466689534467671
LBMC,p2_gait,HumanCalib-R,26579,1.7610684709642903,65.55209848939619,32.282210650757705,2.405773074556325
LBMC,p2_gait,HumanCalib-R,26580,1.6212371754899986,58.68227627611185,76.78488203663193,3.3499082639448865
LBMC,p2_gait,HumanCalib-R,26582,2.86049790333294,98.61361024444116,110.79170644806194,3.29110500297572
LBMC,p2_gait,HumanCalib-R,26583,1.4470121611105806,122.22001324749478,109.45233911762828,2.693612027481972
LBMC,p2_gait,HumanCalib-R,26584,3.5309401289983744,81.08924589520564,89.82016575352885,3.532969893920647
LBMC,p2_gait,HumanCalib-R,26585,2.373577025454801,61.63424525112709,79.54536506628311,3.4284828702684536
LBMC,p2_gait,HumanCalib-R,26586,2.1247913975838766,65.23514234104303,80.88388590636283,3.313794610449164
LBMC,p2_gait,HumanCalib-R,26587,2.025578396167101,106.61153540115104,98.98381024992682,3.054230237398172
COMFI,1012_CircularWalking,HumanCalib-M,camera_0,0.8079595550946173,30.0525636903651,62.14592585177965,1.7796289336316589
COMFI,1012_CircularWalking,HumanCalib-M,camera_2,1.0854695282341142,25.173877658617776,72.12323790753648,2.3384208346439785
COMFI,1012_CircularWalking,HumanCalib-M,camera_4,1.2368532985431686,34.14362874467193,63.38376494940809,1.7796289336316589
COMFI,1012_CircularWalking,HumanCalib-M,camera_6,2.4376850654885733,37.62763817469304,83.9852996535256,2.4476535845099003
COMFI,1012_StraightWalking,HumanCalib-M,camera_0,1.34110592243005,30.971248860808863,76.08627364301132,1.0658154744602668
COMFI,1012_StraightWalking,HumanCalib-M,camera_2,0.94384605982824,31.09197715782097,47.85598794564976,1.3969432343259716
COMFI,1012_StraightWalking,HumanCalib-M,camera_4,1.1720380261082448,21.16063491006805,72.86964647647787,1.3363952913540111
COMFI,1012_StraightWalking,HumanCalib-M,camera_6,1.2471014514025394,20.92734635181785,48.80134190586372,1.0658154744602668
COMFI,1118_CircularWalking,HumanCalib-M,camera_0,2.4709992662803137,108.29864333994058,147.67056926635465,1.6295451104997825
COMFI,1118_CircularWalking,HumanCalib-M,camera_2,1.0652949083379786,102.36360563441905,118.31075695032987,1.7630070969860587
COMFI,1118_CircularWalking,HumanCalib-M,camera_4,1.3895959618191678,42.82256422515861,63.76862135113959,0.9990357514903272
COMFI,1118_CircularWalking,HumanCalib-M,camera_6,0.3446497199286719,31.26602636636536,97.51580408322852,0.913645100222147
COMFI,1118_StraightWalking,HumanCalib-M,camera_0,1.244997788590741,16.58733899363221,217.03451343158565,1.0332490650462756
COMFI,1118_StraightWalking,HumanCalib-M,camera_2,0.8462357953923737,16.297058288419816,217.98234201799409,0.5009165424717873
COMFI,1118_StraightWalking,HumanCalib-M,camera_4,1.4329870478019429,11.161839539065689,213.61104026258917,0.5654587424103924
COMFI,1118_StraightWalking,HumanCalib-M,camera_6,0.980119838126188,10.839534525848192,221.8103393972455,0.5654587424103924
COMFI,1508_CircularWalking,HumanCalib-M,camera_0,2.025951744211633,30.50396947506524,36.27270359811057,1.3745696431706385
COMFI,1508_CircularWalking,HumanCalib-M,camera_2,1.7479820222144449,39.019760055279065,62.397087272882445,1.4772275414079086
COMFI,1508_CircularWalking,HumanCalib-M,camera_4,1.3979956845242678,98.97695856997984,78.95439006237962,1.4772275414079086
COMFI,1508_CircularWalking,HumanCalib-M,camera_6,1.9031493897984515,101.731574027335,117.74449824358084,2.7054749877825066
COMFI,1508_StraightWalking,HumanCalib-M,camera_0,1.4470464693096623,25.04821900436129,62.38236415017009,0.8456458567346751
COMFI,1508_StraightWalking,HumanCalib-M,camera_2,1.1488424724846664,26.816790561044325,55.36399669253565,0.5493195521461801
COMFI,1508_StraightWalking,HumanCalib-M,camera_4,0.7661812735131969,33.906268541876614,48.15119997266251,0.8456458567346751
COMFI,1508_StraightWalking,HumanCalib-M,camera_6,1.5400092531933856,35.410703315769375,74.71797443323574,0.9108017865286794
COMFI,1602_CircularWalking,HumanCalib-M,camera_0,1.271398267776622,25.742286725059177,44.10072580059102,1.0077306001205206
COMFI,1602_CircularWalking,HumanCalib-M,camera_2,1.950369288755932,38.458800667295215,58.10902978969428,0.9477462982921896
COMFI,1602_CircularWalking,HumanCalib-M,camera_4,2.379989185125385,113.20652273801812,116.60884256240033,1.0077306001205206
COMFI,1602_CircularWalking,HumanCalib-M,camera_6,1.372241042387932,116.307821018325,122.79828117348256,2.39418840185211
COMFI,1602_StraightWalking,HumanCalib-M,camera_0,1.838746478779638,24.81620141112997,41.96890534932273,0.4581768107078794
COMFI,1602_StraightWalking,HumanCalib-M,camera_2,1.6015957550057218,24.45495253891205,51.691029911101126,0.6197609119306678
COMFI,1602_StraightWalking,HumanCalib-M,camera_4,0.7005985736194766,34.67580709998294,43.84217781907893,0.6197609119306678
COMFI,1602_StraightWalking,HumanCalib-M,camera_6,1.5631739610174549,34.47191506521772,60.06759580661296,0.771590189418513
COMFI,1847_CircularWalking,HumanCalib-M,camera_0,1.7655081172460607,94.57273940480574,105.6293352479974,1.5014589374102578
COMFI,1847_CircularWalking,HumanCalib-M,camera_2,2.22548638211891,106.36453985189384,146.633748247344,2.111229638900142
COMFI,1847_CircularWalking,HumanCalib-M,camera_4,0.8844793929597806,112.98922903029352,117.50453818842752,1.7476873865118836
COMFI,1847_CircularWalking,HumanCalib-M,camera_6,2.736585089340704,124.17030592454192,163.2430970023867,1.973207990021716
COMFI,1847_StraightWalking,HumanCalib-M,camera_0,0.9343626608885092,31.527432266249797,39.50073469418107,1.1934705006563926
COMFI,1847_StraightWalking,HumanCalib-M,camera_2,0.4875439752512776,30.673187890979005,38.25250608428296,0.6507123665684524
COMFI,1847_StraightWalking,HumanCalib-M,camera_4,1.2263960671457248,16.44088972996868,31.377800268632438,1.01444144308506
COMFI,1847_StraightWalking,HumanCalib-M,camera_6,0.7950790437524448,14.934442455061122,37.296076364179534,0.6847910448229102
COMFI,2112_CircularWalking,HumanCalib-M,camera_0,1.8513937136268597,42.413781006271634,65.11707011127596,2.0256079006636623
COMFI,2112_CircularWalking,HumanCalib-M,camera_2,0.7258511277442726,40.6523177628964,68.02095027063973,1.4170650968859322
COMFI,2112_CircularWalking,HumanCalib-M,camera_4,0.8400088651060515,25.535557888023764,44.25056668306239,1.4170650968859322
COMFI,2112_CircularWalking,HumanCalib-M,camera_6,1.4919786653553644,25.26783828142704,76.23594302742691,2.0039045063585714
COMFI,2112_StraightWalking,HumanCalib-M,camera_0,1.0678642739996842,54.33238616032455,130.76708103183103,1.0789019536235795
COMFI,2112_StraightWalking,HumanCalib-M,camera_2,0.2145302647598124,52.079994530869484,180.9336079317234,1.2092032954620329
COMFI,2112_StraightWalking,HumanCalib-M,camera_4,1.022386454834501,29.9937056952159,139.05613933334064,1.0789019536235795
COMFI,2112_StraightWalking,HumanCalib-M,camera_6,1.5828143381063806,29.850209205188683,172.55418073804822,1.4252339102332807
COMFI,2198_CircularWalking,HumanCalib-M,camera_0,1.0817853756438351,30.724428282038375,31.996735848481457,0.5221660085111814
COMFI,2198_CircularWalking,HumanCalib-M,camera_2,1.0838444889645134,35.67493397995597,44.061918635318015,0.6761445607573675
COMFI,2198_CircularWalking,HumanCalib-M,camera_4,1.5815467001593613,94.1747775453145,83.3982346620047,0.6761445607573675
COMFI,2198_CircularWalking,HumanCalib-M,camera_6,1.8734031390360573,96.445903109145,100.81530368177054,2.369779448837169
COMFI,2198_StraightWalking,HumanCalib-M,camera_0,1.0270280036048434,17.00378588214862,52.55719757594646,0.8771626764803971
COMFI,2198_StraightWalking,HumanCalib-M,camera_2,1.3894068138168756,17.50445206113887,52.96133107628658,0.9149932184728417
COMFI,2198_StraightWalking,HumanCalib-M,camera_4,0.9116076022714118,23.223759371463043,33.33623019460255,0.9149932184728417
COMFI,2198_StraightWalking,HumanCalib-M,camera_6,0.8970721680818783,23.932615078371597,71.4708740309575,1.2284466501653368
COMFI,2307_CircularWalking,HumanCalib-M,camera_0,0.6752335685862861,51.3448665520717,42.59374340806932,0.6602135407206161
COMFI,2307_CircularWalking,HumanCalib-M,camera_2,1.151405000345801,48.70871181451972,41.27512414256246,0.7848840002661427
COMFI,2307_CircularWalking,HumanCalib-M,camera_4,1.0136344184981068,31.64147837217394,31.704992944866063,0.7848840002661427
COMFI,2307_CircularWalking,HumanCalib-M,camera_6,0.3253249490210266,26.85048445005749,39.33305583028772,1.0391346280785492
COMFI,2307_StraightWalking,HumanCalib-M,camera_0,0.5603776471555932,18.914215390314336,171.30251555509523,0.8776572808334611
COMFI,2307_StraightWalking,HumanCalib-M,camera_2,0.5069347948596068,19.23723755634795,155.79797453418362,0.9754879944307384
COMFI,2307_StraightWalking,HumanCalib-M,camera_4,1.1578047554798756,27.41492098340195,151.78880471271538,1.0205001184165063
COMFI,2307_StraightWalking,HumanCalib-M,camera_6,0.7081451163891536,27.6720822223136,175.86558902273728,0.8776572808334611
COMFI,3361_CircularWalking,HumanCalib-M,camera_0,2.370527342546848,84.31839849247163,117.76759091002675,2.1187809552880705
COMFI,3361_CircularWalking,HumanCalib-M,camera_2,0.8140384228698142,79.73272302349642,106.27836660605438,0.8076113553962305
COMFI,3361_CircularWalking,HumanCalib-M,camera_4,0.4358999386196512,41.29924844838578,84.52721475025221,0.8076113553962305
COMFI,3361_CircularWalking,HumanCalib-M,camera_6,0.6074221142700118,32.06177702742097,82.70970579524939,0.7764353524546727
COMFI,3361_StraightWalking,HumanCalib-M,camera_0,1.2192044046383497,40.72332421391059,119.28545393098648,1.2850838764502015
COMFI,3361_StraightWalking,HumanCalib-M,camera_2,0.3751685789620607,37.57393329736468,114.27025828524616,0.9520793731896006
COMFI,3361_StraightWalking,HumanCalib-M,camera_4,1.8014550002575311,43.62667636977752,101.58470951284784,1.5898150854026776
COMFI,3361_StraightWalking,HumanCalib-M,camera_6,1.4349431892656188,40.71890985518361,134.58378497077632,1.4291409898473288
COMFI,4216_CircularWalking,HumanCalib-M,camera_0,3.661066059198231,167.0614528021374,195.54935998848316,2.961246381545345
COMFI,4216_CircularWalking,HumanCalib-M,camera_2,1.7431401247941067,163.2533981090174,201.7981675482626,1.2237902231568785
COMFI,4216_CircularWalking,HumanCalib-M,camera_4,0.8029231868136515,59.13250298268237,119.93716453762634,1.0753452462777575
COMFI,4216_CircularWalking,HumanCalib-M,camera_6,1.2254702966981643,59.4832859767466,120.23790835802224,1.2237902231568785
COMFI,4216_StraightWalking,HumanCalib-M,camera_0,0.91300563477719,9.048833823771805,124.71433141534952,0.5724235309675131
COMFI,4216_StraightWalking,HumanCalib-M,camera_2,0.5317993057790638,7.50784540807492,132.55052417133004,0.431211202838956
COMFI,4216_StraightWalking,HumanCalib-M,camera_4,0.962256274206045,14.71887864729328,127.36646961980672,0.6912452009979657
COMFI,4216_StraightWalking,HumanCalib-M,camera_6,0.6626674474005074,15.49868080470454,131.32767431043916,0.5724235309675131
COMFI,4279_CircularWalking,HumanCalib-M,camera_0,2.017416781325435,61.21117503611725,91.47282275741064,2.039715807423914
COMFI,4279_CircularWalking,HumanCalib-M,camera_2,1.165918012091236,64.86011882458972,75.14124988379564,2.276858158227005
COMFI,4279_CircularWalking,HumanCalib-M,camera_4,2.7633739302611446,97.19955846995003,102.98654284048392,2.447136667577813
COMFI,4279_CircularWalking,HumanCalib-M,camera_6,1.8314101540592995,101.89411199920325,124.70395229659196,2.447136667577813
COMFI,4279_StraightWalking,HumanCalib-M,camera_0,0.8768802624301015,27.996455768499512,154.77646742540176,1.5969014092311984
COMFI,4279_StraightWalking,HumanCalib-M,camera_2,0.4424974748337119,26.98798968123605,123.57287658796288,1.7621048854292372
COMFI,4279_StraightWalking,HumanCalib-M,camera_4,1.5301615722043147,15.275286361377056,117.33467346622696,1.5969014092311984
COMFI,4279_StraightWalking,HumanCalib-M,camera_6,1.7825448419043914,14.458856619682493,158.18707318876207,1.7354929320807777
COMFI,4509_CircularWalking,HumanCalib-M,camera_0,1.3002221223697197,26.763104460622195,28.05813829304024,2.445153959869996
COMFI,4509_CircularWalking,HumanCalib-M,camera_2,1.175370795815151,26.79883134986833,15.811891217075647,2.1837446118938524
COMFI,4509_CircularWalking,HumanCalib-M,camera_4,2.6590482365466968,43.35396452329677,42.45971235497424,3.148998015524348
COMFI,4509_CircularWalking,HumanCalib-M,camera_6,1.5704328588404712,44.00227664358321,39.897981691138064,2.1837446118938524
COMFI,4509_StraightWalking,HumanCalib-M,camera_0,1.7183414750598045,28.104906013124367,82.62237914812917,1.4639817350109583
COMFI,4509_StraightWalking,HumanCalib-M,camera_2,1.289966838946089,26.92516720191569,102.61364067736412,0.9212408145590054
COMFI,4509_StraightWalking,HumanCalib-M,camera_4,1.176176235617346,33.395453410586484,95.574690074656,1.3575117740420477
COMFI,4509_StraightWalking,HumanCalib-M,camera_6,1.651676152156992,32.562730758164015,91.38678961506416,1.3575117740420477
COMFI,4612_CircularWalking,HumanCalib-M,camera_0,1.4869533396213326,62.07998817623558,82.29805707641043,1.5677418440368112
COMFI,4612_CircularWalking,HumanCalib-M,camera_2,0.5216483563484061,56.96283479877641,57.07004824848438,1.2956809676555672
COMFI,4612_CircularWalking,HumanCalib-M,camera_4,0.5858755074928241,57.295129263867125,73.79920529998101,1.2729821987122754
COMFI,4612_CircularWalking,HumanCalib-M,camera_6,1.7736301949726188,52.07340502522717,64.7047074246534,1.5817396138116988
COMFI,4612_StraightWalking,HumanCalib-M,camera_0,1.294648307949209,21.342388511140868,92.44766870227524,1.1294474421638687
COMFI,4612_StraightWalking,HumanCalib-M,camera_2,0.6822608574937274,21.239823301667016,75.26481742679894,0.6903238281333436
COMFI,4612_StraightWalking,HumanCalib-M,camera_4,0.955555557134336,33.005019233964944,66.82938811804082,0.9429096775161238
COMFI,4612_StraightWalking,HumanCalib-M,camera_6,1.697515034750135,33.34516922734489,106.3117638061742,1.486174868069103
COMFI,4665_CircularWalking,HumanCalib-M,camera_0,0.8445891479813646,43.52368812533472,97.26833352460444,0.9769383522252412
COMFI,4665_CircularWalking,HumanCalib-M,camera_2,0.5057337871640148,43.66799973453723,92.15763309053528,1.3110037618061867
COMFI,4665_CircularWalking,HumanCalib-M,camera_4,0.9265103418409986,23.969942826943434,82.05077678780559,0.9769383522252412
COMFI,4665_CircularWalking,HumanCalib-M,camera_6,1.6187661203592008,24.614449016713458,93.34055228292765,1.2397771298892042
COMFI,4665_StraightWalking,HumanCalib-M,camera_0,1.0403464037156682,36.951424372799686,123.45581805023298,0.9178248159757902
COMFI,4665_StraightWalking,HumanCalib-M,camera_2,1.1602320220462716,32.65959209496071,82.78184405482142,0.8479000239087767
COMFI,4665_StraightWalking,HumanCalib-M,camera_4,0.5020220288613898,47.56584242864333,99.31078072315664,0.9178248159757902
COMFI,4665_StraightWalking,HumanCalib-M,camera_6,1.3290477101795104,45.688509192619854,118.13387586181491,0.7936356184946219
COMFI,1012_CircularWalking,HumanCalib-R,camera_0,0.5829121715646176,24.501349147700488,84.1121814955957,1.687831477126844
COMFI,1012_CircularWalking,HumanCalib-R,camera_2,0.9657776583565064,18.211170832812225,74.33023433214628,2.12750068770617
COMFI,1012_CircularWalking,HumanCalib-R,camera_4,0.9907980464696764,48.65324283978731,94.32223492154624,1.687831477126844
COMFI,1012_CircularWalking,HumanCalib-R,camera_6,2.848718084135435,51.07934938952772,82.01058068756458,2.909987701420306
COMFI,1012_StraightWalking,HumanCalib-R,camera_0,1.4579133005702498,20.904851841355367,33.64692188954711,0.91572928695101
COMFI,1012_StraightWalking,HumanCalib-R,camera_2,1.226643009619489,19.029657866262134,34.092294054426084,1.3113652076582971
COMFI,1012_StraightWalking,HumanCalib-R,camera_4,1.3616946342867895,11.69445019854159,40.58414407108448,1.2038529666312958
COMFI,1012_StraightWalking,HumanCalib-R,camera_6,1.456132586103588,14.345008439144875,27.946668607653347,0.91572928695101
COMFI,1118_CircularWalking,HumanCalib-R,camera_0,2.78681972869217,104.80414792485335,186.61711067494176,1.8581926323615956
COMFI,1118_CircularWalking,HumanCalib-R,camera_2,0.8750931204570129,97.53507114894278,153.5385988520883,1.1711643194687744
COMFI,1118_CircularWalking,HumanCalib-R,camera_4,1.1795799471807298,47.49947142963256,101.30515608563128,1.1711643194687744
COMFI,1118_CircularWalking,HumanCalib-R,camera_6,0.6078023296760282,33.948200001762025,159.48355841431857,0.6511031490026143
COMFI,1118_StraightWalking,HumanCalib-R,camera_0,0.999911267600107,36.19694934475339,191.33975946966908,1.212300197534959
COMFI,1118_StraightWalking,HumanCalib-R,camera_2,1.121766507024902,40.0970919405308,209.5478942217239,0.8909431530841807
COMFI,1118_StraightWalking,HumanCalib-R,camera_4,2.384757840359068,50.13302634777592,197.24603946015463,1.434274749545737
COMFI,1118_StraightWalking,HumanCalib-R,camera_6,0.8077792989809588,53.022494346010944,207.120402546413,1.212300197534959
COMFI,1508_CircularWalking,HumanCalib-R,camera_0,1.8128165059955248,32.242674424883894,71.24086682858197,1.5185268738483904
COMFI,1508_CircularWalking,HumanCalib-R,camera_2,1.7628420634936406,42.37249067178311,109.22873698888436,1.788100452920928
COMFI,1508_CircularWalking,HumanCalib-R,camera_4,1.4292341417234755,90.2726963272667,91.87927550812267,1.788100452920928
COMFI,1508_CircularWalking,HumanCalib-R,camera_6,1.7528426563869206,94.33099947743054,139.36000672472974,2.7906692815841727
COMFI,1508_StraightWalking,HumanCalib-R,camera_0,1.6683287095829622,46.17767581272013,143.9937156649102,1.3972664457903614
COMFI,1508_StraightWalking,HumanCalib-R,camera_2,1.2181745192402176,49.37187448652537,141.85778485208573,1.0073497871117134
COMFI,1508_StraightWalking,HumanCalib-R,camera_4,2.0628515104447565,45.57831491377026,116.80609530508464,0.8474027185956329
COMFI,1508_StraightWalking,HumanCalib-R,camera_6,1.8998348473309303,49.1507023098376,164.40261270976612,1.0464008127613451
COMFI,1602_CircularWalking,HumanCalib-R,camera_0,1.3698319012244344,36.963957826639714,59.37571653490162,1.3063981758526442
COMFI,1602_CircularWalking,HumanCalib-R,camera_2,2.1960863475898367,52.05820592671951,98.27543708084188,1.460887274472752
COMFI,1602_CircularWalking,HumanCalib-R,camera_4,2.265248785942548,113.72231321120688,115.32509449407728,1.460887274472752
COMFI,1602_CircularWalking,HumanCalib-R,camera_6,1.4962648822929023,118.992465472766,142.6657891971513,2.4841278703775824
COMFI,1602_StraightWalking,HumanCalib-R,camera_0,1.7007153669969624,46.45701765201047,67.7336320480087,0.5378202769201818
COMFI,1602_StraightWalking,HumanCalib-R,camera_2,1.864705353727464,46.83022324517442,76.96550365628228,0.6758262475226245
COMFI,1602_StraightWalking,HumanCalib-R,camera_4,1.3554842574538672,30.18123347068129,52.28053354604028,0.94498710731567
COMFI,1602_StraightWalking,HumanCalib-R,camera_6,1.1025174493426095,30.97991895667405,78.72440073380508,0.5520106214312888
COMFI,1847_CircularWalking,HumanCalib-R,camera_0,1.8541305653245757,89.59518846635851,101.53185700446552,1.4161407118520737
COMFI,1847_CircularWalking,HumanCalib-R,camera_2,2.0473000619826505,99.17722966875988,108.09006098244802,1.9424153126828672
COMFI,1847_CircularWalking,HumanCalib-R,camera_4,0.9987583486030728,103.27233287276805,113.91359194736484,1.505637673996166
COMFI,1847_CircularWalking,HumanCalib-R,camera_6,2.4587361429105807,112.46532289786374,122.28773011781182,1.8051250859596784
COMFI,1847_StraightWalking,HumanCalib-R,camera_0,0.8348682798894028,67.75397652401409,131.1174013559975,1.3087817783310238
COMFI,1847_StraightWalking,HumanCalib-R,camera_2,1.3174785613388869,68.87979167439562,149.8372475240835,1.2299186941442142
COMFI,1847_StraightWalking,HumanCalib-R,camera_4,2.0997423838495943,35.91256306767443,135.53673760297082,1.457255568292807
COMFI,1847_StraightWalking,HumanCalib-R,camera_6,0.8162325526403263,38.30824364784356,124.92602225997344,1.3087817783310238
COMFI,2112_CircularWalking,HumanCalib-R,camera_0,1.4956596889614602,47.04023257722461,91.4741802621877,1.2907565071473672
COMFI,2112_CircularWalking,HumanCalib-R,camera_2,0.5689895943620108,46.51534339674296,140.57394372812934,0.956048950357302
COMFI,2112_CircularWalking,HumanCalib-R,camera_4,0.6092127527018529,22.464938534046112,103.6055395220747,0.8863598717701274
COMFI,2112_CircularWalking,HumanCalib-R,camera_6,1.076912032154978,24.354552073579608,124.51563326237093,0.956048950357302
COMFI,2112_StraightWalking,HumanCalib-R,camera_0,0.8243033053833626,62.71854741440424,148.09447225581877,1.1340496998021443
COMFI,2112_StraightWalking,HumanCalib-R,camera_2,0.6283468785716614,63.816439896981045,174.8967748451757,1.3274741982967937
COMFI,2112_StraightWalking,HumanCalib-R,camera_4,1.2268762250260423,25.48357845048496,139.92413551889533,1.1340496998021443
COMFI,2112_StraightWalking,HumanCalib-R,camera_6,1.253696788762058,33.158291456104024,174.02501676311243,1.4711033631514618
COMFI,2198_CircularWalking,HumanCalib-R,camera_0,1.2336315591162406,33.37156673425796,89.88941310890783,0.7163166561051749
COMFI,2198_CircularWalking,HumanCalib-R,camera_2,1.6450334464342184,45.11615014956846,123.01846137865913,0.6318301754642334
COMFI,2198_CircularWalking,HumanCalib-R,camera_4,1.9891431913083568,112.52126665493,131.02348922401103,0.7163166561051749
COMFI,2198_CircularWalking,HumanCalib-R,camera_6,2.1693749808624863,116.58131301704547,156.91385921411506,2.709159901937193
COMFI,2198_StraightWalking,HumanCalib-R,camera_0,1.5453428525434498,21.58889596207739,175.41883841640183,1.4440355461220262
COMFI,2198_StraightWalking,HumanCalib-R,camera_2,1.4559696552806085,23.970896109937037,153.2623120343152,1.3228405450890193
COMFI,2198_StraightWalking,HumanCalib-R,camera_4,1.1177454779821097,36.31995213931224,129.0140297607408,1.3228405450890193
COMFI,2198_StraightWalking,HumanCalib-R,camera_6,1.2932742036798457,38.08609511951865,198.17385646045923,1.8316982471377072
COMFI,2307_CircularWalking,HumanCalib-R,camera_0,0.9156703107943654,45.5877079268303,96.71108757023576,1.4603976397465994
COMFI,2307_CircularWalking,HumanCalib-R,camera_2,1.4541143128688572,41.74424148502996,50.40188434703061,1.6503082501734203
COMFI,2307_CircularWalking,HumanCalib-R,camera_4,1.2825155242578,42.6691592997248,73.570121831288,1.4603976397465994
COMFI,2307_CircularWalking,HumanCalib-R,camera_6,0.7309712611098764,38.64132097993926,84.27310497616041,1.812769921587388
COMFI,2307_StraightWalking,HumanCalib-R,camera_0,0.6776119548165289,35.31033541189196,129.50522939297994,1.0100332616334071
COMFI,2307_StraightWalking,HumanCalib-R,camera_2,0.6512130357879611,31.168697483762205,111.45028733761838,0.9960352320405172
COMFI,2307_StraightWalking,HumanCalib-R,camera_4,2.12113998520135,54.00462225075907,124.4661213006668,1.8548177000676465
COMFI,2307_StraightWalking,HumanCalib-R,camera_6,0.7090321026913334,51.57039464390917,129.51618451470523,1.0100332616334071
COMFI,3361_CircularWalking,HumanCalib-R,camera_0,2.617593752157877,94.25123528573916,175.87061374346985,2.228882021807541
COMFI,3361_CircularWalking,HumanCalib-R,camera_2,0.8759966452493455,89.1578814851342,154.61442967197104,0.8527534775443296
COMFI,3361_CircularWalking,HumanCalib-R,camera_4,0.4372187228985325,48.10076827414567,126.5063587719982,0.8527534775443296
COMFI,3361_CircularWalking,HumanCalib-R,camera_6,0.5215760300925364,38.435465009633816,152.184008035645,0.7336524515473365
COMFI,3361_StraightWalking,HumanCalib-R,camera_0,1.6903760187378587,55.99595027669033,182.1780460687972,1.6652293941219796
COMFI,3361_StraightWalking,HumanCalib-R,camera_2,1.504643321359725,52.10691570902704,193.38819557854148,1.0635431345904949
COMFI,3361_StraightWalking,HumanCalib-R,camera_4,2.761044863858764,84.47788116234591,170.72349084306734,1.836405965761068
COMFI,3361_StraightWalking,HumanCalib-R,camera_6,2.516563841535191,82.13218235893912,220.21860602036517,1.6652293941219796
COMFI,4216_CircularWalking,HumanCalib-R,camera_0,3.1964717486385568,143.9802546191404,216.9873481649684,2.833042240724417
COMFI,4216_CircularWalking,HumanCalib-R,camera_2,1.656912993906975,142.23785118361332,238.01636448712097,1.5626768649033944
COMFI,4216_CircularWalking,HumanCalib-R,camera_4,1.048956638922854,55.291662401311406,177.8452343581825,1.5626768649033944
COMFI,4216_CircularWalking,HumanCalib-R,camera_6,0.9326582256969614,52.04765100383073,170.812046224057,1.3050608156656345
COMFI,4216_StraightWalking,HumanCalib-R,camera_0,0.6275086025940576,8.623484557747322,246.71980716062632,0.4267049742588485
COMFI,4216_StraightWalking,HumanCalib-R,camera_2,0.5126698112493748,9.081904878821234,242.7736250086644,0.5023981683936141
COMFI,4216_StraightWalking,HumanCalib-R,camera_4,1.017002789778787,19.420733903921608,248.54958508078107,0.5023981683936141
COMFI,4216_StraightWalking,HumanCalib-R,camera_6,1.0936279617859954,19.16945485353261,241.7921053845198,0.9098133598019
COMFI,4279_CircularWalking,HumanCalib-R,camera_0,1.9713709309557628,51.291444370189645,82.4984130914386,1.5827953790234834
COMFI,4279_CircularWalking,HumanCalib-R,camera_2,1.0631839307236437,54.56770638549818,70.80343395123958,1.5827953790234834
COMFI,4279_CircularWalking,HumanCalib-R,camera_4,2.4048496461172304,86.74129018394767,91.32179024483968,2.092593897128256
COMFI,4279_CircularWalking,HumanCalib-R,camera_6,1.3178605640152188,90.28168844212884,109.05730206812991,2.092593897128256
COMFI,4279_StraightWalking,HumanCalib-R,camera_0,0.9721737025777296,31.266119690159723,193.33717106946304,1.7460121801361563
COMFI,4279_StraightWalking,HumanCalib-R,camera_2,0.2317190648989624,34.665950632909755,169.76221244831152,1.531780614408952
COMFI,4279_StraightWalking,HumanCalib-R,camera_4,2.1118177150515183,30.4412965143586,164.04192696054437,1.9155575131023248
COMFI,4279_StraightWalking,HumanCalib-R,camera_6,1.3876798261864294,34.39944557694382,200.05807379450587,1.531780614408952
COMFI,4509_CircularWalking,HumanCalib-R,camera_0,1.569601093223937,23.2375787803239,57.25790476081659,2.858077763085519
COMFI,4509_CircularWalking,HumanCalib-R,camera_2,1.4585411964472703,24.161037669301862,58.401495171426994,2.590920042587314
COMFI,4509_CircularWalking,HumanCalib-R,camera_4,3.059397102265596,46.892132914499705,68.7715987631854,3.880047179059932
COMFI,4509_CircularWalking,HumanCalib-R,camera_6,1.696593994534077,47.71424593754623,63.667603390688335,2.590920042587314
COMFI,4509_StraightWalking,HumanCalib-R,camera_0,1.7094038658408397,34.620521228229606,142.5563492035904,2.010371143724158
COMFI,4509_StraightWalking,HumanCalib-R,camera_2,0.724237074908694,33.4532937043262,159.2038876072336,1.2749030920893625
COMFI,4509_StraightWalking,HumanCalib-R,camera_4,1.393252849270723,26.472410026245864,144.17529730468752,1.2749030920893625
COMFI,4509_StraightWalking,HumanCalib-R,camera_6,1.8730658415546853,25.438370816121797,155.5543356548706,1.8654136770622651
COMFI,4612_CircularWalking,HumanCalib-R,camera_0,1.220500951393661,62.12538542964318,59.62804564350093,1.30142748083624
COMFI,4612_CircularWalking,HumanCalib-R,camera_2,0.7674609286403427,57.57308860548976,62.87688651133308,1.2568531635497553
COMFI,4612_CircularWalking,HumanCalib-R,camera_4,0.5279500440886601,55.789059323191616,68.52794044474476,1.260566039006579
COMFI,4612_CircularWalking,HumanCalib-R,camera_6,1.733117982216548,51.03505841271938,51.413322789833785,1.4900810423907
COMFI,4612_StraightWalking,HumanCalib-R,camera_0,0.9148178929953328,58.68517413069158,177.94729076597326,1.4679432847027412
COMFI,4612_StraightWalking,HumanCalib-R,camera_2,1.1248619833303837,58.95907917996759,152.87094871866506,1.2892944111931175
COMFI,4612_StraightWalking,HumanCalib-R,camera_4,1.264307704013613,31.82696160451481,139.78812563994614,1.0198159053024871
COMFI,4612_StraightWalking,HumanCalib-R,camera_6,1.374620086007492,35.69339919944829,172.9486350104737,1.6783158563101928
COMFI,4665_CircularWalking,HumanCalib-R,camera_0,0.626811839257462,31.94435750827021,60.49196609561005,1.412891319515903
COMFI,4665_CircularWalking,HumanCalib-R,camera_2,0.8871656009978576,34.69668245386069,64.04217674342314,1.5625275751742358
COMFI,4665_CircularWalking,HumanCalib-R,camera_4,1.0725490554614716,37.59089598894047,73.05510552718994,1.412891319515903
COMFI,4665_CircularWalking,HumanCalib-R,camera_6,2.0448270800612827,40.010616816171456,51.78320787086617,2.06416124639691
COMFI,4665_StraightWalking,HumanCalib-R,camera_0,177.98684800013748,876.6127859467501,882.7561776447773,32.666795197504584
COMFI,4665_StraightWalking,HumanCalib-R,camera_2,179.16268855561165,841.1583537932216,885.9826794536233,34.65056268361454
COMFI,4665_StraightWalking,HumanCalib-R,camera_4,45.799570529651504,1702.027860033407,1685.7211129730244,42.11037521473088
COMFI,4665_StraightWalking,HumanCalib-R,camera_6,54.45438762621479,1616.6913219380435,1706.349193735787,38.97282330466698
