dataset,frame,dof,trial,n_frames,rmsd_deg,bias_deg,p95_deg,max_deg
BioCV,own,Pelvis tilt,BioCV_P03_WALK_01,206,0.145730818616256,0.0211548084466019,0.3004954525000003,0.54313038
BioCV,own,Pelvis list,BioCV_P03_WALK_01,206,0.1869891514349358,-0.0308759559708738,0.3259197949999999,0.4432312500000002
BioCV,own,Pelvis rotation,BioCV_P03_WALK_01,206,0.2895417397629157,-0.0147955095631068,0.5479177724999997,1.31042468
BioCV,own,Hip flexion,BioCV_P03_WALK_01,206,0.2514709982643914,-0.0870773981067962,0.5129800934999987,1.510685299999999
BioCV,own,Hip adduction,BioCV_P03_WALK_01,206,0.2153103777826182,-0.0030857689563106,0.4067191665,0.5749289800000001
BioCV,own,Hip rotation,BioCV_P03_WALK_01,206,0.2895341670477325,-0.0170027187864077,0.6338071019999995,1.2610604
BioCV,own,Knee flexion,BioCV_P03_WALK_01,206,0.207498307048683,0.0084847636650485,0.4184251889999969,1.0210015700000028
BioCV,own,Ankle flexion,BioCV_P03_WALK_01,206,0.3163787498990794,0.0026376374999999,0.6755890355000003,1.1318490600000004
BioCV,own,Subtalar,BioCV_P03_WALK_01,206,0.4310914633887787,0.0560774657038835,0.990549979,1.80317862
BioCV,own,Pelvis tilt,BioCV_P03_WALK_02,189,0.674749413865916,-0.0279133113227512,0.6591554779999986,3.8473598
BioCV,own,Pelvis list,BioCV_P03_WALK_02,189,0.4387541535796964,0.0960781485185185,0.9170810659999996,1.6919152899999998
BioCV,own,Pelvis rotation,BioCV_P03_WALK_02,189,1.313195976224588,0.1092581716931216,3.717406108,5.39666728
BioCV,own,Hip flexion,BioCV_P03_WALK_02,189,1.340981618803952,0.1172837715873016,0.8758756595000003,10.33765079
BioCV,own,Hip adduction,BioCV_P03_WALK_02,189,0.468116546395232,-0.0443642093915344,1.1018987169999963,1.8904332
BioCV,own,Hip rotation,BioCV_P03_WALK_02,189,1.044711317320431,-0.0022122698677248,2.525521653999996,4.70605706
BioCV,own,Knee flexion,BioCV_P03_WALK_02,189,1.0330446036066163,0.1943298070634919,1.0746489195000035,8.204119519999999
BioCV,own,Ankle flexion,BioCV_P03_WALK_02,189,0.7502782900054646,0.1980389000529099,1.5557391975,4.28335469
BioCV,own,Subtalar,BioCV_P03_WALK_02,189,0.9089024688278394,-0.1477433330952381,1.846669553999999,6.297681690000001
BioCV,own,Pelvis tilt,BioCV_P04_WALK_01,197,0.29944401163912,-0.2809934463451776,0.448708688,0.5536751799999999
BioCV,own,Pelvis list,BioCV_P04_WALK_01,197,0.2839343298014258,-0.1221065493401015,0.4649811639999997,1.18487683
BioCV,own,Pelvis rotation,BioCV_P04_WALK_01,197,0.4884945412337274,-0.0516501603045685,0.4283349459999996,3.69113104
BioCV,own,Hip flexion,BioCV_P04_WALK_01,197,0.2657330562382899,0.1742970550253805,0.4759244934999991,1.44575414
BioCV,own,Hip adduction,BioCV_P04_WALK_01,197,0.3444034785221347,-0.0457595792639594,0.5363156764999994,2.03656269
BioCV,own,Hip rotation,BioCV_P04_WALK_01,197,0.407738123757422,-0.0491419846192893,0.5756166209999996,3.0320328300000003
BioCV,own,Knee flexion,BioCV_P04_WALK_01,197,0.2705128999402817,-0.0843661539593907,0.466153970999999,1.7002356499999998
BioCV,own,Ankle flexion,BioCV_P04_WALK_01,197,0.5171277878858912,-0.1740279591370557,0.9282790354999948,2.6506198599999995
BioCV,own,Subtalar,BioCV_P04_WALK_01,197,0.4791467639963463,0.1583447317005076,0.9887593334999984,3.14483408
BioCV,own,Pelvis tilt,BioCV_P04_WALK_02,187,0.0818722334087953,-0.0412702205347593,0.157959226,0.2233481299999997
BioCV,own,Pelvis list,BioCV_P04_WALK_02,187,0.1821668941592502,-0.0284056879679144,0.3851100009999999,0.4183121300000003
BioCV,own,Pelvis rotation,BioCV_P04_WALK_02,187,0.1956292294000704,-0.0770802440641711,0.316495482,0.5243581399999995
BioCV,own,Hip flexion,BioCV_P04_WALK_02,187,0.1292660014897531,0.0460851637700535,0.2624588010000027,0.4713866900000028
BioCV,own,Hip adduction,BioCV_P04_WALK_02,187,0.2109712316002971,-0.0117348740106951,0.4413962769999999,0.529714349999999
BioCV,own,Hip rotation,BioCV_P04_WALK_02,187,0.1982868855732589,0.0317245995989304,0.3824360995000005,0.7894829100000003
BioCV,own,Knee flexion,BioCV_P04_WALK_02,187,0.1840418867408547,0.091142860080214,0.3222565810000016,1.1432859400000002
BioCV,own,Ankle flexion,BioCV_P04_WALK_02,187,0.3226173551719152,-0.0484839309090909,0.4875113714999998,2.8816495
BioCV,own,Subtalar,BioCV_P04_WALK_02,187,0.2686468260699128,0.0222232335294117,0.6027169869999993,1.4033692900000003
BioCV,own,Pelvis tilt,BioCV_P06_WALK_01,263,0.3145730361714862,0.1454845392395437,0.4875427019999998,1.84026297
BioCV,own,Pelvis list,BioCV_P06_WALK_01,263,0.4489520312441205,0.0620986331558935,0.7998064569999999,1.06999957
BioCV,own,Pelvis rotation,BioCV_P06_WALK_01,263,0.8010968706846657,-0.7320987631939163,1.169037067,1.35215819
BioCV,own,Hip flexion,BioCV_P06_WALK_01,263,0.6863853035066328,-0.0736653133460075,1.34960252,4.12758203
BioCV,own,Hip adduction,BioCV_P06_WALK_01,263,0.5231653188020804,0.0539949509505703,1.0233560375,1.4556255400000002
BioCV,own,Hip rotation,BioCV_P06_WALK_01,263,0.4639116955529046,-0.0428438304182509,0.8161764374999998,1.4499444
BioCV,own,Knee flexion,BioCV_P06_WALK_01,263,0.6213244112318025,0.2194214004942966,1.5195333999999994,2.267301869999997
BioCV,own,Ankle flexion,BioCV_P06_WALK_01,263,0.7233603149695617,-0.298255327243346,1.2768524625000006,2.4098096
BioCV,own,Subtalar,BioCV_P06_WALK_01,263,0.6758782788576785,-0.0882394459695817,1.3857945574999997,3.2760219700000004
BioCV,own,Pelvis tilt,BioCV_P06_WALK_02,313,0.3276378285626115,0.2777219349840255,0.5785114519999996,0.9516639699999998
BioCV,own,Pelvis list,BioCV_P06_WALK_02,313,0.52710877943617,0.0497697012460064,0.922660148,1.1579047
BioCV,own,Pelvis rotation,BioCV_P06_WALK_02,313,1.129997370631202,-0.9357776023003196,1.4909175199999996,3.36165017
BioCV,own,Hip flexion,BioCV_P06_WALK_02,313,0.6127403973316959,-0.1387910215335463,1.2794349575,2.484306949999999
BioCV,own,Hip adduction,BioCV_P06_WALK_02,313,0.605266093072632,0.0856752364696485,1.1554842075000005,1.6985890799999996
BioCV,own,Hip rotation,BioCV_P06_WALK_02,313,0.8099151768529118,0.0163824615175718,1.3670585224999998,4.04944226
BioCV,own,Knee flexion,BioCV_P06_WALK_02,313,0.6973136552977234,0.2927195892332267,1.5369620150000003,2.369609920000002
BioCV,own,Ankle flexion,BioCV_P06_WALK_02,313,0.887576757019005,-0.3750676489936103,1.3796863825,5.2095304
BioCV,own,Subtalar,BioCV_P06_WALK_02,313,0.9218923918907206,-0.1922024794408945,2.121127237500001,3.2824396700000005
BioCV,own,Pelvis tilt,BioCV_P09_WALK_01,250,0.483556828067571,-0.03448036132,0.6128641669999981,5.533198000000002
BioCV,own,Pelvis list,BioCV_P09_WALK_01,250,1.570568197307899,-0.07946659044,0.5077468384999994,17.240900550000003
BioCV,own,Pelvis rotation,BioCV_P09_WALK_01,250,1.2602111064050308,-0.0955603428399999,0.9686736784999972,15.32321736
BioCV,own,Hip flexion,BioCV_P09_WALK_01,250,1.4061522440754082,0.0742020321199998,1.0846061649999974,18.28643123
BioCV,own,Hip adduction,BioCV_P09_WALK_01,250,0.6911303736131277,-0.0740384619599999,0.5104528534999984,7.271702430000001
BioCV,own,Hip rotation,BioCV_P09_WALK_01,250,1.6698623773678614,0.13997095292,0.8179892279999994,30.04459307
BioCV,own,Knee flexion,BioCV_P09_WALK_01,250,2.619748136889877,0.31818337866,0.8664985175000041,49.64555469
BioCV,own,Ankle flexion,BioCV_P09_WALK_01,250,1.0895559501460172,-0.08625745432,0.9184604624999954,13.41432364
BioCV,own,Subtalar,BioCV_P09_WALK_01,250,0.8107326381874836,0.0373938480399999,1.1150518824999984,8.15431671
BioCV,own,Pelvis tilt,BioCV_P09_WALK_02,233,2.4977993391954696,-0.1685289615450643,0.5329057420000001,28.58143949
BioCV,own,Pelvis list,BioCV_P09_WALK_02,233,1.889196523338244,-0.2423107218025751,0.9381513499999996,17.871666440000006
BioCV,own,Pelvis rotation,BioCV_P09_WALK_02,233,3.6730823901163214,-0.6149719525321887,1.516965837999967,43.10534442
BioCV,own,Hip flexion,BioCV_P09_WALK_02,233,1.86548193712822,0.110213669828326,0.4134814025000006,22.10397347
BioCV,own,Hip adduction,BioCV_P09_WALK_02,233,1.6932466766844338,-0.3093391296351931,0.8543369500000004,18.54112868
BioCV,own,Hip rotation,BioCV_P09_WALK_02,233,2.419851326308457,-0.0783150727896995,0.8101907450000002,26.50468596
BioCV,own,Knee flexion,BioCV_P09_WALK_02,233,2.941516091611319,-0.2761059709012877,0.5252237325000007,36.52951826
BioCV,own,Ankle flexion,BioCV_P09_WALK_02,233,4.041174524935693,-0.049266478497854,1.976386857499999,56.43353515
BioCV,own,Subtalar,BioCV_P09_WALK_02,233,3.950881112416897,-0.1436318716952789,1.431331625,38.59771895
BioCV,own,Pelvis tilt,BioCV_P10_WALK_01,183,0.1261809466707628,0.093840331693989,0.2191684959999999,0.3077372
BioCV,own,Pelvis list,BioCV_P10_WALK_01,183,0.2490734926214315,0.006887747431694,0.4658037840000007,0.6632695500000003
BioCV,own,Pelvis rotation,BioCV_P10_WALK_01,183,0.1740338848777619,0.1155688121857923,0.3022331670000018,0.4276104399999987
BioCV,own,Hip flexion,BioCV_P10_WALK_01,183,0.154609641119553,0.0261661068032788,0.3070530449999964,0.4109963800000002
BioCV,own,Hip adduction,BioCV_P10_WALK_01,183,0.2540747277718809,0.0147071748633879,0.477984175,0.64952787
BioCV,own,Hip rotation,BioCV_P10_WALK_01,183,0.2654184765497515,0.1132007189617486,0.5265447575,0.9874250399999998
BioCV,own,Knee flexion,BioCV_P10_WALK_01,183,0.3236617605587599,0.2690431532513659,0.6063090274999965,0.9090210800000024
BioCV,own,Ankle flexion,BioCV_P10_WALK_01,183,0.4607962422433424,0.1301604642076503,0.8925629975,1.8703533100000005
BioCV,own,Subtalar,BioCV_P10_WALK_01,183,0.3750481944162638,-0.0466114639071038,0.8304114699999996,1.93244515
BioCV,own,Pelvis tilt,BioCV_P10_WALK_02,162,0.1076608846213993,0.0602435316666666,0.196374812,0.3955745300000002
BioCV,own,Pelvis list,BioCV_P10_WALK_02,162,0.123604967503347,-0.0299118566666666,0.2477197285000001,0.2948068300000002
BioCV,own,Pelvis rotation,BioCV_P10_WALK_02,162,0.3441782511310337,0.319245472345679,0.5310691029999995,0.6887129400000003
BioCV,own,Hip flexion,BioCV_P10_WALK_02,162,0.1972714472737701,0.0248196658950616,0.3596625640000001,0.7867890600000003
BioCV,own,Hip adduction,BioCV_P10_WALK_02,162,0.1714023330342289,-0.0144257848765431,0.3083585145,0.4921932500000001
BioCV,own,Hip rotation,BioCV_P10_WALK_02,162,0.3019116369588319,0.0379907032407407,0.6079161139999975,1.3407530700000003
BioCV,own,Knee flexion,BioCV_P10_WALK_02,162,0.2870998783540567,0.2046660581481482,0.5387860530000085,0.8134295199999997
BioCV,own,Ankle flexion,BioCV_P10_WALK_02,162,0.3486871383533969,0.1585474390123457,0.7506664774999987,1.1977989599999996
BioCV,own,Subtalar,BioCV_P10_WALK_02,162,0.4469775769365552,-0.0185383758641975,1.0245250019999992,2.32527602
BioCV,own,Pelvis tilt,BioCV_P13_WALK_01,230,0.3565011443330999,-0.313391283173913,0.5993882665000001,0.93361996
BioCV,own,Pelvis list,BioCV_P13_WALK_01,230,0.307320092440719,0.0077313688260869,0.5175702770000001,1.2378598800000002
BioCV,own,Pelvis rotation,BioCV_P13_WALK_01,230,0.1205881791828265,-0.0547606854782608,0.2246059025,0.31520218
BioCV,own,Hip flexion,BioCV_P13_WALK_01,230,0.2156464227894342,0.045470179152174,0.4217706474999985,1.2255068399999995
BioCV,own,Hip adduction,BioCV_P13_WALK_01,230,0.3152748024876469,-0.041043785673913,0.6039563159999992,1.2444346000000015
BioCV,own,Hip rotation,BioCV_P13_WALK_01,230,0.3171298106940792,-0.1323190514130434,0.6415166454999996,1.4763262800000003
BioCV,own,Knee flexion,BioCV_P13_WALK_01,230,0.450105935891211,-0.3784168387173915,0.7820098739999986,1.1293478699999966
BioCV,own,Ankle flexion,BioCV_P13_WALK_01,230,0.6899291982733422,0.0154761438913043,1.4485248794999974,3.4012236000000007
BioCV,own,Subtalar,BioCV_P13_WALK_01,230,0.6685851110828226,0.3806177951956521,1.379578355499999,2.2284563699999995
BioCV,own,Pelvis tilt,BioCV_P13_WALK_02,209,0.3457883019558124,-0.3180886576076555,0.5722457379999998,0.73478121
BioCV,own,Pelvis list,BioCV_P13_WALK_02,209,0.227130130601606,-0.0128828100956937,0.3775188700000004,0.9380776700000002
BioCV,own,Pelvis rotation,BioCV_P13_WALK_02,209,0.25831825602445,0.1426359264593301,0.3899023119999995,1.1189728499999996
BioCV,own,Hip flexion,BioCV_P13_WALK_02,209,0.1986335961680424,0.1047705261722488,0.3531371454999999,1.3182444999999987
BioCV,own,Hip adduction,BioCV_P13_WALK_02,209,0.2393415082853822,-0.0517948405263157,0.4200089324999999,1.15575421
BioCV,own,Hip rotation,BioCV_P13_WALK_02,209,0.4579523302121153,-0.1224221956698564,0.6918163419999998,2.9624693699999995
BioCV,own,Knee flexion,BioCV_P13_WALK_02,209,0.3735906170608686,-0.272012783827751,0.6360209904999986,2.11521095
BioCV,own,Ankle flexion,BioCV_P13_WALK_02,209,0.3706013353693042,-0.1061626540191387,0.7452872004999994,1.39553302
BioCV,own,Subtalar,BioCV_P13_WALK_02,209,0.8393169765025781,0.0893299779186603,1.2349604954999998,5.769336899999999
BioCV,own,Pelvis tilt,BioCV_P16_WALK_01,265,0.1920815825038609,0.1384392356603773,0.3466502979999999,0.5716442099999999
BioCV,own,Pelvis list,BioCV_P16_WALK_01,265,0.2105265462005152,0.0505442409433962,0.3625883259999998,0.4724120899999997
BioCV,own,Pelvis rotation,BioCV_P16_WALK_01,265,0.3449524791445858,0.162455969471698,0.8919171239999985,1.8861417299999996
BioCV,own,Hip flexion,BioCV_P16_WALK_01,265,0.2731765013410669,0.0565204774150943,0.372312177499997,2.547014549999999
BioCV,own,Hip adduction,BioCV_P16_WALK_01,265,0.270538067893748,0.0272103931132075,0.5272471634999994,0.9926116800000004
BioCV,own,Hip rotation,BioCV_P16_WALK_01,265,0.3449627270553215,0.0963523429056604,0.7380786674999992,1.33830152
BioCV,own,Knee flexion,BioCV_P16_WALK_01,265,0.4840962522332213,0.3635590018113206,0.6700109104999988,3.4323015099999985
BioCV,own,Ankle flexion,BioCV_P16_WALK_01,265,0.3374728241606626,0.1502899515471698,0.6749014630000003,1.48227212
BioCV,own,Subtalar,BioCV_P16_WALK_01,265,0.4412387622710478,-0.1829552250566037,0.8873664274999983,2.3616726299999997
BioCV,own,Pelvis tilt,BioCV_P16_WALK_02,229,0.223521530966006,0.149907536812227,0.3337026959999999,1.4827096999999998
BioCV,own,Pelvis list,BioCV_P16_WALK_02,229,0.5284851038277251,0.12036468,0.3963606760000003,3.94368626
BioCV,own,Pelvis rotation,BioCV_P16_WALK_02,229,0.4887194182997625,0.174609423231441,1.246070114,2.165189850000001
BioCV,own,Hip flexion,BioCV_P16_WALK_02,229,0.5309188797970458,0.119707839694323,0.5281430104999995,6.650550670000001
BioCV,own,Hip adduction,BioCV_P16_WALK_02,229,0.4850981760165667,-0.0345291367030567,0.7197187024999993,3.955129130000001
BioCV,own,Hip rotation,BioCV_P16_WALK_02,229,1.3575031299831404,-0.0731914753930131,1.0428525709999996,16.26871199
BioCV,own,Knee flexion,BioCV_P16_WALK_02,229,0.999753996978716,0.4479840900655022,0.9974312884999992,8.809986440000001
BioCV,own,Ankle flexion,BioCV_P16_WALK_02,229,0.4850283202654766,0.1472964301310044,0.7342904234999984,3.37047923
BioCV,own,Subtalar,BioCV_P16_WALK_02,229,3.6473136719200814,-0.5253135765502184,1.1712460829999989,36.84088846
BioCV,own,Pelvis tilt,BioCV_P17_WALK_01,236,0.2024232661558124,0.0432767806355932,0.3676268375,0.5275623500000002
BioCV,own,Pelvis list,BioCV_P17_WALK_01,236,0.2419186126659692,-0.0010427160169491,0.4027015749999997,0.5230106000000001
BioCV,own,Pelvis rotation,BioCV_P17_WALK_01,236,0.4004105833176256,-0.3758309906355932,0.5933287674999999,0.7212203400000003
BioCV,own,Hip flexion,BioCV_P17_WALK_01,236,0.2593669942530701,0.0018209650211863,0.5183038420000005,1.11823781
BioCV,own,Hip adduction,BioCV_P17_WALK_01,236,0.2801052233513378,0.021663517309322,0.5056707069999999,0.6512435500000002
BioCV,own,Hip rotation,BioCV_P17_WALK_01,236,0.2957476788554963,0.0213004893220338,0.5604156080000003,1.41243773
BioCV,own,Knee flexion,BioCV_P17_WALK_01,236,0.3115439378177113,0.1485904598093223,0.6648062749999964,1.415755340000004
BioCV,own,Ankle flexion,BioCV_P17_WALK_01,236,0.383486155292606,-0.185121823029661,0.6341571094999995,1.4060259900000034
BioCV,own,Subtalar,BioCV_P17_WALK_01,236,0.3758786035136252,-0.0583822896822033,0.7408177950000001,1.6881337999999992
BioCV,own,Pelvis tilt,BioCV_P17_WALK_02,221,0.1592641698961433,0.1100206095927602,0.2875062399999999,0.390281
BioCV,own,Pelvis list,BioCV_P17_WALK_02,221,0.1720875454063528,0.004757781357466,0.3701800500000001,0.6016097999999999
BioCV,own,Pelvis rotation,BioCV_P17_WALK_02,221,0.1660176589095402,0.0913611230769231,0.26482268,0.6510438300000001
BioCV,own,Hip flexion,BioCV_P17_WALK_02,221,0.1304763587120591,-0.0064593857239818,0.2615830725000007,0.5110092299999991
BioCV,own,Hip adduction,BioCV_P17_WALK_02,221,0.1780231466251894,0.0348338178959276,0.3838803354999994,0.6993372500000001
BioCV,own,Hip rotation,BioCV_P17_WALK_02,221,0.2015170247594492,0.0363046382352941,0.3992632270000005,1.08430529
BioCV,own,Knee flexion,BioCV_P17_WALK_02,221,0.2872139123516294,0.1985310246380091,0.5580426210000013,1.439038679999996
BioCV,own,Ankle flexion,BioCV_P17_WALK_02,221,0.2362753663929265,0.0005598250226244,0.4494071949999993,0.79583412
BioCV,own,Subtalar,BioCV_P17_WALK_02,221,0.345666418198391,-0.1014289204524886,0.6979209545000011,1.72350276
BioCV,own,Pelvis tilt,BioCV_P18_WALK_01,205,0.2017676554954495,-0.0623709201951219,0.424445312,0.5697796300000002
BioCV,own,Pelvis list,BioCV_P18_WALK_01,205,0.407071465731332,-0.0395281692195121,0.6787102539999995,0.7951065300000009
BioCV,own,Pelvis rotation,BioCV_P18_WALK_01,205,0.2245306963166397,-0.1493936029756097,0.3971370639999993,0.5300333599999991
BioCV,own,Hip flexion,BioCV_P18_WALK_01,205,0.2260473767586263,0.0323086533414634,0.4514718364999999,0.7234199700000001
BioCV,own,Hip adduction,BioCV_P18_WALK_01,205,0.4316451001306648,0.020907003707317,0.7492164734999999,0.9142458500000004
BioCV,own,Hip rotation,BioCV_P18_WALK_01,205,0.2726958805708399,0.0201438721463414,0.5309012299999998,0.92351252
BioCV,own,Knee flexion,BioCV_P18_WALK_01,205,0.2910543440633698,0.0040062553170732,0.6056544819999983,0.8072498599999989
BioCV,own,Ankle flexion,BioCV_P18_WALK_01,205,0.5551444701739874,-0.3929082745365854,0.9115920079999984,1.6704836499999995
BioCV,own,Subtalar,BioCV_P18_WALK_01,205,0.4179244125089718,-0.0113403729756096,0.9300248379999996,2.40157776
BioCV,own,Pelvis tilt,BioCV_P18_WALK_02,216,0.2259366596326134,-0.1070372479629629,0.4493424924999999,0.6553858300000002
BioCV,own,Pelvis list,BioCV_P18_WALK_02,216,0.5149614661355141,0.1308813814351852,0.8738631824999995,0.9388919400000004
BioCV,own,Pelvis rotation,BioCV_P18_WALK_02,216,0.4356536448361279,-0.342044529074074,0.7453631575000008,0.8812222999999992
BioCV,own,Hip flexion,BioCV_P18_WALK_02,216,0.3983432490737124,0.0441177552777777,0.7656959020000007,1.2474160599999995
BioCV,own,Hip adduction,BioCV_P18_WALK_02,216,0.5580836921881389,0.0163866672916666,0.9948195184999992,1.2243786199999995
BioCV,own,Hip rotation,BioCV_P18_WALK_02,216,0.3902577827454066,0.0506741684953703,0.7787681805,1.1371022199999998
BioCV,own,Knee flexion,BioCV_P18_WALK_02,216,0.4467028529769212,-0.0608181170833333,0.939439988499996,1.38630998
BioCV,own,Ankle flexion,BioCV_P18_WALK_02,216,0.7912436632710309,-0.4511853611574074,1.3085926355,2.1302024800000003
BioCV,own,Subtalar,BioCV_P18_WALK_02,216,0.5605683953223165,0.0220676101388889,1.218814133499999,2.5342591600000004
COMFI,own,Pelvis tilt,COMFI_1012_CircularWalking,999,2.2873355622517906,-0.5039136585885886,4.671726904999997,11.90998507
COMFI,own,Pelvis list,COMFI_1012_CircularWalking,999,2.130380196470865,-0.2829792948048047,3.982788400999999,9.41433631
COMFI,own,Pelvis rotation,COMFI_1012_CircularWalking,999,19.87060333795913,-19.69552919141141,23.647133464999985,34.066110519999995
COMFI,own,Hip flexion,COMFI_1012_CircularWalking,999,3.2780519095858973,0.3148904630780781,7.677215556999999,14.76399123
COMFI,own,Hip adduction,COMFI_1012_CircularWalking,999,3.1334417908570686,-0.3254919706356355,5.721350182499998,10.81589368
COMFI,own,Hip rotation,COMFI_1012_CircularWalking,999,3.503263103374064,-0.0063590241491491,6.966380666499998,24.53764789
COMFI,own,Knee flexion,COMFI_1012_CircularWalking,999,2.682122806623593,-0.0607402092542542,4.6817056945,35.09675014
COMFI,own,Ankle flexion,COMFI_1012_CircularWalking,999,4.116780161798723,0.309481069034034,7.812295491499994,29.62981679
COMFI,own,Subtalar,COMFI_1012_CircularWalking,999,4.766891781451571,-0.657505466066066,10.40813121,32.8769119
COMFI,own,Pelvis tilt,COMFI_1012_StraightWalking,281,3.1192557344392093,-1.986150050213523,6.523527250000001,9.24600364
COMFI,own,Pelvis list,COMFI_1012_StraightWalking,281,3.3376395046165457,-0.3711346465480427,8.103296189999998,12.79905446
COMFI,own,Pelvis rotation,COMFI_1012_StraightWalking,281,8.943092693388673,-1.7298552751957292,13.07151588,28.93330495
COMFI,own,Hip flexion,COMFI_1012_StraightWalking,281,6.140438490666481,4.085628832402136,10.737213663499992,29.90444547
COMFI,own,Hip adduction,COMFI_1012_StraightWalking,281,4.662408026096675,-0.441475393024911,10.706817324999951,21.89853954
COMFI,own,Hip rotation,COMFI_1012_StraightWalking,281,12.925750400082572,1.6590587570284698,19.976916275999944,52.18127656
COMFI,own,Knee flexion,COMFI_1012_StraightWalking,281,5.939854661981003,1.35317274955516,10.695873563999989,40.65271491
COMFI,own,Ankle flexion,COMFI_1012_StraightWalking,281,8.446389742676088,-1.7481523741814946,17.435592097999994,69.93046837
COMFI,own,Subtalar,COMFI_1012_StraightWalking,281,7.88471100219175,-1.056026519395019,12.752610466499991,36.0669972
COMFI,own,Pelvis tilt,COMFI_1118_CircularWalking,999,1.1990546891792149,-0.4923189511411411,2.060527993,4.27610726
COMFI,own,Pelvis list,COMFI_1118_CircularWalking,999,1.5840915901547017,-0.4809592724524524,3.689059123999999,6.8172216500000005
COMFI,own,Pelvis rotation,COMFI_1118_CircularWalking,999,2.3505761679156767,0.9239510223623636,4.592406666,5.798405369999955
COMFI,own,Hip flexion,COMFI_1118_CircularWalking,999,3.671270893312689,1.421799141896897,7.538038314,11.44189203
COMFI,own,Hip adduction,COMFI_1118_CircularWalking,999,2.832675174041314,-0.107497749074074,5.7366800105,8.71886014
COMFI,own,Hip rotation,COMFI_1118_CircularWalking,999,3.694942905757245,0.2189085498398399,6.778466557499996,19.9195566
COMFI,own,Knee flexion,COMFI_1118_CircularWalking,999,1.489698152652506,0.2671089204104104,3.256422805,7.201538650000001
COMFI,own,Ankle flexion,COMFI_1118_CircularWalking,999,4.851858820713915,-2.2712403522272275,8.774475631,30.44501332
COMFI,own,Subtalar,COMFI_1118_CircularWalking,999,4.316925432330804,-0.8602002039439439,9.538645978,31.72845156
COMFI,own,Pelvis tilt,COMFI_1118_StraightWalking,377,4.155495022276078,-2.1374267715384616,11.964272411999998,18.80873672
COMFI,own,Pelvis list,COMFI_1118_StraightWalking,377,4.002947150824269,0.0618700961803713,10.065448437999994,16.42112743
COMFI,own,Pelvis rotation,COMFI_1118_StraightWalking,377,11.565486627760848,-4.6001005366313,24.740748432,35.42277632
COMFI,own,Hip flexion,COMFI_1118_StraightWalking,377,10.814304509171452,6.062537921644562,22.5047326995,51.94060041
COMFI,own,Hip adduction,COMFI_1118_StraightWalking,377,4.266963664679476,-0.6975843026392573,9.403999526000002,21.07526223
COMFI,own,Hip rotation,COMFI_1118_StraightWalking,377,12.924890800721428,2.5416049881167107,20.54571661450001,54.2979847
COMFI,own,Knee flexion,COMFI_1118_StraightWalking,377,7.77083201717545,3.5492397253183023,16.543418839,44.70669019
COMFI,own,Ankle flexion,COMFI_1118_StraightWalking,377,11.394175722611294,-0.8505500899204249,28.590493858500004,58.49277179
COMFI,own,Subtalar,COMFI_1118_StraightWalking,377,8.237527678118596,-2.9451243921220165,15.419847695000003,37.55366978
COMFI,own,Pelvis tilt,COMFI_1508_CircularWalking,999,1.2412529098941048,-0.4756729197097097,2.292024082,3.90492297
COMFI,own,Pelvis list,COMFI_1508_CircularWalking,999,1.4120505994554255,-0.4809501586886886,3.091504463999996,6.03195931
COMFI,own,Pelvis rotation,COMFI_1508_CircularWalking,999,4.645390557868409,-3.600312244344348,7.267350112999995,13.49062945
COMFI,own,Hip flexion,COMFI_1508_CircularWalking,999,2.9209016304835758,-0.6827889633733734,5.874902568,11.2938006
COMFI,own,Hip adduction,COMFI_1508_CircularWalking,999,3.428805004858551,-0.0474404626776776,5.8930231495,9.53127129
COMFI,own,Hip rotation,COMFI_1508_CircularWalking,999,3.812511820910416,0.2265143628578577,8.497871722999998,19.25860519
COMFI,own,Knee flexion,COMFI_1508_CircularWalking,999,1.719286412051131,0.0283951901751751,3.2762605869999994,11.24033014
COMFI,own,Ankle flexion,COMFI_1508_CircularWalking,999,3.850485388769071,-0.5820797099749749,8.541207209499992,28.51941028
COMFI,own,Subtalar,COMFI_1508_CircularWalking,999,4.514748882362244,-1.4121744264264269,11.430219210999995,27.85780233
COMFI,own,Pelvis tilt,COMFI_1508_StraightWalking,335,3.137924218620102,-1.4715401059402984,6.622528752,14.8377105
COMFI,own,Pelvis list,COMFI_1508_StraightWalking,335,2.2001438675158966,0.0102450298507462,4.331983197000002,13.0291691
COMFI,own,Pelvis rotation,COMFI_1508_StraightWalking,335,11.040666952501404,-2.3168548662388067,22.079995212000004,32.35903777
COMFI,own,Hip flexion,COMFI_1508_StraightWalking,335,7.558187032412404,3.3308048255223883,15.4607187315,49.77296002
COMFI,own,Hip adduction,COMFI_1508_StraightWalking,335,3.343886455007742,-0.1275044646119403,8.050696523999997,18.22417415
COMFI,own,Hip rotation,COMFI_1508_StraightWalking,335,11.668577079238444,1.3653407813134326,19.120680159000003,32.50128651
COMFI,own,Knee flexion,COMFI_1508_StraightWalking,335,6.170946894995524,1.0145488500149251,11.483974235999948,48.59389447
COMFI,own,Ankle flexion,COMFI_1508_StraightWalking,335,7.570395651640069,-1.6380270648656718,17.208300487999978,49.12407938
COMFI,own,Subtalar,COMFI_1508_StraightWalking,335,10.25330114663227,-1.4800681170149257,16.48084487799999,38.03048691
COMFI,own,Pelvis tilt,COMFI_1602_CircularWalking,999,1.2742203865685124,0.0069239845645645,2.4387123969999998,15.28006451
COMFI,own,Pelvis list,COMFI_1602_CircularWalking,999,1.450888494378339,-0.1471243967567567,3.0125682699999974,9.88739141
COMFI,own,Pelvis rotation,COMFI_1602_CircularWalking,999,7.744311956587397,3.63524745961962,10.088852335999997,83.99855889000001
COMFI,own,Hip flexion,COMFI_1602_CircularWalking,999,4.84988740389242,0.4336807822072073,7.6847766084999805,64.33109798999999
COMFI,own,Hip adduction,COMFI_1602_CircularWalking,999,4.16103444276628,-0.1746805116166166,7.291401425499999,16.25925514
COMFI,own,Hip rotation,COMFI_1602_CircularWalking,999,6.201963402662391,0.6285040141141142,11.128241359999992,63.05024763
COMFI,own,Knee flexion,COMFI_1602_CircularWalking,999,2.0771025451257588,0.1715122558858859,4.160035254500003,16.35100648
COMFI,own,Ankle flexion,COMFI_1602_CircularWalking,999,3.906215198599305,-0.5158779503253254,8.402129860499999,19.51757844
COMFI,own,Subtalar,COMFI_1602_CircularWalking,999,5.834603239345397,-1.4569915638588589,13.264492692999998,39.15591297
COMFI,own,Pelvis tilt,COMFI_1602_StraightWalking,276,3.0906036487769333,-1.885392836594203,6.552640097499999,14.39779081
COMFI,own,Pelvis list,COMFI_1602_StraightWalking,276,3.5590957481377576,0.1042401928985507,9.3197768325,15.9220649
COMFI,own,Pelvis rotation,COMFI_1602_StraightWalking,276,12.32247709338105,-2.915780630942029,15.818213065,17.804087449999997
COMFI,own,Hip flexion,COMFI_1602_StraightWalking,276,9.349766967832908,3.298825186702899,20.938054095499982,53.86821649
COMFI,own,Hip adduction,COMFI_1602_StraightWalking,276,4.560405560927549,-0.4948224405253623,11.917855599999992,21.40172466
COMFI,own,Hip rotation,COMFI_1602_StraightWalking,276,11.859690014487988,0.8888613760144938,19.496049127499997,26.79001015
COMFI,own,Knee flexion,COMFI_1602_StraightWalking,276,6.015815375462747,1.8186446378985508,11.856172075999972,42.80686072
COMFI,own,Ankle flexion,COMFI_1602_StraightWalking,276,7.180989299449067,-0.0333499533152175,15.628906700999943,39.14031703
COMFI,own,Subtalar,COMFI_1602_StraightWalking,276,12.479558375694754,-1.8158151870652173,21.14353891599998,37.43178606
COMFI,own,Pelvis tilt,COMFI_1847_CircularWalking,999,1.193354148024349,-0.6456685716316317,1.93012577,6.191189139999999
COMFI,own,Pelvis list,COMFI_1847_CircularWalking,999,0.7958006804180153,-0.0837110978778779,1.6572950909999995,3.39291493
COMFI,own,Pelvis rotation,COMFI_1847_CircularWalking,999,2.2469954343305103,1.4907597800700718,3.696299449000013,12.943226510000002
COMFI,own,Hip flexion,COMFI_1847_CircularWalking,999,2.817157733778535,1.8757930303503505,5.390192944999999,7.25521374
COMFI,own,Hip adduction,COMFI_1847_CircularWalking,999,1.8669340082349253,-0.0173703709709709,3.798629217999994,5.80128534
COMFI,own,Hip rotation,COMFI_1847_CircularWalking,999,2.2173395966246274,0.3137983432032031,4.687005033499996,7.93999542
COMFI,own,Knee flexion,COMFI_1847_CircularWalking,999,0.9990948732461676,0.185572676966967,2.0748033365,5.955030950000001
COMFI,own,Ankle flexion,COMFI_1847_CircularWalking,999,2.7369560570427494,-1.6658689317267268,5.445226253,6.480883690000001
COMFI,own,Subtalar,COMFI_1847_CircularWalking,999,2.8826474271032656,-0.4805466767217217,5.8631306364999904,18.90798026
COMFI,own,Pelvis tilt,COMFI_1847_StraightWalking,297,3.307203201822576,-1.5685157113131316,8.688988433999999,12.57901558
COMFI,own,Pelvis list,COMFI_1847_StraightWalking,297,2.2240771675066084,-0.3444523678114478,4.705754031999997,10.67087165
COMFI,own,Pelvis rotation,COMFI_1847_StraightWalking,297,7.987791480296484,-1.217082521313131,17.364539985999993,24.11369573
COMFI,own,Hip flexion,COMFI_1847_StraightWalking,297,5.287489593065097,3.283682424579125,10.919521013000011,19.1798623
COMFI,own,Hip adduction,COMFI_1847_StraightWalking,297,2.7994668111601824,-0.4649448496127946,6.475547736500001,11.95173761
COMFI,own,Hip rotation,COMFI_1847_StraightWalking,297,8.860908520738322,0.1780896978114478,14.1892087715,27.044240800000004
COMFI,own,Knee flexion,COMFI_1847_StraightWalking,297,4.071522730902538,1.1756788678451175,9.018955067500018,22.02737435
COMFI,own,Ankle flexion,COMFI_1847_StraightWalking,297,4.217723663026295,-1.4672505392424242,6.467512216999998,29.96059009
COMFI,own,Subtalar,COMFI_1847_StraightWalking,297,6.6850454418980965,0.1272044661111109,11.753145071000004,15.608861230000002
COMFI,own,Pelvis tilt,COMFI_2112_CircularWalking,999,1.888209133298752,-0.738204371101101,3.5292301109999933,4.73893201
COMFI,own,Pelvis list,COMFI_2112_CircularWalking,999,1.9412989526618327,0.2664459455255255,3.444663782,4.35791038
COMFI,own,Pelvis rotation,COMFI_2112_CircularWalking,999,26.728471339194293,-26.660367512372368,29.966921617999997,31.15182272999993
COMFI,own,Hip flexion,COMFI_2112_CircularWalking,999,2.6741736755401013,-0.5317269871571572,5.229869093999999,12.74177442
COMFI,own,Hip adduction,COMFI_2112_CircularWalking,999,2.883416656602838,-0.0928957979029029,5.650457536,7.44234919
COMFI,own,Hip rotation,COMFI_2112_CircularWalking,999,4.316816936426439,0.8179945394944943,9.143578518499982,22.76991418
COMFI,own,Knee flexion,COMFI_2112_CircularWalking,999,1.7551129334654745,0.1994049184084084,2.6479318525000006,15.29532379
COMFI,own,Ankle flexion,COMFI_2112_CircularWalking,999,4.450547032960028,-0.0572092861711711,9.802783023999998,22.19807554
COMFI,own,Subtalar,COMFI_2112_CircularWalking,999,5.489668436452853,-1.6070990947247246,13.1052754905,27.80499691
COMFI,own,Pelvis tilt,COMFI_2112_StraightWalking,262,4.32477805466338,0.5985792833969464,9.161858914499996,14.08259728
COMFI,own,Pelvis list,COMFI_2112_StraightWalking,262,4.3609262312797865,-0.3955701717938931,10.974800801999995,14.41020963
COMFI,own,Pelvis rotation,COMFI_2112_StraightWalking,262,11.166879463820976,-0.3778849517557258,22.17213360999997,32.24231477
COMFI,own,Hip flexion,COMFI_2112_StraightWalking,262,4.337905226597432,-0.1360519150572519,9.052770205,20.58073651
COMFI,own,Hip adduction,COMFI_2112_StraightWalking,262,5.711907535964457,-0.5481346227480914,16.141503354499985,19.03173087
COMFI,own,Hip rotation,COMFI_2112_StraightWalking,262,14.37422976159473,1.8496521010305345,27.93628133449999,58.37700457
COMFI,own,Knee flexion,COMFI_2112_StraightWalking,262,10.441983392724014,3.3022199923473283,23.560964209999984,55.50972638
COMFI,own,Ankle flexion,COMFI_2112_StraightWalking,262,11.014575556740498,-2.2410343498473284,27.02378273949998,42.03211137
COMFI,own,Subtalar,COMFI_2112_StraightWalking,262,10.675064464952964,-3.613610258549618,21.0125529335,33.131680790000004
COMFI,own,Pelvis tilt,COMFI_2198_CircularWalking,999,0.8199549983940579,-0.0619738868068068,1.6485918009999996,2.4449245800000003
COMFI,own,Pelvis list,COMFI_2198_CircularWalking,999,0.7525074042758235,-0.1295198693493493,1.3764521149999998,1.86188067
COMFI,own,Pelvis rotation,COMFI_2198_CircularWalking,999,3.646923858205672,-3.256360934304304,5.934132190000032,6.438033760000003
COMFI,own,Hip flexion,COMFI_2198_CircularWalking,999,1.6737753075263224,-0.5630091001101101,3.064606082500002,4.485133180000002
COMFI,own,Hip adduction,COMFI_2198_CircularWalking,999,2.40474861853425,-0.064503941056056,4.053781728,7.11976075
COMFI,own,Hip rotation,COMFI_2198_CircularWalking,999,2.560402969570928,0.3873667712862862,5.111219344999998,12.733588840000005
COMFI,own,Knee flexion,COMFI_2198_CircularWalking,999,1.0862108553028165,0.2511915248498498,2.3980470369999978,4.738261859999999
COMFI,own,Ankle flexion,COMFI_2198_CircularWalking,999,2.215679697164979,0.3758927652902902,4.284828032500001,8.56668398
COMFI,own,Subtalar,COMFI_2198_CircularWalking,999,1.885167817154905,-0.4246639823773774,5.059135349499986,9.150664920000002
COMFI,own,Pelvis tilt,COMFI_2198_StraightWalking,319,2.4668601643125774,-0.1078515495297805,4.748477833,7.881468249999999
COMFI,own,Pelvis list,COMFI_2198_StraightWalking,319,4.213510008749639,-0.8145267681191221,11.233858617999998,13.94188039
COMFI,own,Pelvis rotation,COMFI_2198_StraightWalking,319,10.030068508122952,2.428778667711598,17.535076924,22.59808358
COMFI,own,Hip flexion,COMFI_2198_StraightWalking,319,8.588939146626286,0.2965054579937303,19.772823651,45.50615848
COMFI,own,Hip adduction,COMFI_2198_StraightWalking,319,5.286265867115515,-0.1486504801567397,13.5708691895,21.9764908
COMFI,own,Hip rotation,COMFI_2198_StraightWalking,319,11.34397944205106,-0.5986784659090905,16.482076120499997,50.73940022
COMFI,own,Knee flexion,COMFI_2198_StraightWalking,319,8.991347327573493,-1.8926918210188088,24.900290772,37.76883633
COMFI,own,Ankle flexion,COMFI_2198_StraightWalking,319,15.025778084280525,-4.0248480022257045,32.81092486149996,83.38799978
COMFI,own,Subtalar,COMFI_2198_StraightWalking,319,8.752153772474667,-1.7722215153291532,14.8431124145,21.78746793
COMFI,own,Pelvis tilt,COMFI_2307_CircularWalking,999,1.456036680774658,-0.6186181953953954,2.615017264,3.38407768
COMFI,own,Pelvis list,COMFI_2307_CircularWalking,999,0.8873742053217543,0.1641478852352352,1.6721215619999996,2.60050486
COMFI,own,Pelvis rotation,COMFI_2307_CircularWalking,999,6.529030732898353,-6.152616848118118,8.985281370000061,10.89384561999998
COMFI,own,Hip flexion,COMFI_2307_CircularWalking,999,3.1357984028190797,0.2383037190140141,6.9087424115,10.88898928
COMFI,own,Hip adduction,COMFI_2307_CircularWalking,999,2.8125455285792027,-0.0473071389589589,4.809782555499999,6.13294986
COMFI,own,Hip rotation,COMFI_2307_CircularWalking,999,2.947995855033671,0.3598837743993994,6.586172224999997,9.24230562
COMFI,own,Knee flexion,COMFI_2307_CircularWalking,999,1.0794546877415845,0.1396113051451451,2.027447834999998,7.081412580000002
COMFI,own,Ankle flexion,COMFI_2307_CircularWalking,999,3.196492843748856,-0.5522670013963962,7.025085928499996,23.28199994
COMFI,own,Subtalar,COMFI_2307_CircularWalking,999,4.110239869438825,-1.1355098285035037,9.095180286499998,15.09512943
COMFI,own,Pelvis tilt,COMFI_2307_StraightWalking,380,2.934399946787692,1.0991040187368424,5.337477852,14.15543402
COMFI,own,Pelvis list,COMFI_2307_StraightWalking,380,2.151559276350725,-0.0949791661052631,5.010950227500001,10.60175458
COMFI,own,Pelvis rotation,COMFI_2307_StraightWalking,380,7.5836423674706674,3.355888182368421,11.185938502,12.73621766
COMFI,own,Hip flexion,COMFI_2307_StraightWalking,380,5.096558634040919,-0.0417964805526315,9.508473295999998,28.459740850000003
COMFI,own,Hip adduction,COMFI_2307_StraightWalking,380,3.219637128380989,-0.3848819841315788,7.013595254999999,14.176152119999998
COMFI,own,Hip rotation,COMFI_2307_StraightWalking,380,9.895649276947085,0.7573841942894731,13.4534445465,53.86544602
COMFI,own,Knee flexion,COMFI_2307_StraightWalking,380,3.520514951824562,1.4878512861447368,8.684300478999994,14.77085161
COMFI,own,Ankle flexion,COMFI_2307_StraightWalking,380,5.679513251768944,-0.4942395465526317,8.869221799499984,53.67244401
COMFI,own,Subtalar,COMFI_2307_StraightWalking,380,7.472016363823308,-1.117123433394737,12.5243160345,18.03812351
COMFI,own,Pelvis tilt,COMFI_3361_CircularWalking,999,1.146177696785332,-0.5464654377677677,2.578707252,3.87542801
COMFI,own,Pelvis list,COMFI_3361_CircularWalking,999,0.9929878291288268,0.3858976136436436,2.318768785,2.72548946
COMFI,own,Pelvis rotation,COMFI_3361_CircularWalking,999,3.694088319554264,-2.077845378548548,6.719171047999999,8.629487300000008
COMFI,own,Hip flexion,COMFI_3361_CircularWalking,999,3.1948276787268397,1.2540032987587588,9.0795581385,12.96997074
COMFI,own,Hip adduction,COMFI_3361_CircularWalking,999,2.931554884019828,0.0161598057057057,6.0843151375,8.94065415
COMFI,own,Hip rotation,COMFI_3361_CircularWalking,999,3.2347288067575737,0.2225801731831831,7.082109355499983,11.64402609
COMFI,own,Knee flexion,COMFI_3361_CircularWalking,999,1.0326831191634775,0.0764560971871872,1.9732435274999989,6.04597298
COMFI,own,Ankle flexion,COMFI_3361_CircularWalking,999,2.2872580444560677,-1.3018014636686686,4.900520051,6.90608099
COMFI,own,Subtalar,COMFI_3361_CircularWalking,999,3.4766996934753944,-0.7484874432832833,8.776950677999997,13.230575
COMFI,own,Pelvis tilt,COMFI_3361_StraightWalking,391,4.16105531624224,-3.173343587826087,7.727658695000001,11.48537764
COMFI,own,Pelvis list,COMFI_3361_StraightWalking,391,3.159344130500402,-0.0976063351662404,5.88899286,15.0157399
COMFI,own,Pelvis rotation,COMFI_3361_StraightWalking,391,8.521835363141305,-2.3670180024808185,19.229396725,27.155094410000004
COMFI,own,Hip flexion,COMFI_3361_StraightWalking,391,8.845683481292038,7.0164046057161125,14.8761049655,21.47994415
COMFI,own,Hip adduction,COMFI_3361_StraightWalking,391,3.7731621562631297,-0.578354924961637,8.579056910999979,20.69177276
COMFI,own,Hip rotation,COMFI_3361_StraightWalking,391,8.132007108113326,0.9531248390920716,13.091187343999998,32.51101055
COMFI,own,Knee flexion,COMFI_3361_StraightWalking,391,5.821904017399001,2.2373123013299234,13.961188433499988,33.38750279
COMFI,own,Ankle flexion,COMFI_3361_StraightWalking,391,5.6163538045504735,-1.4259251010741687,11.804455346999983,37.25987874
COMFI,own,Subtalar,COMFI_3361_StraightWalking,391,7.440138806887359,-0.8570925856649613,12.236508773999995,28.67556903
COMFI,own,Pelvis tilt,COMFI_4216_CircularWalking,999,1.7101807922863257,0.2394380283983983,3.237740136,4.60523064
COMFI,own,Pelvis list,COMFI_4216_CircularWalking,999,1.353481458129811,0.1297870304604604,2.83812428,6.39479937
COMFI,own,Pelvis rotation,COMFI_4216_CircularWalking,999,15.230108892315856,-14.898574398508508,18.970474816999896,20.513775029999977
COMFI,own,Hip flexion,COMFI_4216_CircularWalking,999,2.094381962905402,-1.250606556011011,4.354975395999989,6.286114789999999
COMFI,own,Hip adduction,COMFI_4216_CircularWalking,999,3.085206153539672,0.02835371,6.588469980499998,10.0665541
COMFI,own,Hip rotation,COMFI_4216_CircularWalking,999,3.492328907469,0.4015337654154154,7.771684264499997,11.26460659
COMFI,own,Knee flexion,COMFI_4216_CircularWalking,999,1.477960711359017,0.1978481467167167,2.7434571434999997,8.274791790000002
COMFI,own,Ankle flexion,COMFI_4216_CircularWalking,999,2.846392574146411,0.0733195146846846,5.207720543999998,14.58607537
COMFI,own,Subtalar,COMFI_4216_CircularWalking,999,3.5842886501241398,-0.4983679227227228,7.5501543595,21.3270685
COMFI,own,Pelvis tilt,COMFI_4216_StraightWalking,376,5.019330035543886,3.594331408776596,7.1512629875,8.907171889999999
COMFI,own,Pelvis list,COMFI_4216_StraightWalking,376,2.8976176851714874,-0.1018316326861702,6.85562312,14.05858241
COMFI,own,Pelvis rotation,COMFI_4216_StraightWalking,376,6.586458368095963,0.2353305063563827,10.0051777525,12.73787978
COMFI,own,Hip flexion,COMFI_4216_StraightWalking,376,7.680810365096762,-6.154160342619681,11.7110739235,25.90866903
COMFI,own,Hip adduction,COMFI_4216_StraightWalking,376,4.171011838488832,-0.2084568378989362,10.19522346,17.62003378
COMFI,own,Hip rotation,COMFI_4216_StraightWalking,376,8.478299036959712,0.1327185720079782,12.3083569625,16.412505369999998
COMFI,own,Knee flexion,COMFI_4216_StraightWalking,376,3.6021536652386312,0.7317916603723404,6.655792534999993,26.69312787
COMFI,own,Ankle flexion,COMFI_4216_StraightWalking,376,4.301164820862864,2.2366602951994685,7.916897068499994,33.2160666
COMFI,own,Subtalar,COMFI_4216_StraightWalking,376,6.368978809556308,-0.356137382805851,11.006449296999994,14.26383354
COMFI,own,Pelvis tilt,COMFI_4279_CircularWalking,999,3.547653388859016,-0.2795118031231231,5.350173365,39.1395335
COMFI,own,Pelvis list,COMFI_4279_CircularWalking,999,1.860513802643796,-0.4223632963563565,3.5655058799999986,11.89249356
COMFI,own,Pelvis rotation,COMFI_4279_CircularWalking,999,5.265029498989007,0.3344950824524534,9.041378935999996,49.93452358000002
COMFI,own,Hip flexion,COMFI_4279_CircularWalking,999,3.069121649471376,-0.2118650452802803,5.737859535999999,27.68162591
COMFI,own,Hip adduction,COMFI_4279_CircularWalking,999,3.866070194971057,0.0520461804854854,6.280311415999997,34.15082871
COMFI,own,Hip rotation,COMFI_4279_CircularWalking,999,5.8297484153738015,1.29177873024024,11.133198597499998,51.79293777
COMFI,own,Knee flexion,COMFI_4279_CircularWalking,999,3.686277788372728,-0.0401795055705705,6.236740281499988,40.6944592
COMFI,own,Ankle flexion,COMFI_4279_CircularWalking,999,5.91336490601363,-0.5101015010710711,9.552186227999998,59.45013806
COMFI,own,Subtalar,COMFI_4279_CircularWalking,999,6.58149649508427,-1.82191045508008,14.476417243999997,39.44974255
COMFI,own,Pelvis tilt,COMFI_4279_StraightWalking,271,4.936026579687193,-2.7623072621771216,10.31921155,20.67797528
COMFI,own,Pelvis list,COMFI_4279_StraightWalking,271,5.102818419699772,-1.0350494831365311,13.99505095,22.16977209
COMFI,own,Pelvis rotation,COMFI_4279_StraightWalking,271,12.638794189612767,1.4689370990036892,21.924516145,27.60636525
COMFI,own,Hip flexion,COMFI_4279_StraightWalking,271,9.58579601983415,5.581557700867159,17.400200040999984,58.551926570000006
COMFI,own,Hip adduction,COMFI_4279_StraightWalking,271,5.327873868774264,-0.59783664197417,14.411486417499958,28.08566426
COMFI,own,Hip rotation,COMFI_4279_StraightWalking,271,15.404231496323376,3.4039517152583025,32.78931855699992,53.86676256
COMFI,own,Knee flexion,COMFI_4279_StraightWalking,271,9.81021343996292,3.267453858284133,14.936956144499996,59.65617847
COMFI,own,Ankle flexion,COMFI_4279_StraightWalking,271,7.295710854963555,-1.5926109548523986,15.11739125649997,32.355773330000005
COMFI,own,Subtalar,COMFI_4279_StraightWalking,271,11.30437997992836,-5.34669158791513,25.86061076299997,36.62249168
COMFI,own,Pelvis tilt,COMFI_4509_CircularWalking,999,5.223955570015353,0.377929588028028,4.293861630999999,57.25184484
COMFI,own,Pelvis list,COMFI_4509_CircularWalking,999,3.1069140246356595,0.1831193614714714,4.326794295999992,34.27560459
COMFI,own,Pelvis rotation,COMFI_4509_CircularWalking,999,22.182969091835844,-16.25976578017017,21.28342423600003,205.66734243
COMFI,own,Hip flexion,COMFI_4509_CircularWalking,999,3.684962416931859,-0.7636783253253254,5.029257056999988,58.65986434
COMFI,own,Hip adduction,COMFI_4509_CircularWalking,999,3.633703075859524,-0.3224656830980981,5.896041478499997,29.55229851
COMFI,own,Hip rotation,COMFI_4509_CircularWalking,999,9.262005615758785,0.6170364281331331,9.264842493499994,109.87593976
COMFI,own,Knee flexion,COMFI_4509_CircularWalking,999,2.943524725496052,-0.1129488355955956,5.429885128500002,33.11296473
COMFI,own,Ankle flexion,COMFI_4509_CircularWalking,999,6.640811942940676,-0.4238678536586586,7.300882225499998,74.12416142000001
COMFI,own,Subtalar,COMFI_4509_CircularWalking,999,4.857545958106429,-0.4590210724074073,9.048845753999997,39.42157134
COMFI,own,Pelvis tilt,COMFI_4509_StraightWalking,268,3.1787647474480765,0.3239598535074625,5.858892895999999,8.06242115
COMFI,own,Pelvis list,COMFI_4509_StraightWalking,268,2.948637640623555,-0.0052059784701492,8.20696909699999,11.06619065
COMFI,own,Pelvis rotation,COMFI_4509_StraightWalking,268,8.68190935958501,0.8939128456343279,11.5301981425,11.97763124
COMFI,own,Hip flexion,COMFI_4509_StraightWalking,268,5.080913304375627,0.0745277391604478,8.2713953125,33.30802878
COMFI,own,Hip adduction,COMFI_4509_StraightWalking,268,4.10904974552375,-0.4098831602052239,10.27586289,16.03800489
COMFI,own,Hip rotation,COMFI_4509_StraightWalking,268,10.603962067632525,2.2948928532649253,13.88870628,58.44824005
COMFI,own,Knee flexion,COMFI_4509_StraightWalking,268,3.861860508250367,0.8446467984514925,9.457565225,15.852551279999997
COMFI,own,Ankle flexion,COMFI_4509_StraightWalking,268,9.321827105920509,0.2204555669216417,20.9383045675,52.34717721
COMFI,own,Subtalar,COMFI_4509_StraightWalking,268,7.626493827850321,-1.1872963820335818,12.2686176325,27.24095605
COMFI,own,Pelvis tilt,COMFI_4612_CircularWalking,999,2.0524377772953777,-0.23240937012012,3.8805364499999992,6.0039362
COMFI,own,Pelvis list,COMFI_4612_CircularWalking,999,2.058801697879966,0.0273873032232232,3.8667294609999994,7.530675349999999
COMFI,own,Pelvis rotation,COMFI_4612_CircularWalking,999,26.58871660486214,-26.44607195293293,29.39406970900003,32.520727350000016
COMFI,own,Hip flexion,COMFI_4612_CircularWalking,999,1.3881504449424429,-0.3753322033183183,2.775908284999999,4.30417404
COMFI,own,Hip adduction,COMFI_4612_CircularWalking,999,2.17615991413635,-0.0314639407107107,4.171475585999996,9.808130729999998
COMFI,own,Hip rotation,COMFI_4612_CircularWalking,999,3.02574663072772,0.1250993114514514,5.931153715999998,11.11605071
COMFI,own,Knee flexion,COMFI_4612_CircularWalking,999,1.8226792040966,0.2740378415015015,3.742005262999996,8.389597289999998
COMFI,own,Ankle flexion,COMFI_4612_CircularWalking,999,2.3376044196178327,0.5669428394094093,4.512600363,8.7854087
COMFI,own,Subtalar,COMFI_4612_CircularWalking,999,3.470257663563639,-0.3166764635985985,7.558022803999997,12.99053714
COMFI,own,Pelvis tilt,COMFI_4612_StraightWalking,372,5.459376239246642,0.6119070759677417,8.573609802999998,13.46463271
COMFI,own,Pelvis list,COMFI_4612_StraightWalking,372,2.25227766339635,0.3468727039247312,3.2600255865,13.54220509
COMFI,own,Pelvis rotation,COMFI_4612_StraightWalking,372,10.318956818640856,-1.695712099489247,20.463995375,24.74645066
COMFI,own,Hip flexion,COMFI_4612_StraightWalking,372,6.9429199083680215,-1.2481493258333332,11.728458548000004,24.74055156
COMFI,own,Hip adduction,COMFI_4612_StraightWalking,372,3.114696612373574,-0.4897344672715052,5.9213367085,17.23510817
COMFI,own,Hip rotation,COMFI_4612_StraightWalking,372,8.80953513575413,1.86137711202957,13.7227322235,32.57651383
COMFI,own,Knee flexion,COMFI_4612_StraightWalking,372,4.674278490443856,2.074141155094086,9.355458174500002,22.18040985
COMFI,own,Ankle flexion,COMFI_4612_StraightWalking,372,7.094327155623176,0.2717578282123655,11.9238731615,63.76904616
COMFI,own,Subtalar,COMFI_4612_StraightWalking,372,6.370129232988081,-1.136278970349462,12.59627201,16.56166194
COMFI,own,Pelvis tilt,COMFI_4665_CircularWalking,999,2.0265276113014927,0.3022262948348348,2.467419232999999,19.64356445
COMFI,own,Pelvis list,COMFI_4665_CircularWalking,999,1.5388204980427058,-0.0546118885285285,1.7518433439999983,14.10874536
COMFI,own,Pelvis rotation,COMFI_4665_CircularWalking,999,6.393666300985173,-2.4705110246746758,7.092445576999978,52.39912361
COMFI,own,Hip flexion,COMFI_4665_CircularWalking,999,2.217745673586692,-0.3556718969069068,3.030466377499998,28.58520806
COMFI,own,Hip adduction,COMFI_4665_CircularWalking,999,2.3934253633074105,0.1135155937687688,4.183682059999999,10.33323585
COMFI,own,Hip rotation,COMFI_4665_CircularWalking,999,4.932476103717587,0.4691760799799799,7.627932600999992,56.94321642
COMFI,own,Knee flexion,COMFI_4665_CircularWalking,999,1.4050794395877892,0.2012973389439439,2.3525965779999973,9.4623357
COMFI,own,Ankle flexion,COMFI_4665_CircularWalking,999,2.417929864930586,0.4082350942642642,4.18163606,12.77693669
COMFI,own,Subtalar,COMFI_4665_CircularWalking,999,4.0242928220204695,-0.6624489610810811,9.421301458,30.20035766
COMFI,own,Pelvis tilt,COMFI_4665_StraightWalking,310,3.4861006228597557,-1.643144153967742,8.891600427500002,11.13758471
COMFI,own,Pelvis list,COMFI_4665_StraightWalking,310,6.5457905835534005,-0.3709837775483873,16.924565254500003,23.39174416
COMFI,own,Pelvis rotation,COMFI_4665_StraightWalking,310,14.232580747842716,-7.239954351225807,29.982192555000022,38.63463909
COMFI,own,Hip flexion,COMFI_4665_StraightWalking,310,8.688416506525344,2.606590646693548,22.004115572999996,40.41644695
COMFI,own,Hip adduction,COMFI_4665_StraightWalking,310,6.954275322381826,0.1425877410322582,17.745323568999993,25.09700441
COMFI,own,Hip rotation,COMFI_4665_StraightWalking,310,16.90833397365244,-1.5581101856129038,24.11764944749998,80.51045656
COMFI,own,Knee flexion,COMFI_4665_StraightWalking,310,9.107104599524051,-1.3495175720322583,18.088568648,55.70482888
COMFI,own,Ankle flexion,COMFI_4665_StraightWalking,310,12.416672164067055,-4.04808731966129,31.311528418999963,53.15088815
COMFI,own,Subtalar,COMFI_4665_StraightWalking,310,6.905125419484169,-0.1601448161129035,12.882916616999996,20.38040622
I-MOVE-23,own,Pelvis tilt,IMOVE-23_subject10,1930,0.4308572432018949,-0.0311044678756476,0.7909648214999997,2.7102881599999997
I-MOVE-23,own,Pelvis list,IMOVE-23_subject10,1930,0.4139296454469169,-0.0221082437875647,0.8543079494999999,1.7176345999999998
I-MOVE-23,own,Pelvis rotation,IMOVE-23_subject10,1930,1.2679789523265317,-0.522891896725388,1.9561743989999805,12.15535808
I-MOVE-23,own,Hip flexion,IMOVE-23_subject10,1930,0.6921109868346577,0.0508268752668393,1.096971357,7.580062460000001
I-MOVE-23,own,Hip adduction,IMOVE-23_subject10,1930,0.5969612922587828,-0.0527635137564766,1.0495248319999997,5.775590749999999
I-MOVE-23,own,Hip rotation,IMOVE-23_subject10,1930,1.0181096032215822,0.0011220658056994,1.9206238075,7.835524100000001
I-MOVE-23,own,Knee flexion,IMOVE-23_subject10,1930,0.5489512500120578,-0.0625199265751295,0.9366184105000004,8.35925377
I-MOVE-23,own,Ankle flexion,IMOVE-23_subject10,1930,0.8539566523111622,0.0409405720466321,1.639838872499999,6.04712099
I-MOVE-23,own,Subtalar,IMOVE-23_subject10,1930,0.9463616189781976,0.0298718636968911,1.9310367719999988,6.99815901
I-MOVE-23,own,Pelvis tilt,IMOVE-23_subject11,1440,0.8857824585293621,-0.0839171174722222,1.4581490469999996,4.22443146
I-MOVE-23,own,Pelvis list,IMOVE-23_subject11,1440,1.009522657110917,-0.1212296986944444,1.716544357,2.83968097
I-MOVE-23,own,Pelvis rotation,IMOVE-23_subject11,1440,1.553620592389512,-0.6049844389166671,2.264394229000016,13.794407239999998
I-MOVE-23,own,Hip flexion,IMOVE-23_subject11,1440,0.9148084900176316,0.4971760590034721,1.3881014159999994,7.952534060000001
I-MOVE-23,own,Hip adduction,IMOVE-23_subject11,1440,1.0498670745730228,0.0198634288958333,1.8772307644999988,3.885971300000001
I-MOVE-23,own,Hip rotation,IMOVE-23_subject11,1440,1.1776463674330575,-0.0508208984930555,2.133125479499999,10.84027029
I-MOVE-23,own,Knee flexion,IMOVE-23_subject11,1440,0.9906367456731886,-0.4430662253402779,1.8784793794999983,6.147374899999999
I-MOVE-23,own,Ankle flexion,IMOVE-23_subject11,1440,1.3363227296361289,-0.09065598940625,2.4004133285000004,7.100723620000001
I-MOVE-23,own,Subtalar,IMOVE-23_subject11,1440,1.3377649152408786,0.1841695770451388,2.5089264629999977,12.043221719999998
I-MOVE-23,own,Pelvis tilt,IMOVE-23_subject12,1680,0.4464403520544678,-0.0013501952023809,0.6703196754999999,2.04468491
I-MOVE-23,own,Pelvis list,IMOVE-23_subject12,1680,0.3570774029207536,-0.0575010420714285,0.6351101834999997,1.83278779
I-MOVE-23,own,Pelvis rotation,IMOVE-23_subject12,1680,0.832672157304876,-0.1886693647797624,0.9776074919999994,6.676916459999973
I-MOVE-23,own,Hip flexion,IMOVE-23_subject12,1680,0.4775667111193428,0.1929577375119047,0.6647940219999992,6.81805777
I-MOVE-23,own,Hip adduction,IMOVE-23_subject12,1680,0.4647631406179766,0.0344375375446428,0.8034341919999994,3.63907574
I-MOVE-23,own,Hip rotation,IMOVE-23_subject12,1680,0.6614829106863154,-0.0674743109375,1.1495923459999997,4.795841320000001
I-MOVE-23,own,Knee flexion,IMOVE-23_subject12,1680,0.5208248865686708,-0.3289046028392857,0.836065143999997,4.542210950000005
I-MOVE-23,own,Ankle flexion,IMOVE-23_subject12,1680,0.6862892910792047,-0.1025133535684523,1.1664791384999995,8.05770319
I-MOVE-23,own,Subtalar,IMOVE-23_subject12,1680,0.7833961911519758,0.1304467822708333,1.485624652,6.374596239999999
I-MOVE-23,own,Pelvis tilt,IMOVE-23_subject13,1395,0.8105017250313945,-0.0759563616989247,1.418131068,3.1534475100000003
I-MOVE-23,own,Pelvis list,IMOVE-23_subject13,1395,0.8966468100366886,-0.0547039438351254,1.78778263,4.6850061400000005
I-MOVE-23,own,Pelvis rotation,IMOVE-23_subject13,1395,1.3876979131176237,-0.0813481306523293,2.609388875999984,13.273218670000006
I-MOVE-23,own,Hip flexion,IMOVE-23_subject13,1395,0.8758283037072256,0.1259213123548387,1.6764552035000002,6.1419595000000005
I-MOVE-23,own,Hip adduction,IMOVE-23_subject13,1395,1.032030623378765,-0.013137604422939,2.1784528389999998,5.655640529999999
I-MOVE-23,own,Hip rotation,IMOVE-23_subject13,1395,1.4911970813376043,-0.4194100069462366,3.2050486229999984,10.689968469999998
I-MOVE-23,own,Knee flexion,IMOVE-23_subject13,1395,1.172310024093903,-0.7259705692222221,2.1837876244999963,8.764536960000001
I-MOVE-23,own,Ankle flexion,IMOVE-23_subject13,1395,1.525869273745916,-0.2993691207096774,3.027301417499996,14.32523221
I-MOVE-23,own,Subtalar,IMOVE-23_subject13,1395,1.583525284709537,0.2882821519892473,3.3410879304999934,14.54117483
I-MOVE-23,own,Pelvis tilt,IMOVE-23_subject2,1395,0.7004350587783542,-0.0294635998351254,0.9366633699999994,7.183128739999999
I-MOVE-23,own,Pelvis list,IMOVE-23_subject2,1395,0.4296721104607721,-0.0185303320931899,0.7377841699999997,2.9323604
I-MOVE-23,own,Pelvis rotation,IMOVE-23_subject2,1395,1.80102909789234,-0.4087884961935475,2.7694254969999843,17.699612040000034
I-MOVE-23,own,Hip flexion,IMOVE-23_subject2,1395,1.1448403485005867,0.0694746154731183,2.498044282499999,11.96427977
I-MOVE-23,own,Hip adduction,IMOVE-23_subject2,1395,0.6709822885584389,0.0582319949211469,1.0466262119999987,8.073777880000002
I-MOVE-23,own,Hip rotation,IMOVE-23_subject2,1395,1.5005526135639216,0.057146345344086,2.591293143999999,14.162755500000005
I-MOVE-23,own,Knee flexion,IMOVE-23_subject2,1395,0.8540814326327245,0.1110612091505377,1.670368358999995,7.19222933
I-MOVE-23,own,Ankle flexion,IMOVE-23_subject2,1395,0.9526139315589056,0.2736771275949821,1.833747127999996,9.21053806
I-MOVE-23,own,Subtalar,IMOVE-23_subject2,1395,1.3850732583365288,0.15589792981362,2.379139798499996,13.55326427
I-MOVE-23,own,Pelvis tilt,IMOVE-23_subject3,1485,0.5486457214337809,-0.0789125731447811,1.041323156,2.0260101
I-MOVE-23,own,Pelvis list,IMOVE-23_subject3,1485,0.5241311712427738,-0.047466136060606,1.0132826119999996,1.84947587
I-MOVE-23,own,Pelvis rotation,IMOVE-23_subject3,1485,0.7009972123648301,0.2611433556430978,1.4987029600000357,4.04154247
I-MOVE-23,own,Hip flexion,IMOVE-23_subject3,1485,0.4979860609944031,0.2081197105319865,0.8653347375000012,4.34237109
I-MOVE-23,own,Hip adduction,IMOVE-23_subject3,1485,0.583096846863099,-0.0208566766060606,1.0948108974999995,2.04510286
I-MOVE-23,own,Hip rotation,IMOVE-23_subject3,1485,0.7428978641773519,-0.0375063189730639,1.43210501,5.740361849999999
I-MOVE-23,own,Knee flexion,IMOVE-23_subject3,1485,0.6362582835197312,-0.2024421644848485,1.0150564445,12.37366676
I-MOVE-23,own,Ankle flexion,IMOVE-23_subject3,1485,0.8888594651620785,0.0453059083905724,1.5790086469999989,6.44618587
I-MOVE-23,own,Subtalar,IMOVE-23_subject3,1485,0.942007748091612,0.2707633507171717,1.6726810994999994,9.1140197
I-MOVE-23,own,Pelvis tilt,IMOVE-23_subject4,1710,0.3494000242843034,0.0171447645087719,0.6352880519999999,2.43386883
I-MOVE-23,own,Pelvis list,IMOVE-23_subject4,1710,0.3186776969354516,0.002616556491228,0.5374425225000002,3.18860935
I-MOVE-23,own,Pelvis rotation,IMOVE-23_subject4,1710,0.444360486749598,-0.1873607942514614,0.9273980035000022,2.30415775
I-MOVE-23,own,Hip flexion,IMOVE-23_subject4,1710,0.4594492665899943,0.0518744803216374,0.5079965234999982,7.53263834
I-MOVE-23,own,Hip adduction,IMOVE-23_subject4,1710,0.4062239177127301,-0.0024172225643274,0.6160766790000002,4.16125815
I-MOVE-23,own,Hip rotation,IMOVE-23_subject4,1710,0.4638752710080677,-0.0531904042807017,0.9717544384999992,2.44466121
I-MOVE-23,own,Knee flexion,IMOVE-23_subject4,1710,0.4610587911915788,-0.1340434041578947,0.6489673384999983,7.418636119999999
I-MOVE-23,own,Ankle flexion,IMOVE-23_subject4,1710,0.855135332848696,0.0254179302543859,0.936733202,17.52264686
I-MOVE-23,own,Subtalar,IMOVE-23_subject4,1710,0.7732809048014692,0.110400249494152,1.1963604714999987,13.48306506
I-MOVE-23,own,Pelvis tilt,IMOVE-23_subject5,1550,1.061129743483052,-0.1237031862064516,1.837589527,3.28253558
I-MOVE-23,own,Pelvis list,IMOVE-23_subject5,1550,0.7233936864890717,-0.0866981159612903,1.4387399259999996,2.43089087
I-MOVE-23,own,Pelvis rotation,IMOVE-23_subject5,1550,0.6484236616234014,-0.0544813012193551,1.1404788814999989,5.31270631000001
I-MOVE-23,own,Hip flexion,IMOVE-23_subject5,1550,0.9508922462773391,0.6097414022193548,1.5600040640000008,7.684273610000001
I-MOVE-23,own,Hip adduction,IMOVE-23_subject5,1550,0.7000209175924451,-0.0282267492258064,1.432087768,2.31413789
I-MOVE-23,own,Hip rotation,IMOVE-23_subject5,1550,0.721126087057586,-0.1570259288580645,1.3945756224999983,3.66511069
I-MOVE-23,own,Knee flexion,IMOVE-23_subject5,1550,0.8008511334264525,-0.4714218648612903,1.6166757225000012,4.539380430000001
I-MOVE-23,own,Ankle flexion,IMOVE-23_subject5,1550,1.2455935034531362,-0.2134835752967742,1.5537450539999995,23.426384740000003
I-MOVE-23,own,Subtalar,IMOVE-23_subject5,1550,0.9584731267744128,0.3127572152064516,1.823094107,9.15120788
I-MOVE-23,own,Pelvis tilt,IMOVE-23_subject6,1550,0.6178076499380322,0.0654397014838709,1.0180356265,3.009198159999998
I-MOVE-23,own,Pelvis list,IMOVE-23_subject6,1550,0.493475498214284,0.0036715983225806,0.9797515755,1.9210737
I-MOVE-23,own,Pelvis rotation,IMOVE-23_subject6,1550,0.8726547043167632,-0.253180925367742,1.9884472785000096,6.768903069999965
I-MOVE-23,own,Hip flexion,IMOVE-23_subject6,1550,0.8175740775719419,0.2075228309677419,1.4340761284999977,9.72773369
I-MOVE-23,own,Hip adduction,IMOVE-23_subject6,1550,0.5974133400187782,-0.0251572703516128,1.137215492999999,3.39795564
I-MOVE-23,own,Hip rotation,IMOVE-23_subject6,1550,0.9242354523771096,-0.1104335008967742,1.8097607799999995,9.249632509999998
I-MOVE-23,own,Knee flexion,IMOVE-23_subject6,1550,0.7126142493557582,-0.2399733045806452,1.2441637919999975,6.7868715
I-MOVE-23,own,Ankle flexion,IMOVE-23_subject6,1550,0.9361524093111684,0.0377486927290322,1.6982132244999988,8.26924121
I-MOVE-23,own,Subtalar,IMOVE-23_subject6,1550,1.0095938484090876,0.326602271732258,2.088603834000002,6.473631709999999
I-MOVE-23,own,Pelvis tilt,IMOVE-23_subject7,1370,0.7341060999625277,0.0147744628686131,1.1045018499999997,6.68931488
I-MOVE-23,own,Pelvis list,IMOVE-23_subject7,1370,0.9447367708489434,-0.1089002581021898,1.4909645185,7.59839735
I-MOVE-23,own,Pelvis rotation,IMOVE-23_subject7,1370,4.813449263159876,-1.1101688322627736,4.949904438000004,39.53295739999999
I-MOVE-23,own,Hip flexion,IMOVE-23_subject7,1370,2.2137290326280525,-0.0192044440255474,4.030814454999984,26.14451228
I-MOVE-23,own,Hip adduction,IMOVE-23_subject7,1370,1.670816648992118,-0.1148733290912408,1.7718085904999978,21.4876096
I-MOVE-23,own,Hip rotation,IMOVE-23_subject7,1370,3.3898295190713776,0.0265666190766423,4.234564330999993,33.94472764
I-MOVE-23,own,Knee flexion,IMOVE-23_subject7,1370,1.6456541171491483,-0.1016921038284672,2.5996823019999904,15.86960585
I-MOVE-23,own,Ankle flexion,IMOVE-23_subject7,1370,0.8821613223401107,-0.0569132227773722,1.5598120999999974,11.28637767
I-MOVE-23,own,Subtalar,IMOVE-23_subject7,1370,1.9033059125466367,-0.1071712171532846,2.1204883025,19.9654071
I-MOVE-23,own,Pelvis tilt,IMOVE-23_subject9,1440,0.4761321298720099,-0.0147972567430555,0.8513346079999987,3.1709461900000004
I-MOVE-23,own,Pelvis list,IMOVE-23_subject9,1440,0.488074675131699,-0.0685478362222222,0.7222575644999991,3.84747388
I-MOVE-23,own,Pelvis rotation,IMOVE-23_subject9,1440,1.053088792440361,-0.222722437312501,2.088622124499908,9.180613789999995
I-MOVE-23,own,Hip flexion,IMOVE-23_subject9,1440,0.7404406825847546,0.0174245314652777,1.2382107599999983,7.380531140000002
I-MOVE-23,own,Hip adduction,IMOVE-23_subject9,1440,0.5580060020169272,-0.0431678105243055,1.0187321344999951,4.00916139
I-MOVE-23,own,Hip rotation,IMOVE-23_subject9,1440,0.9997236935338836,-0.0696950128125,2.1030291709999958,11.00288372
I-MOVE-23,own,Knee flexion,IMOVE-23_subject9,1440,0.7109322931447686,-0.2497300268229166,1.375932738999998,9.135017259999998
I-MOVE-23,own,Ankle flexion,IMOVE-23_subject9,1440,1.130249344018874,-0.0664782024722222,1.5621754529999992,17.07484197
I-MOVE-23,own,Subtalar,IMOVE-23_subject9,1440,0.7827865879490281,0.0687237867326388,1.3875316329999994,8.27370311
LBMC,own,Pelvis tilt,LBMC_p1_gait,1199,0.1107404800148132,0.0602749051459549,0.2097209269999998,0.4074413399999999
LBMC,own,Pelvis list,LBMC_p1_gait,1199,0.4299797253054904,-0.0399448249874895,0.697594678,1.5315400199999996
LBMC,own,Pelvis rotation,LBMC_p1_gait,1199,0.7929130458880106,0.3833569221934946,1.8135198960000003,3.80674553
LBMC,own,Hip flexion,LBMC_p1_gait,1199,0.3840006945827293,0.1395767446246872,0.6993521649999981,1.417737540000001
LBMC,own,Hip adduction,LBMC_p1_gait,1199,0.4510754645155027,-0.0329737862176813,0.7591654710000006,1.78778088
LBMC,own,Hip rotation,LBMC_p1_gait,1199,0.6391128865229991,0.13455334323603,1.2833554135,3.992582
LBMC,own,Knee flexion,LBMC_p1_gait,1199,0.4588781584848834,0.3138237526355297,0.8814162705000034,1.2222380899999976
LBMC,own,Ankle flexion,LBMC_p1_gait,1199,0.7530254169707421,0.6066530720558799,1.225783291499999,2.21341636
LBMC,own,Subtalar,LBMC_p1_gait,1199,0.695711311788329,0.1547602388740617,1.4392597369999995,2.9860174300000004
LBMC,own,Pelvis tilt,LBMC_p2_gait,1199,0.2027450496486766,0.1849544023436196,0.3155559499999998,0.4406808200000003
LBMC,own,Pelvis list,LBMC_p2_gait,1199,0.5500240736709817,-0.112405874236864,0.9212943950000002,1.0893859400000006
LBMC,own,Pelvis rotation,LBMC_p2_gait,1199,0.6579627746766687,-0.2067117092326939,1.2785104270000007,1.90252834
LBMC,own,Hip flexion,LBMC_p2_gait,1199,0.3631430788717699,0.0325697379774812,0.6265709685000032,1.1176973900000002
LBMC,own,Hip adduction,LBMC_p2_gait,1199,0.5850272883065933,-0.0666886802126772,0.9816079115,1.4531758299999993
LBMC,own,Hip rotation,LBMC_p2_gait,1199,0.4893296466718002,0.0657395806005004,1.0639875540000006,1.86934888
LBMC,own,Knee flexion,LBMC_p2_gait,1199,0.8724730092542049,0.7571426821684738,1.3361879189999994,1.6479973699999988
LBMC,own,Ankle flexion,LBMC_p2_gait,1199,1.2042248255884778,0.6968183127773144,2.0283280749999992,2.701002
LBMC,own,Subtalar,LBMC_p2_gait,1199,0.706383963431464,0.4050116216722269,1.504914216500001,3.27187329
OpenCap,own,Pelvis tilt,OpenCap_subject10_walking1_sync2,137,0.3258228585152464,0.0642814008759124,0.7176570239999999,0.83661961
OpenCap,own,Pelvis list,OpenCap_subject10_walking1_sync2,137,0.3623220799166894,0.0297257978102189,0.7271318579999998,0.90727883
OpenCap,own,Pelvis rotation,OpenCap_subject10_walking1_sync2,137,0.4058582358737975,0.3722393556934306,0.6230453819999999,0.8146983399999996
OpenCap,own,Hip flexion,OpenCap_subject10_walking1_sync2,137,0.2558921115869623,-0.1025791701459852,0.4542561394999992,0.6264201500000013
OpenCap,own,Hip adduction,OpenCap_subject10_walking1_sync2,137,0.3893541417603484,0.0097006545255474,0.8697141514999999,0.97855981
OpenCap,own,Hip rotation,OpenCap_subject10_walking1_sync2,137,0.3141744144255591,0.0018952440875912,0.5897157304999994,1.00555418
OpenCap,own,Knee flexion,OpenCap_subject10_walking1_sync2,137,0.4354584529296408,0.0816448539781021,1.0454018535000005,1.4215345599999978
OpenCap,own,Ankle flexion,OpenCap_subject10_walking1_sync2,137,0.6118773449253629,-0.1143389054379561,1.1191970959999995,1.85925954
OpenCap,own,Subtalar,OpenCap_subject10_walking1_sync2,137,0.4189618158407206,-0.0067943323357664,0.7981536810000004,1.5985093199999998
OpenCap,own,Pelvis tilt,OpenCap_subject10_walking2_sync2,115,0.1492624835876365,0.0228981728695652,0.25266273,0.3826606799999998
OpenCap,own,Pelvis list,OpenCap_subject10_walking2_sync2,115,0.3203762765450369,0.0653872434782607,0.758585779,0.8667793699999999
OpenCap,own,Pelvis rotation,OpenCap_subject10_walking2_sync2,115,0.1370871061630632,-0.0068300446956522,0.2408897019999992,0.54761443
OpenCap,own,Hip flexion,OpenCap_subject10_walking2_sync2,115,0.2625497186721866,-0.0479510539565216,0.5053298994999997,1.1402762000000024
OpenCap,own,Hip adduction,OpenCap_subject10_walking2_sync2,115,0.3355148352822372,-0.028871239347826,0.6947875539999999,0.8723650799999998
OpenCap,own,Hip rotation,OpenCap_subject10_walking2_sync2,115,0.278059220580684,-0.0096841471304347,0.5646275359999998,0.8845505899999999
OpenCap,own,Knee flexion,OpenCap_subject10_walking2_sync2,115,0.3108925613914158,0.0246282064347823,0.6330814590000009,1.1292409300000017
OpenCap,own,Ankle flexion,OpenCap_subject10_walking2_sync2,115,0.4393389350010422,-0.183864901,0.7711744955,1.2735214700000004
OpenCap,own,Subtalar,OpenCap_subject10_walking2_sync2,115,0.3956552143183031,-0.0617645746956522,0.7790813129999999,1.9100749100000003
OpenCap,own,Pelvis tilt,OpenCap_subject11_walking2_sync2,108,0.0831932548022112,-0.0411947603703703,0.1628782434999998,0.2291176999999999
OpenCap,own,Pelvis list,OpenCap_subject11_walking2_sync2,108,0.300261973911315,0.0157566953703704,0.6097117305000003,0.6670428999999998
OpenCap,own,Pelvis rotation,OpenCap_subject11_walking2_sync2,108,0.1906162127720514,0.1242353364814815,0.2802974965000009,0.3436084200000007
OpenCap,own,Hip flexion,OpenCap_subject11_walking2_sync2,108,0.3059626507090308,0.0406000624537037,0.6047696374999991,0.8413494400000019
OpenCap,own,Hip adduction,OpenCap_subject11_walking2_sync2,108,0.3091338615664187,-0.013412804861111,0.651780029999999,0.7284287000000003
OpenCap,own,Hip rotation,OpenCap_subject11_walking2_sync2,108,0.2605949534311543,0.0368502907407407,0.5475754099999999,1.0822425199999994
OpenCap,own,Knee flexion,OpenCap_subject11_walking2_sync2,108,0.5311576166919862,-0.2075507783796297,1.326863152499996,1.8393680400000108
OpenCap,own,Ankle flexion,OpenCap_subject11_walking2_sync2,108,0.511204254044292,-0.1314916256018518,1.1084727674999997,1.45742115
OpenCap,own,Subtalar,OpenCap_subject11_walking2_sync2,108,0.6205792364599604,-0.2987589561574073,1.2449193675000003,2.603580570000001
OpenCap,own,Pelvis tilt,OpenCap_subject11_walking3_sync2,112,0.4357509968185807,-0.4099432958035714,0.6269533359999994,0.7222228100000001
OpenCap,own,Pelvis list,OpenCap_subject11_walking3_sync2,112,0.5647843130116941,-0.0428166583035714,0.9502718179999998,1.20878626
OpenCap,own,Pelvis rotation,OpenCap_subject11_walking3_sync2,112,0.1711119973216414,0.0667986320535714,0.3237758324999988,0.3699746600000004
OpenCap,own,Hip flexion,OpenCap_subject11_walking3_sync2,112,0.3638208199215357,0.091141499642857,0.6533137340000004,1.2878765699999946
OpenCap,own,Hip adduction,OpenCap_subject11_walking3_sync2,112,0.5246891113944759,-0.1098823158928571,1.0063284349999997,1.21402842
OpenCap,own,Hip rotation,OpenCap_subject11_walking3_sync2,112,0.4492239353463604,-0.1294953505357143,0.8598790209999995,1.391966909999999
OpenCap,own,Knee flexion,OpenCap_subject11_walking3_sync2,112,0.7997037091269095,-0.5966478423214284,1.5435839169999994,2.1924324799999937
OpenCap,own,Ankle flexion,OpenCap_subject11_walking3_sync2,112,0.7148009795941767,-0.1073054330803572,1.327890801,2.968063119999999
OpenCap,own,Subtalar,OpenCap_subject11_walking3_sync2,112,0.6443476840339928,0.0722028961607143,1.204135663999999,3.216183629999999
OpenCap,own,Pelvis tilt,OpenCap_subject2_walking1_sync2,162,0.4691774210483258,-0.2180310580864197,0.805925104,0.96530313
OpenCap,own,Pelvis list,OpenCap_subject2_walking1_sync2,162,0.6838569582499215,0.1320217124074074,1.5296701695,1.65555204
OpenCap,own,Pelvis rotation,OpenCap_subject2_walking1_sync2,162,0.4183708637857112,0.179365957654321,0.8319675014999999,0.9895353000000002
OpenCap,own,Hip flexion,OpenCap_subject2_walking1_sync2,162,0.4365979475331793,0.0969381124382717,0.8527528734999988,1.795675280000001
OpenCap,own,Hip adduction,OpenCap_subject2_walking1_sync2,162,0.7752994741127602,-0.0439186212962963,1.7579018095,2.040522730000001
OpenCap,own,Hip rotation,OpenCap_subject2_walking1_sync2,162,0.536277904626959,0.0150080203086419,1.0602812009999998,1.7017442599999997
OpenCap,own,Knee flexion,OpenCap_subject2_walking1_sync2,162,0.482684858991585,0.0921202917901234,1.0008546864999972,1.826099990000003
OpenCap,own,Ankle flexion,OpenCap_subject2_walking1_sync2,162,0.8111097689999814,-0.193968988611111,1.6749094504999995,2.4184900199999992
OpenCap,own,Subtalar,OpenCap_subject2_walking1_sync2,162,0.8350012208073004,0.4784984579012346,1.8468760574999996,3.42416067
OpenCap,own,Pelvis tilt,OpenCap_subject2_walking2_sync2,153,0.6026878033561877,-0.3445517043137254,1.020423922,1.4692348700000002
OpenCap,own,Pelvis list,OpenCap_subject2_walking2_sync2,153,0.527054786814113,0.1145797483660131,1.1975557,1.36750776
OpenCap,own,Pelvis rotation,OpenCap_subject2_walking2_sync2,153,0.7604396292047713,0.2789213321568628,1.2596562860000005,2.851682040000001
OpenCap,own,Hip flexion,OpenCap_subject2_walking2_sync2,153,0.79469443030003,0.1977007941830064,1.1544401600000014,4.8256355200000005
OpenCap,own,Hip adduction,OpenCap_subject2_walking2_sync2,153,0.6492481895964037,-0.083526784869281,1.5248898825,1.85750915
OpenCap,own,Hip rotation,OpenCap_subject2_walking2_sync2,153,0.7544852895866051,-0.1037915618300653,1.6121885525,2.95838161
OpenCap,own,Knee flexion,OpenCap_subject2_walking2_sync2,153,0.871881788527634,-0.0178081122222223,1.2142119074999993,6.415227150000007
OpenCap,own,Ankle flexion,OpenCap_subject2_walking2_sync2,153,0.8365328970994683,-0.0506839235947712,1.723975105,2.18147612
OpenCap,own,Subtalar,OpenCap_subject2_walking2_sync2,153,0.9311556873953184,0.4694424214379084,1.968033865,4.400341720000001
OpenCap,own,Pelvis tilt,OpenCap_subject3_walking1_sync2,175,0.3992310219885298,-0.0002972527999999,0.6319266860000005,0.8971252699999999
OpenCap,own,Pelvis list,OpenCap_subject3_walking1_sync2,175,0.3822881888013421,-0.0089683875999999,0.7494088199999995,1.4847172
OpenCap,own,Pelvis rotation,OpenCap_subject3_walking1_sync2,175,0.3466832638046584,-0.0513661676571428,0.6176122950000004,0.8350045500000007
OpenCap,own,Hip flexion,OpenCap_subject3_walking1_sync2,175,0.3985285503375215,-0.1491927150285714,0.751539790999999,1.0878201599999997
OpenCap,own,Hip adduction,OpenCap_subject3_walking1_sync2,175,0.4294361739343022,-0.0423104710857142,0.8239595105000007,1.69474224
OpenCap,own,Hip rotation,OpenCap_subject3_walking1_sync2,175,0.4268236848320469,0.0769541118,0.9096917655,1.4402340699999994
OpenCap,own,Knee flexion,OpenCap_subject3_walking1_sync2,175,0.5797550237658796,-0.1094342250857143,1.3372105460000003,2.7009617599999984
OpenCap,own,Ankle flexion,OpenCap_subject3_walking1_sync2,175,1.4877064169821006,-0.0632325822857143,1.7493709950000014,9.6095735
OpenCap,own,Subtalar,OpenCap_subject3_walking1_sync2,175,0.9015636104523204,0.1365396100857142,1.5883731715000005,5.98417911
OpenCap,own,Pelvis tilt,OpenCap_subject3_walking2_sync2,180,0.4200186182798847,0.0112414276111111,0.6784405224999998,0.81515022
OpenCap,own,Pelvis list,OpenCap_subject3_walking2_sync2,180,0.4608963582814418,-0.0109669709444444,1.1223795359999984,1.52560157
OpenCap,own,Pelvis rotation,OpenCap_subject3_walking2_sync2,180,0.3152117857707577,0.0458606918888889,0.6474365804999997,0.80243994
OpenCap,own,Hip flexion,OpenCap_subject3_walking2_sync2,180,0.4208883787645293,-0.0916787695555555,0.8247877980000006,1.64811263
OpenCap,own,Hip adduction,OpenCap_subject3_walking2_sync2,180,0.5150332050874955,-0.0072900069444444,1.2692576725,1.8047207
OpenCap,own,Hip rotation,OpenCap_subject3_walking2_sync2,180,0.4210153075454299,0.1244958229166666,0.8274263845000003,1.81904694
OpenCap,own,Knee flexion,OpenCap_subject3_walking2_sync2,180,0.6719968163613151,0.0189036572777778,0.9684034990000006,4.376266960000002
OpenCap,own,Ankle flexion,OpenCap_subject3_walking2_sync2,180,1.404410507857886,-0.0938237523611111,1.2557832905000024,9.82994082
OpenCap,own,Subtalar,OpenCap_subject3_walking2_sync2,180,0.8436199543426058,0.0187957738611111,1.5668399680000027,4.683830669999999
OpenCap,own,Pelvis tilt,OpenCap_subject4_walking1_sync2,116,0.2986699176655588,0.1219509256896551,0.5197394225,0.56062072
OpenCap,own,Pelvis list,OpenCap_subject4_walking1_sync2,116,0.5327352766557018,0.2230106758620689,1.31788506,1.4330903
OpenCap,own,Pelvis rotation,OpenCap_subject4_walking1_sync2,116,0.1660715076899002,-0.0842532317241379,0.3323691624999991,0.4617773300000003
OpenCap,own,Hip flexion,OpenCap_subject4_walking1_sync2,116,0.287107477698517,-0.1707208959913794,0.4774621809999985,0.7063368299999979
OpenCap,own,Hip adduction,OpenCap_subject4_walking1_sync2,116,0.5434424901776806,0.0120049315086207,1.2842040854999996,1.5602570400000002
OpenCap,own,Hip rotation,OpenCap_subject4_walking1_sync2,116,0.2629234200939595,0.0273272861206896,0.5612851464999996,1.04138905
OpenCap,own,Knee flexion,OpenCap_subject4_walking1_sync2,116,0.4488915845088745,0.1178468391810349,1.039253483000003,1.3430241999999986
OpenCap,own,Ankle flexion,OpenCap_subject4_walking1_sync2,116,0.6466472105789237,-0.2144354150431034,1.1645487560000003,1.4973131599999991
OpenCap,own,Subtalar,OpenCap_subject4_walking1_sync2,116,0.4476119132250342,-0.1077569554310344,0.8397636199999999,2.31810838
OpenCap,own,Pelvis tilt,OpenCap_subject4_walking2_sync2,117,0.2545661617662414,0.1295021712820513,0.4057648079999998,0.5076129099999998
OpenCap,own,Pelvis list,OpenCap_subject4_walking2_sync2,117,0.5596774503542881,0.0252958803418803,1.159540353999999,1.2608290700000002
OpenCap,own,Pelvis rotation,OpenCap_subject4_walking2_sync2,117,0.2388748329542555,0.2084158092307692,0.3717223540000009,0.4304917599999989
OpenCap,own,Hip flexion,OpenCap_subject4_walking2_sync2,117,0.3460018930253239,-0.1353811868376067,0.5775621850000014,0.9138545100000002
OpenCap,own,Hip adduction,OpenCap_subject4_walking2_sync2,117,0.5804298928799755,0.0320878105982906,1.2050477424999997,1.36136283
OpenCap,own,Hip rotation,OpenCap_subject4_walking2_sync2,117,0.3018865896102936,0.0287334234188034,0.545840969,0.92234493
OpenCap,own,Knee flexion,OpenCap_subject4_walking2_sync2,117,0.4972664768078395,0.151293259102564,1.0579291615000015,1.5868626899999967
OpenCap,own,Ankle flexion,OpenCap_subject4_walking2_sync2,117,0.6599693499686433,-0.2390430291452992,1.1711972564999995,1.63792317
OpenCap,own,Subtalar,OpenCap_subject4_walking2_sync2,117,0.3743733399880138,0.0845025081196581,0.8566731095000001,1.82093023
OpenCap,own,Pelvis tilt,OpenCap_subject5_walking1_sync2,131,0.2898590763707163,-0.0560573521374045,0.4617714999999998,0.56833435
OpenCap,own,Pelvis list,OpenCap_subject5_walking1_sync2,131,0.2788196541752764,-0.0249999925954198,0.519839175,0.6222976499999999
OpenCap,own,Pelvis rotation,OpenCap_subject5_walking1_sync2,131,0.4608261153506114,0.3228568454198474,0.94708873,1.00131223
OpenCap,own,Hip flexion,OpenCap_subject5_walking1_sync2,131,0.4194849571221002,-0.0496098550763358,1.1618611129999985,2.17490057
OpenCap,own,Hip adduction,OpenCap_subject5_walking1_sync2,131,0.3388430375642369,-0.0592584635496183,0.6787552465000003,0.95977996
OpenCap,own,Hip rotation,OpenCap_subject5_walking1_sync2,131,0.4161651537695303,-0.0762726376335877,0.8862741689999997,1.3439607699999998
OpenCap,own,Knee flexion,OpenCap_subject5_walking1_sync2,131,0.3300093203355392,0.0686198538549617,0.715039604000001,0.9344471200000016
OpenCap,own,Ankle flexion,OpenCap_subject5_walking1_sync2,131,0.9233544978090517,0.2475211358015267,1.1911065514999997,5.8014806
OpenCap,own,Subtalar,OpenCap_subject5_walking1_sync2,131,0.6547628118356635,0.288657872519084,1.5017545729999997,1.85987603
OpenCap,own,Pelvis tilt,OpenCap_subject5_walking2_sync2,135,0.386542395600251,-0.1092619428148148,0.6691195129999999,0.75919477
OpenCap,own,Pelvis list,OpenCap_subject5_walking2_sync2,135,0.3749268572162562,-0.1068317661481481,0.6231196770000005,0.7439512699999999
OpenCap,own,Pelvis rotation,OpenCap_subject5_walking2_sync2,135,0.6944367761616641,0.6028433368888888,1.176939077,1.30446083
OpenCap,own,Hip flexion,OpenCap_subject5_walking2_sync2,135,0.3503415415284373,-0.0179312581481481,0.871965641,1.1547192500000003
OpenCap,own,Hip adduction,OpenCap_subject5_walking2_sync2,135,0.4421570759619339,-0.0515207942592593,0.8294419344999989,1.10517774
OpenCap,own,Hip rotation,OpenCap_subject5_walking2_sync2,135,0.5174057108971287,0.0364835292222222,0.9566715019999996,1.17439152
OpenCap,own,Knee flexion,OpenCap_subject5_walking2_sync2,135,0.3671417866740539,0.0877800172592593,0.7629531355000003,1.3902970600000015
OpenCap,own,Ankle flexion,OpenCap_subject5_walking2_sync2,135,0.6019089028202782,0.1585000215555555,1.1207822429999998,1.37757117
OpenCap,own,Subtalar,OpenCap_subject5_walking2_sync2,135,1.303623804079128,0.1041366123333333,2.338121124,7.379849849999998
OpenCap,own,Pelvis tilt,OpenCap_subject7_walking1_sync2,128,0.4156368451675888,-0.133191800859375,0.7672650594999999,0.8451660900000002
OpenCap,own,Pelvis list,OpenCap_subject7_walking1_sync2,128,0.2757922871788575,0.0602208748437499,0.6964294104999991,0.8945067100000001
OpenCap,own,Pelvis rotation,OpenCap_subject7_walking1_sync2,128,0.3010606252593409,0.062820632421875,0.6039866940000004,0.714154370000001
OpenCap,own,Hip flexion,OpenCap_subject7_walking1_sync2,128,0.6070704485581718,-0.0882394564843751,1.57385516,2.62391644
OpenCap,own,Hip adduction,OpenCap_subject7_walking1_sync2,128,0.3543952824489534,-0.070250132265625,0.71533309,1.17180171
OpenCap,own,Hip rotation,OpenCap_subject7_walking1_sync2,128,0.5455826633411471,-0.0782321381249999,1.0028833950000002,1.2442540799999993
OpenCap,own,Knee flexion,OpenCap_subject7_walking1_sync2,128,0.6565248905758868,-0.1410138221484373,1.2803782524999976,3.172673979999999
OpenCap,own,Ankle flexion,OpenCap_subject7_walking1_sync2,128,0.6785765146973849,0.0227356442578124,1.2805207199999995,1.8389946599999991
OpenCap,own,Subtalar,OpenCap_subject7_walking1_sync2,128,0.70077455410173,0.3786705060156251,1.5710730249999998,2.30857612
OpenCap,own,Pelvis tilt,OpenCap_subject7_walking2_sync2,124,0.4624280430750804,-0.2875974391129032,0.7545493910000002,0.8087504000000001
OpenCap,own,Pelvis list,OpenCap_subject7_walking2_sync2,124,0.344759103803687,-0.1205089917741936,0.5929340074999998,1.12683804
OpenCap,own,Pelvis rotation,OpenCap_subject7_walking2_sync2,124,0.6295514560888498,0.5126628172580644,1.1688293710000002,1.2136571899999993
OpenCap,own,Hip flexion,OpenCap_subject7_walking2_sync2,124,0.3930022496102198,-0.0466536435483872,1.0636256559999993,1.6477392599999998
OpenCap,own,Hip adduction,OpenCap_subject7_walking2_sync2,124,0.4519348874639363,-0.1063441264112903,0.9511923079999988,1.3379873300000005
OpenCap,own,Hip rotation,OpenCap_subject7_walking2_sync2,124,0.666461413296226,-0.1354547649596774,1.2855752015,1.99663152
OpenCap,own,Knee flexion,OpenCap_subject7_walking2_sync2,124,0.5718679968908845,-0.3256339077822581,1.1241215159999989,2.030623389999999
OpenCap,own,Ankle flexion,OpenCap_subject7_walking2_sync2,124,0.7534996653637408,-0.1049894586693547,1.4549920085,2.19103428
OpenCap,own,Subtalar,OpenCap_subject7_walking2_sync2,124,0.829358621811982,0.5214404463709676,1.7745992709999996,2.85023569
OpenCap,own,Pelvis tilt,OpenCap_subject8_walking1_sync2,145,0.4721581149143187,-0.2933262951034482,0.8285996099999999,0.9259701099999996
OpenCap,own,Pelvis list,OpenCap_subject8_walking1_sync2,145,0.4395693277157586,0.0015150731034482,0.7590185680000001,0.98420838
OpenCap,own,Pelvis rotation,OpenCap_subject8_walking1_sync2,145,0.2967790591095936,0.0330768223448276,0.527285472,0.6441657700000007
OpenCap,own,Hip flexion,OpenCap_subject8_walking1_sync2,145,0.4880694068242289,0.0583989442413793,1.2026491115,1.62461549
OpenCap,own,Hip adduction,OpenCap_subject8_walking1_sync2,145,0.5265831632622229,-0.1470088919310344,1.0969143940000006,1.6421077999999998
OpenCap,own,Hip rotation,OpenCap_subject8_walking1_sync2,145,0.6407875648775052,-0.2583885542068966,1.630188801,2.319684370000001
OpenCap,own,Knee flexion,OpenCap_subject8_walking1_sync2,145,0.505179880326342,-0.2271020092758621,0.9903542975000056,1.53165933
OpenCap,own,Ankle flexion,OpenCap_subject8_walking1_sync2,145,0.7356720423593166,-0.2259513443103447,1.3601043190000002,3.8325454
OpenCap,own,Subtalar,OpenCap_subject8_walking1_sync2,145,0.7828942238208986,0.3039700516551724,1.5513330724999996,3.13211133
OpenCap,own,Pelvis tilt,OpenCap_subject8_walking2_sync2,140,0.4266361148122475,-0.3078944027857142,0.6988405524999998,0.81689651
OpenCap,own,Pelvis list,OpenCap_subject8_walking2_sync2,140,0.408459904783937,0.1810228105,0.7812810719999999,0.92526515
OpenCap,own,Pelvis rotation,OpenCap_subject8_walking2_sync2,140,0.3664963296799622,-0.0207817674999999,0.899395334,1.29971162
OpenCap,own,Hip flexion,OpenCap_subject8_walking2_sync2,140,0.5217548249716382,-0.0379648231428572,1.2971415779999975,1.95909263
OpenCap,own,Hip adduction,OpenCap_subject8_walking2_sync2,140,0.4590323807186405,-0.1172625818571429,0.981060295,1.456165819999999
OpenCap,own,Hip rotation,OpenCap_subject8_walking2_sync2,140,0.5506765769620977,-0.1052707010714285,1.097303044500002,2.5091963099999983
OpenCap,own,Knee flexion,OpenCap_subject8_walking2_sync2,140,0.6589364485206152,-0.3933217422142856,1.3315929240000024,1.871418580000004
OpenCap,own,Ankle flexion,OpenCap_subject8_walking2_sync2,140,0.7630597618624084,-0.2651402027857142,1.4696448295000004,2.87444322
OpenCap,own,Subtalar,OpenCap_subject8_walking2_sync2,140,0.6923143143696813,0.3484541266071427,1.4320723830000008,2.71233292
OpenCap,own,Pelvis tilt,OpenCap_subject9_walking1_sync2,114,0.2815990376961346,0.2110893177192982,0.553372844,0.7643635799999999
OpenCap,own,Pelvis list,OpenCap_subject9_walking1_sync2,114,1.0080334080169917,-0.0078556865789473,1.712232715,1.75582232
OpenCap,own,Pelvis rotation,OpenCap_subject9_walking1_sync2,114,0.6314656427477324,0.5767188607894735,0.9410698844999994,1.12196754
OpenCap,own,Hip flexion,OpenCap_subject9_walking1_sync2,114,0.8864602864082722,-0.3622377522807017,1.5632055264999989,2.20472785
OpenCap,own,Hip adduction,OpenCap_subject9_walking1_sync2,114,1.0251040283359374,0.0418213646929824,1.9986448844999984,2.21542745
OpenCap,own,Hip rotation,OpenCap_subject9_walking1_sync2,114,0.738982349897314,-0.280584885745614,1.4796589014999997,2.2228742500000003
OpenCap,own,Knee flexion,OpenCap_subject9_walking1_sync2,114,0.913693698002688,-0.0313485427192983,1.9807997214999984,3.3390441399999986
OpenCap,own,Ankle flexion,OpenCap_subject9_walking1_sync2,114,1.3476167104551395,-1.0066312773684212,2.0314559695000005,2.804188699999999
OpenCap,own,Subtalar,OpenCap_subject9_walking1_sync2,114,1.070031640674536,-4.385828947365648e-05,1.9701287684999955,2.4983359599999995
OpenCap,own,Pelvis tilt,OpenCap_subject9_walking2_sync2,108,0.2463154617013041,0.1487479555555555,0.5791205035,0.64273604
OpenCap,own,Pelvis list,OpenCap_subject9_walking2_sync2,108,1.0041636705330597,-0.0370617560185185,1.7348901215,1.83258582
OpenCap,own,Pelvis rotation,OpenCap_subject9_walking2_sync2,108,0.5737015166457434,0.5000021350925926,0.9305833710000004,1.1140964199999992
OpenCap,own,Hip flexion,OpenCap_subject9_walking2_sync2,108,0.9065717281251056,-0.280767873148148,1.5835747150000006,1.9944881599999995
OpenCap,own,Hip adduction,OpenCap_subject9_walking2_sync2,108,0.997975797169426,0.0001987705555555,1.899220465,2.06433863
OpenCap,own,Hip rotation,OpenCap_subject9_walking2_sync2,108,0.7700538605240594,-0.4037718136574074,1.7860149550000002,2.63226842
OpenCap,own,Knee flexion,OpenCap_subject9_walking2_sync2,108,0.9301169704522578,-0.1490015836574073,2.025278912500001,2.543562190000003
OpenCap,own,Ankle flexion,OpenCap_subject9_walking2_sync2,108,1.3180231606164945,-1.052212976574074,2.104579965,2.2302264000000003
OpenCap,own,Subtalar,OpenCap_subject9_walking2_sync2,108,1.1168403029685212,0.0184374096759259,2.1539030675,2.76107211
BioCV,shared_with_reference,Pelvis tilt,BioCV_P03_WALK_01,206,0.3817063406599855,0.3428830361650485,0.58688061,0.7707902500000001
BioCV,shared_with_reference,Pelvis list,BioCV_P03_WALK_01,206,1.0109305917721991,0.9835806398058252,1.3650426249999998,1.43646628
BioCV,shared_with_reference,Pelvis rotation,BioCV_P03_WALK_01,206,0.3187842157675177,-0.0453159661165048,0.5542631524999999,1.2207221499999998
BioCV,shared_with_reference,Hip flexion,BioCV_P03_WALK_01,206,0.260894332624438,-0.0114769621844662,0.4445466699999986,1.42319539
BioCV,shared_with_reference,Hip adduction,BioCV_P03_WALK_01,206,0.2892043401736316,-0.0220189978640777,0.5274225084999997,0.6239527000000002
BioCV,shared_with_reference,Hip rotation,BioCV_P03_WALK_01,206,0.3265237884234114,-0.0727149466747572,0.7023920314999998,1.3035100300000002
BioCV,shared_with_reference,Knee flexion,BioCV_P03_WALK_01,206,0.2569020631781198,0.1012239913592232,0.5357875119999961,1.1809698600000011
BioCV,shared_with_reference,Ankle flexion,BioCV_P03_WALK_01,206,0.357953165242564,0.0150959050728154,0.7587454785000002,1.1737993100000017
BioCV,shared_with_reference,Subtalar,BioCV_P03_WALK_01,206,0.4536619868733991,0.0307737996116504,0.9873738010000004,2.3229037100000003
BioCV,shared_with_reference,Pelvis tilt,BioCV_P03_WALK_02,189,0.718887138036168,0.0653734973015873,0.690004845999999,3.97649693
BioCV,shared_with_reference,Pelvis list,BioCV_P03_WALK_02,189,1.6649040716534094,1.6175894895238094,2.17606144,2.30836347
BioCV,shared_with_reference,Pelvis rotation,BioCV_P03_WALK_02,189,1.336806624833742,0.2426620187301587,3.949949952,5.48966293
BioCV,shared_with_reference,Hip flexion,BioCV_P03_WALK_02,189,1.379815943829664,0.1926857134920634,0.8061018139999931,10.66291099
BioCV,shared_with_reference,Hip adduction,BioCV_P03_WALK_02,189,0.4382254161388581,-0.0707039235185185,1.0746334149999992,1.7437039000000003
BioCV,shared_with_reference,Hip rotation,BioCV_P03_WALK_02,189,1.0499490948530512,-0.0877749049470899,2.454685375499997,4.72902752
BioCV,shared_with_reference,Knee flexion,BioCV_P03_WALK_02,189,1.077072013498541,0.3210046275925924,1.1745466099999988,8.41652537
BioCV,shared_with_reference,Ankle flexion,BioCV_P03_WALK_02,189,0.7685515306833255,0.1703505264814815,1.4793889694999978,4.682904219999999
BioCV,shared_with_reference,Subtalar,BioCV_P03_WALK_02,189,0.9794494067934784,-0.1941431593915344,2.027803491,6.090500819999999
BioCV,shared_with_reference,Pelvis tilt,BioCV_P04_WALK_01,197,0.1377514686459911,0.0934386387817259,0.246098184,0.4105769499999999
BioCV,shared_with_reference,Pelvis list,BioCV_P04_WALK_01,197,0.6899170759699272,-0.6358061607614213,0.974452344,1.70341832
BioCV,shared_with_reference,Pelvis rotation,BioCV_P04_WALK_01,197,0.4942743222405073,-0.0116822629441624,0.4196314999999998,3.77728612
BioCV,shared_with_reference,Hip flexion,BioCV_P04_WALK_01,197,0.2616289922294679,0.1643260431218273,0.4656077955000001,1.44555975
BioCV,shared_with_reference,Hip adduction,BioCV_P04_WALK_01,197,0.3529150356016368,-0.0353429190862943,0.5513928979999997,2.00602247
BioCV,shared_with_reference,Hip rotation,BioCV_P04_WALK_01,197,0.4429417628808195,-0.022365603680203,0.6107063924999997,3.44234825
BioCV,shared_with_reference,Knee flexion,BioCV_P04_WALK_01,197,0.274954703123615,-0.0990116002791876,0.4997769629999984,1.5990883700000005
BioCV,shared_with_reference,Ankle flexion,BioCV_P04_WALK_01,197,0.5171851766555611,-0.1352800562944162,0.8908307350000001,2.51495913
BioCV,shared_with_reference,Subtalar,BioCV_P04_WALK_01,197,0.4964248455664439,0.174257668071066,1.026562351499999,2.130882970000001
BioCV,shared_with_reference,Pelvis tilt,BioCV_P04_WALK_02,187,0.3040201333746323,0.295129750802139,0.4104330089999999,0.54363495
BioCV,shared_with_reference,Pelvis list,BioCV_P04_WALK_02,187,0.4877765065541704,-0.4528391595721925,0.774961816,0.8664266600000001
BioCV,shared_with_reference,Pelvis rotation,BioCV_P04_WALK_02,187,0.2028287012121542,-0.0723503963101604,0.3283578619999999,0.5605071299999995
BioCV,shared_with_reference,Hip flexion,BioCV_P04_WALK_02,187,0.1330635777521067,0.0439273250534759,0.2797476135000006,0.4760009
BioCV,shared_with_reference,Hip adduction,BioCV_P04_WALK_02,187,0.2213268577531306,-0.0013008628342245,0.4516573585000002,0.5893440299999995
BioCV,shared_with_reference,Hip rotation,BioCV_P04_WALK_02,187,0.2151538233256036,0.0633293998128342,0.3997067934999997,0.8582828999999998
BioCV,shared_with_reference,Knee flexion,BioCV_P04_WALK_02,187,0.1764013283777926,0.0748716805080213,0.295832794499998,1.11957312
BioCV,shared_with_reference,Ankle flexion,BioCV_P04_WALK_02,187,0.3208887129788252,-0.0215118159090909,0.4748733549999999,2.83592262
BioCV,shared_with_reference,Subtalar,BioCV_P04_WALK_02,187,0.3118336973824621,0.0180464854545454,0.6356302664999994,1.7217061099999995
BioCV,shared_with_reference,Pelvis tilt,BioCV_P06_WALK_01,263,0.7349366997782188,0.6843436611026615,0.96320246,2.44134587
BioCV,shared_with_reference,Pelvis list,BioCV_P06_WALK_01,263,0.4779153979028288,0.1423595394676806,0.8821654979999995,1.04075611
BioCV,shared_with_reference,Pelvis rotation,BioCV_P06_WALK_01,263,0.6033404559916549,-0.5167517046768061,0.927600982,1.09220221
BioCV,shared_with_reference,Hip flexion,BioCV_P06_WALK_01,263,0.6801843562136718,-0.0098059725285171,1.32246695,4.01662688
BioCV,shared_with_reference,Hip adduction,BioCV_P06_WALK_01,263,0.5459912161984117,0.0554740896577946,1.0572445275000002,1.3794646900000005
BioCV,shared_with_reference,Hip rotation,BioCV_P06_WALK_01,263,0.4400458035068493,-0.0427034856463878,0.7485801200000002,1.16647899
BioCV,shared_with_reference,Knee flexion,BioCV_P06_WALK_01,263,0.6309665101562127,0.2471186415969582,1.4738800675000006,2.3374226099999973
BioCV,shared_with_reference,Ankle flexion,BioCV_P06_WALK_01,263,0.6988801248589734,-0.2643249706273763,1.2244503550000003,2.5753573000000003
BioCV,shared_with_reference,Subtalar,BioCV_P06_WALK_01,263,0.6902540887849641,-0.1207298503612167,1.5532958375000008,2.4536847900000005
BioCV,shared_with_reference,Pelvis tilt,BioCV_P06_WALK_02,313,0.9071908722000042,0.8916375693929712,1.1898753159999995,1.53075701
BioCV,shared_with_reference,Pelvis list,BioCV_P06_WALK_02,313,0.5916326375680158,-0.2678134623642172,1.079016994,1.3632063200000006
BioCV,shared_with_reference,Pelvis rotation,BioCV_P06_WALK_02,313,0.9251015336515278,-0.6787945164536742,1.331812619999999,3.02866331
BioCV,shared_with_reference,Hip flexion,BioCV_P06_WALK_02,313,0.607831070330285,-0.1043350187220447,1.2546368724999997,2.453566629999999
BioCV,shared_with_reference,Hip adduction,BioCV_P06_WALK_02,313,0.6248653271887753,0.0975873842332268,1.20338328,1.82149506
BioCV,shared_with_reference,Hip rotation,BioCV_P06_WALK_02,313,0.7791226809375548,0.0648677280990415,1.3179249249999998,3.92523129
BioCV,shared_with_reference,Knee flexion,BioCV_P06_WALK_02,313,0.6796216969698176,0.2835646092332268,1.4912559975000033,2.295863930000003
BioCV,shared_with_reference,Ankle flexion,BioCV_P06_WALK_02,313,0.8697500553014803,-0.3228416576357827,1.363423462500001,5.14261414
BioCV,shared_with_reference,Subtalar,BioCV_P06_WALK_02,313,0.9416381269571072,-0.2004903921725239,2.1660941075,3.3213722200000007
BioCV,shared_with_reference,Pelvis tilt,BioCV_P09_WALK_01,250,0.583592017227385,0.370779707,0.6507443229999998,5.37669391
BioCV,shared_with_reference,Pelvis list,BioCV_P09_WALK_01,250,1.5893696996266076,-0.28792820708,0.534394913,17.534991029999997
BioCV,shared_with_reference,Pelvis rotation,BioCV_P09_WALK_01,250,1.2301197499927097,-0.11293841904,0.9327231189999996,14.8731614
BioCV,shared_with_reference,Hip flexion,BioCV_P09_WALK_01,250,1.4039777794162185,0.0991866727999999,1.0350065154999926,18.37108942
BioCV,shared_with_reference,Hip adduction,BioCV_P09_WALK_01,250,0.6844148500758884,-0.0696078315399999,0.5155728229999964,7.180153169999997
BioCV,shared_with_reference,Hip rotation,BioCV_P09_WALK_01,250,1.6279308837380633,0.15039701248,0.881204296,29.66943376
BioCV,shared_with_reference,Knee flexion,BioCV_P09_WALK_01,250,2.6041457524268137,0.3204546350400001,0.8797897899999995,49.49502601
BioCV,shared_with_reference,Ankle flexion,BioCV_P09_WALK_01,250,1.091258915655421,-0.0383820726399999,0.9319456320000006,13.53350081
BioCV,shared_with_reference,Subtalar,BioCV_P09_WALK_01,250,0.8424585298403783,0.0269191387399999,1.1670337719999972,8.35070275
BioCV,shared_with_reference,Pelvis tilt,BioCV_P09_WALK_02,233,2.451718935006056,-0.0136881373819742,0.6828941439999999,28.05280399
BioCV,shared_with_reference,Pelvis list,BioCV_P09_WALK_02,233,1.893766982233104,0.1769264445493562,0.5235821179999998,18.28799590000001
BioCV,shared_with_reference,Pelvis rotation,BioCV_P09_WALK_02,233,3.63497714959968,-0.6094276442918456,1.4776440219999682,42.71885351
BioCV,shared_with_reference,Hip flexion,BioCV_P09_WALK_02,233,1.858614574969024,0.1538031639914162,0.4079372300000001,21.99362384
BioCV,shared_with_reference,Hip adduction,BioCV_P09_WALK_02,233,1.6832579707707211,-0.312467890858369,0.78719026,18.4851475
BioCV,shared_with_reference,Hip rotation,BioCV_P09_WALK_02,233,2.432411554667623,-0.1016257624892704,0.746606475,27.29624307
BioCV,shared_with_reference,Knee flexion,BioCV_P09_WALK_02,233,2.9529765442158755,-0.2389342105793995,0.5334534700000049,36.6517516
BioCV,shared_with_reference,Ankle flexion,BioCV_P09_WALK_02,233,4.05794063024521,-0.0581866098497853,2.1309737875000003,56.80410667
BioCV,shared_with_reference,Subtalar,BioCV_P09_WALK_02,233,3.945869992507848,-0.1630220942489269,1.4836494249999996,38.67720025
BioCV,shared_with_reference,Pelvis tilt,BioCV_P10_WALK_01,183,0.3059421380951442,0.2929117053551912,0.4320734319999998,0.49557896
BioCV,shared_with_reference,Pelvis list,BioCV_P10_WALK_01,183,0.2677600656454727,0.0709821310928962,0.5006776639999999,0.6237537999999998
BioCV,shared_with_reference,Pelvis rotation,BioCV_P10_WALK_01,183,0.1457627899983692,0.063029187431694,0.2705483060000006,0.4566494599999977
BioCV,shared_with_reference,Hip flexion,BioCV_P10_WALK_01,183,0.1658131448672899,0.0422914257923497,0.3329858849999991,0.5495807900000003
BioCV,shared_with_reference,Hip adduction,BioCV_P10_WALK_01,183,0.2599409829339875,0.0180450808196721,0.4821798800000005,0.6989572100000006
BioCV,shared_with_reference,Hip rotation,BioCV_P10_WALK_01,183,0.2550133979249364,0.1081307799453551,0.5295095500000001,0.8800356899999997
BioCV,shared_with_reference,Knee flexion,BioCV_P10_WALK_01,183,0.3196367229808672,0.2617152769398906,0.6004662449999989,0.8871126099999991
BioCV,shared_with_reference,Ankle flexion,BioCV_P10_WALK_01,183,0.4574384097708446,0.1296808101092896,0.9070531100000028,1.6896150199999995
BioCV,shared_with_reference,Subtalar,BioCV_P10_WALK_01,183,0.3379649188257027,-0.054138351420765,0.7237735975000004,1.5892462500000004
BioCV,shared_with_reference,Pelvis tilt,BioCV_P10_WALK_02,162,0.2678108272867472,0.2512217328395061,0.4076470945000001,0.4883881799999998
BioCV,shared_with_reference,Pelvis list,BioCV_P10_WALK_02,162,0.2504606741094502,-0.2219920628395061,0.4002377325,0.5140365600000001
BioCV,shared_with_reference,Pelvis rotation,BioCV_P10_WALK_02,162,0.2004978656687018,0.1492633245679012,0.3549551744999993,0.5392741399999998
BioCV,shared_with_reference,Hip flexion,BioCV_P10_WALK_02,162,0.1994547414583231,0.0075533109876543,0.3685797295000005,0.5289458699999994
BioCV,shared_with_reference,Hip adduction,BioCV_P10_WALK_02,162,0.1753690109453695,-0.0137959686728395,0.3161238164999999,0.3893018700000006
BioCV,shared_with_reference,Hip rotation,BioCV_P10_WALK_02,162,0.2981178872901169,0.0591734559876543,0.5693456395000002,0.8547679900000005
BioCV,shared_with_reference,Knee flexion,BioCV_P10_WALK_02,162,0.2678755201722868,0.1709755416666667,0.5108055355000001,0.8043906800000045
BioCV,shared_with_reference,Ankle flexion,BioCV_P10_WALK_02,162,0.3308301324555764,0.1440724499074074,0.6517521939999982,1.1478943100000003
BioCV,shared_with_reference,Subtalar,BioCV_P10_WALK_02,162,0.414678172414442,-0.0337548194444444,1.0054862215000002,1.948712930000001
BioCV,shared_with_reference,Pelvis tilt,BioCV_P13_WALK_01,230,0.1783868541758395,-0.0692373569565217,0.3446803444999998,0.65782612
BioCV,shared_with_reference,Pelvis list,BioCV_P13_WALK_01,230,0.311447351283495,-0.029986353173913,0.5724208059999994,1.17719139
BioCV,shared_with_reference,Pelvis rotation,BioCV_P13_WALK_01,230,0.1272668685134674,-0.0630435822173913,0.2488173709999999,0.38635641
BioCV,shared_with_reference,Hip flexion,BioCV_P13_WALK_01,230,0.2231728142379527,0.0719903628695653,0.4296549819999998,1.2231773099999996
BioCV,shared_with_reference,Hip adduction,BioCV_P13_WALK_01,230,0.3151377813185711,-0.0402258513260869,0.6193551234999991,1.2783950300000004
BioCV,shared_with_reference,Hip rotation,BioCV_P13_WALK_01,230,0.3240844050177174,-0.1356957626956521,0.6926159074999998,1.3504467299999998
BioCV,shared_with_reference,Knee flexion,BioCV_P13_WALK_01,230,0.445531093765643,-0.3672058038478261,0.7560808004999997,1.1182093500000008
BioCV,shared_with_reference,Ankle flexion,BioCV_P13_WALK_01,230,0.679460861833675,0.0402765973260869,1.4969861609999986,3.3111953
BioCV,shared_with_reference,Subtalar,BioCV_P13_WALK_01,230,0.666302712276373,0.3833738672391303,1.3815319984999992,2.21908281
BioCV,shared_with_reference,Pelvis tilt,BioCV_P13_WALK_02,209,0.143481084383161,-0.0661593591387559,0.2983164039999999,0.4889508199999999
BioCV,shared_with_reference,Pelvis list,BioCV_P13_WALK_02,209,0.4614810061104419,-0.3961616851674641,0.729980808,0.8490513799999997
BioCV,shared_with_reference,Pelvis rotation,BioCV_P13_WALK_02,209,0.234049546665214,0.0819146584688995,0.2797945619999993,1.0749501500000005
BioCV,shared_with_reference,Hip flexion,BioCV_P13_WALK_02,209,0.2049333001641046,0.1152573304784688,0.3634227329999988,1.3523866699999942
BioCV,shared_with_reference,Hip adduction,BioCV_P13_WALK_02,209,0.2492724702471633,-0.0440975177511961,0.4135499189999998,1.21398443
BioCV,shared_with_reference,Hip rotation,BioCV_P13_WALK_02,209,0.4564986366425569,-0.0975621213636363,0.7149214089999989,2.96342774
BioCV,shared_with_reference,Knee flexion,BioCV_P13_WALK_02,209,0.3830956306540108,-0.2829950401435408,0.6348367950000015,2.1247972399999995
BioCV,shared_with_reference,Ankle flexion,BioCV_P13_WALK_02,209,0.3490436653968683,-0.0765519611961722,0.727128916000001,1.33383623
BioCV,shared_with_reference,Subtalar,BioCV_P13_WALK_02,209,0.8494518211955439,0.089630651722488,1.458059396,5.728774300000001
BioCV,shared_with_reference,Pelvis tilt,BioCV_P16_WALK_01,265,0.3445001352184521,0.3191201522264151,0.4975177379999999,0.6762871700000002
BioCV,shared_with_reference,Pelvis list,BioCV_P16_WALK_01,265,0.2443554336951084,0.1309997493962264,0.4150797180000005,0.5446090800000001
BioCV,shared_with_reference,Pelvis rotation,BioCV_P16_WALK_01,265,0.3364307300343128,0.1343010127547169,0.8770651259999986,1.8415424
BioCV,shared_with_reference,Hip flexion,BioCV_P16_WALK_01,265,0.2754387063584361,0.0716159144339621,0.3999025190000004,2.57031957
BioCV,shared_with_reference,Hip adduction,BioCV_P16_WALK_01,265,0.2710455634214505,0.0259644936415094,0.5252835789999999,0.9397492100000004
BioCV,shared_with_reference,Hip rotation,BioCV_P16_WALK_01,265,0.337473230104428,0.089607452,0.7398761684999995,1.3128664999999993
BioCV,shared_with_reference,Knee flexion,BioCV_P16_WALK_01,265,0.4892315413506333,0.3723669827924526,0.6751392685000002,3.4017054799999986
BioCV,shared_with_reference,Ankle flexion,BioCV_P16_WALK_01,265,0.3393375967630151,0.1595571612830188,0.6831793254999998,1.39886769
BioCV,shared_with_reference,Subtalar,BioCV_P16_WALK_01,265,0.437869388052232,-0.1875434092075472,0.878476984,2.74132584
BioCV,shared_with_reference,Pelvis tilt,BioCV_P16_WALK_02,229,0.3576346126826532,0.3166220330567685,0.515690652,1.6342285499999998
BioCV,shared_with_reference,Pelvis list,BioCV_P16_WALK_02,229,0.5221080202102897,0.0244671279039301,0.440910036,3.84010238
BioCV,shared_with_reference,Pelvis rotation,BioCV_P16_WALK_02,229,0.4775540763674624,0.1367459467248908,1.1889687919999992,2.1168801100000003
BioCV,shared_with_reference,Hip flexion,BioCV_P16_WALK_02,229,0.5355765199211792,0.1255571957205239,0.560882236999997,6.661951299999998
BioCV,shared_with_reference,Hip adduction,BioCV_P16_WALK_02,229,0.4872399075329926,-0.0315192327074235,0.7327672329999986,3.93122677
BioCV,shared_with_reference,Hip rotation,BioCV_P16_WALK_02,229,1.3646963480927623,-0.0675699469213973,1.043047101,16.4776275
BioCV,shared_with_reference,Knee flexion,BioCV_P16_WALK_02,229,1.0002644984504043,0.4461811532314411,0.9984102705000012,8.94060801
BioCV,shared_with_reference,Ankle flexion,BioCV_P16_WALK_02,229,0.4889313647549605,0.1584244413318778,0.710915722,3.74243596
BioCV,shared_with_reference,Subtalar,BioCV_P16_WALK_02,229,3.6371022399476858,-0.527336192445415,1.0857057444999996,37.01700873
BioCV,shared_with_reference,Pelvis tilt,BioCV_P17_WALK_01,236,0.5652258378115245,0.5305650472457627,0.781001035,0.87178699
BioCV,shared_with_reference,Pelvis list,BioCV_P17_WALK_01,236,0.288861301777328,0.1072779024576271,0.5205630099999996,0.6459262400000001
BioCV,shared_with_reference,Pelvis rotation,BioCV_P17_WALK_01,236,0.3609306062908353,-0.3282762908050848,0.5610609974999987,0.6632182899999997
BioCV,shared_with_reference,Hip flexion,BioCV_P17_WALK_01,236,0.2709282105404177,0.055211639427966,0.5443759734999997,1.1006861
BioCV,shared_with_reference,Hip adduction,BioCV_P17_WALK_01,236,0.3188070985755069,0.0256066203177966,0.5888186884999993,0.7568307500000007
BioCV,shared_with_reference,Hip rotation,BioCV_P17_WALK_01,236,0.2895659566142619,-0.0070520587288135,0.5222976869999998,1.36422077
BioCV,shared_with_reference,Knee flexion,BioCV_P17_WALK_01,236,0.3253910470938402,0.1913985102966104,0.6725822174999971,1.3973885400000017
BioCV,shared_with_reference,Ankle flexion,BioCV_P17_WALK_01,236,0.3506991381770529,-0.1370230554237288,0.6023571035,1.1358126499999983
BioCV,shared_with_reference,Subtalar,BioCV_P17_WALK_01,236,0.3761170471145656,-0.0682584477754237,0.7847360595,1.2453676800000002
BioCV,shared_with_reference,Pelvis tilt,BioCV_P17_WALK_02,221,0.4635387713997336,0.4461764845248869,0.6507365900000002,0.77430229
BioCV,shared_with_reference,Pelvis list,BioCV_P17_WALK_02,221,0.1867323668620655,0.0408551037104071,0.3767121200000001,0.7219570599999998
BioCV,shared_with_reference,Pelvis rotation,BioCV_P17_WALK_02,221,0.1636836229672619,0.0522669087330317,0.3011215299999996,0.76091951
BioCV,shared_with_reference,Hip flexion,BioCV_P17_WALK_02,221,0.1324365817017772,0.0199355997511312,0.2813848849999996,0.4443265600000003
BioCV,shared_with_reference,Hip adduction,BioCV_P17_WALK_02,221,0.1871034130995523,0.0398663191402715,0.3909761774999997,0.7756601499999993
BioCV,shared_with_reference,Hip rotation,BioCV_P17_WALK_02,221,0.2034289548501814,0.0248556871719456,0.4054242259999999,0.96405555
BioCV,shared_with_reference,Knee flexion,BioCV_P17_WALK_02,221,0.3001885949551717,0.2200546279411764,0.5266560904999981,1.4298734899999983
BioCV,shared_with_reference,Ankle flexion,BioCV_P17_WALK_02,221,0.2443904735624206,0.0289708726923076,0.4846351275000005,0.8932392399999998
BioCV,shared_with_reference,Subtalar,BioCV_P17_WALK_02,221,0.34978876852908,-0.110161437760181,0.8214842745000002,1.6564082
BioCV,shared_with_reference,Pelvis tilt,BioCV_P18_WALK_01,205,0.5572222176530364,0.5093751234146342,0.813232326,0.93724643
BioCV,shared_with_reference,Pelvis list,BioCV_P18_WALK_01,205,0.898604739280124,-0.8017943415121952,1.409629356,1.5940430900000004
BioCV,shared_with_reference,Pelvis rotation,BioCV_P18_WALK_01,205,0.1718609085481479,-0.0553544914634146,0.3163672500000004,0.48758649
BioCV,shared_with_reference,Hip flexion,BioCV_P18_WALK_01,205,0.247621374458942,0.0156818726097561,0.4857956794999997,0.7631757099999996
BioCV,shared_with_reference,Hip adduction,BioCV_P18_WALK_01,205,0.4482649303621763,0.0400565012195121,0.7717828255000001,0.9247489100000004
BioCV,shared_with_reference,Hip rotation,BioCV_P18_WALK_01,205,0.2999520355204161,0.0784432190731707,0.5708102995,1.12183025
BioCV,shared_with_reference,Knee flexion,BioCV_P18_WALK_01,205,0.2763888029116209,-0.0335576470487803,0.5462073465000006,0.7376112299999988
BioCV,shared_with_reference,Ankle flexion,BioCV_P18_WALK_01,205,0.5336488847199163,-0.3264217299756097,0.939509235,1.53062596
BioCV,shared_with_reference,Subtalar,BioCV_P18_WALK_01,205,0.513046093322317,-0.0143890754878048,1.031742383999999,1.9730651099999983
BioCV,shared_with_reference,Pelvis tilt,BioCV_P18_WALK_02,216,0.6083093249767467,0.5696377275000001,0.899628395,0.95969578
BioCV,shared_with_reference,Pelvis list,BioCV_P18_WALK_02,216,0.5662601050919984,-0.2178443258333333,1.0740823400000004,1.3524590399999994
BioCV,shared_with_reference,Pelvis rotation,BioCV_P18_WALK_02,216,0.3320240916085558,-0.1975533848611111,0.6089395400000011,0.823121519999999
BioCV,shared_with_reference,Hip flexion,BioCV_P18_WALK_02,216,0.4094486197085546,0.0649199182638888,0.7377995829999995,1.27782488
BioCV,shared_with_reference,Hip adduction,BioCV_P18_WALK_02,216,0.5927184151565323,0.0303389269675926,1.0391377820000005,1.3263293500000009
BioCV,shared_with_reference,Hip rotation,BioCV_P18_WALK_02,216,0.4128680239697906,0.0864486491203703,0.8338615829999997,1.1766522000000004
BioCV,shared_with_reference,Knee flexion,BioCV_P18_WALK_02,216,0.4323346376263822,-0.0694068829629628,0.9166489400000012,1.380390669999997
BioCV,shared_with_reference,Ankle flexion,BioCV_P18_WALK_02,216,0.7690851135056763,-0.4070125583101852,1.3112260019999995,2.191853
BioCV,shared_with_reference,Subtalar,BioCV_P18_WALK_02,216,0.649039629990571,-0.0112923698611111,1.3830950485000002,2.9394137199999992
COMFI,shared_with_reference,Pelvis tilt,COMFI_1012_CircularWalking,999,1.9210124891939968,0.172520448988989,3.552722809,11.59818839
COMFI,shared_with_reference,Pelvis list,COMFI_1012_CircularWalking,999,1.595554355674483,0.0607654276876877,3.322207848999998,8.05012646
COMFI,shared_with_reference,Pelvis rotation,COMFI_1012_CircularWalking,999,2.5654212511529333,0.8131618786286287,5.040156940999995,13.487781210000035
COMFI,shared_with_reference,Hip flexion,COMFI_1012_CircularWalking,999,3.132960113453892,0.2929209260110109,7.372399393,15.06894793
COMFI,shared_with_reference,Hip adduction,COMFI_1012_CircularWalking,999,3.057789126429186,-0.2615872448748748,5.587464179499999,10.91200429
COMFI,shared_with_reference,Hip rotation,COMFI_1012_CircularWalking,999,3.3106521161645945,0.1956050597347347,6.629699781499999,24.16641687
COMFI,shared_with_reference,Knee flexion,COMFI_1012_CircularWalking,999,2.618767888367563,-0.0262611636736736,4.454507807499994,35.75040111999999
COMFI,shared_with_reference,Ankle flexion,COMFI_1012_CircularWalking,999,4.10516420062973,0.3928274102152152,7.836585125999999,29.60913654
COMFI,shared_with_reference,Subtalar,COMFI_1012_CircularWalking,999,4.747155407431547,-0.8754120117467468,10.5531671665,31.46394198
COMFI,shared_with_reference,Pelvis tilt,COMFI_1012_StraightWalking,281,2.6732422446282733,-1.5646858384697508,5.63187319,8.02786124
COMFI,shared_with_reference,Pelvis list,COMFI_1012_StraightWalking,281,3.202570894289422,-0.1791897346263345,7.505342089999999,12.67543226
COMFI,shared_with_reference,Pelvis rotation,COMFI_1012_StraightWalking,281,13.691820408572145,10.607364274626336,19.38781738,41.57430298
COMFI,shared_with_reference,Hip flexion,COMFI_1012_StraightWalking,281,6.044857126654029,3.9684944189679694,10.69124714699999,29.98692979
COMFI,shared_with_reference,Hip adduction,COMFI_1012_StraightWalking,281,4.613623427821765,-0.4081652358007117,9.456238312499998,22.34234942
COMFI,shared_with_reference,Hip rotation,COMFI_1012_StraightWalking,281,12.73202095947392,2.029823696476869,19.512071808,52.48158292000001
COMFI,shared_with_reference,Knee flexion,COMFI_1012_StraightWalking,281,5.862087569777707,1.337775177633452,10.388616599499992,40.83314691
COMFI,shared_with_reference,Ankle flexion,COMFI_1012_StraightWalking,281,8.887137128153766,-1.911921517099644,17.46983524299996,69.20607283
COMFI,shared_with_reference,Subtalar,COMFI_1012_StraightWalking,281,7.58076225091599,-1.2340901680604983,12.618962482,36.04607996
COMFI,shared_with_reference,Pelvis tilt,COMFI_1118_CircularWalking,999,1.357905215563161,-0.7932012136236236,2.4003834899999994,4.580578989999999
COMFI,shared_with_reference,Pelvis list,COMFI_1118_CircularWalking,999,1.518716193678029,0.0801634852852852,3.3903554329999976,6.20533595
COMFI,shared_with_reference,Pelvis rotation,COMFI_1118_CircularWalking,999,2.2508511362886794,0.5769175541641638,4.458358140999994,5.80576431999998
COMFI,shared_with_reference,Hip flexion,COMFI_1118_CircularWalking,999,3.679760498664031,1.4119199737287285,7.570769673999999,11.34612272
COMFI,shared_with_reference,Hip adduction,COMFI_1118_CircularWalking,999,2.8324085478312453,-0.1042650592592592,5.768825943,8.79874498
COMFI,shared_with_reference,Hip rotation,COMFI_1118_CircularWalking,999,3.688339473882054,0.193612312002002,6.705900384499999,20.05744999
COMFI,shared_with_reference,Knee flexion,COMFI_1118_CircularWalking,999,1.4768612543223314,0.2645646996446446,3.26645955,7.00411672
COMFI,shared_with_reference,Ankle flexion,COMFI_1118_CircularWalking,999,4.863121847272126,-2.2725622855655656,8.8085268735,30.22400722
COMFI,shared_with_reference,Subtalar,COMFI_1118_CircularWalking,999,4.3495805268328205,-0.8558451158308308,9.8685543055,31.71427131
COMFI,shared_with_reference,Pelvis tilt,COMFI_1118_StraightWalking,377,3.9737734659592574,2.21597237872679,7.237989992,13.85947807
COMFI,shared_with_reference,Pelvis list,COMFI_1118_StraightWalking,377,4.016856042303244,-0.6749194292838196,10.138844887999992,16.12846872
COMFI,shared_with_reference,Pelvis rotation,COMFI_1118_StraightWalking,377,12.75744792179816,6.997782574456233,21.961061562,23.8030054
COMFI,shared_with_reference,Hip flexion,COMFI_1118_StraightWalking,377,10.669002637589324,5.835226579190981,22.167395227000004,51.80386978
COMFI,shared_with_reference,Hip adduction,COMFI_1118_StraightWalking,377,4.294003370904826,-0.6268395977984085,9.654912392500004,21.03046252
COMFI,shared_with_reference,Hip rotation,COMFI_1118_StraightWalking,377,12.78019021261832,2.6753943910079574,20.624060929500008,53.69956951
COMFI,shared_with_reference,Knee flexion,COMFI_1118_StraightWalking,377,7.923405715226406,3.6834045883554376,16.448081385500018,45.82288182
COMFI,shared_with_reference,Ankle flexion,COMFI_1118_StraightWalking,377,11.386002108751502,-0.4457262201061011,28.533259420000007,57.28541452
COMFI,shared_with_reference,Subtalar,COMFI_1118_StraightWalking,377,8.210464916772967,-2.6935633201856763,15.523986160500003,37.47883226
COMFI,shared_with_reference,Pelvis tilt,COMFI_1508_CircularWalking,999,1.4958711543642058,0.9846110201001002,3.345777754,4.773832789999999
COMFI,shared_with_reference,Pelvis list,COMFI_1508_CircularWalking,999,2.335749809043704,-1.8922669251851847,4.568821864999996,7.60573604
COMFI,shared_with_reference,Pelvis rotation,COMFI_1508_CircularWalking,999,3.064768990900774,0.9564668771471456,6.581282893000001,11.83213752
COMFI,shared_with_reference,Hip flexion,COMFI_1508_CircularWalking,999,2.90474004895036,-0.6956174592042041,5.769906842499999,10.90040058
COMFI,shared_with_reference,Hip adduction,COMFI_1508_CircularWalking,999,3.4060345474569016,-0.0321810414814815,5.869443989,9.36587795
COMFI,shared_with_reference,Hip rotation,COMFI_1508_CircularWalking,999,3.913917548262611,0.3022782634284284,9.208181361499998,19.25134474
COMFI,shared_with_reference,Knee flexion,COMFI_1508_CircularWalking,999,1.764036811406784,0.0661126560260259,3.3305652310000005,11.745104030000004
COMFI,shared_with_reference,Ankle flexion,COMFI_1508_CircularWalking,999,3.853532847144408,-0.5136205471871871,8.534572010999995,28.41478175
COMFI,shared_with_reference,Subtalar,COMFI_1508_CircularWalking,999,4.387508717896955,-1.4045040957757755,10.251823175499998,27.85410493
COMFI,shared_with_reference,Pelvis tilt,COMFI_1508_StraightWalking,335,3.2385489481800898,0.7885337602985075,6.582822113000002,13.52798228
COMFI,shared_with_reference,Pelvis list,COMFI_1508_StraightWalking,335,2.4875866936179825,-1.1208739529850746,4.762980763000001,12.77529485
COMFI,shared_with_reference,Pelvis rotation,COMFI_1508_StraightWalking,335,16.051482976437356,11.957963621910448,22.754243563000003,27.08039382
COMFI,shared_with_reference,Hip flexion,COMFI_1508_StraightWalking,335,7.4616142168076,2.9748497241194025,15.439383907499996,49.86638274
COMFI,shared_with_reference,Hip adduction,COMFI_1508_StraightWalking,335,3.3574923297267465,-0.0377752622835821,8.234590664999997,18.18980822
COMFI,shared_with_reference,Hip rotation,COMFI_1508_StraightWalking,335,11.794739210332011,2.134467180940298,19.44861786599999,33.07309188
COMFI,shared_with_reference,Knee flexion,COMFI_1508_StraightWalking,335,6.217583850179736,1.092561536238806,11.295751879499964,49.56545459
COMFI,shared_with_reference,Ankle flexion,COMFI_1508_StraightWalking,335,7.644979619783437,-1.7007186070000002,17.25584682649998,49.43573987
COMFI,shared_with_reference,Subtalar,COMFI_1508_StraightWalking,335,9.815658391575871,-1.94703126838806,16.963301140000002,37.94771394
COMFI,shared_with_reference,Pelvis tilt,COMFI_1602_CircularWalking,999,1.493736776458091,0.850939827947948,2.7357440319999986,14.1331351
COMFI,shared_with_reference,Pelvis list,COMFI_1602_CircularWalking,999,1.568447467020549,0.6141518528728729,3.066812376,10.65913576
COMFI,shared_with_reference,Pelvis rotation,COMFI_1602_CircularWalking,999,7.211015142790873,2.238927584684685,8.655907795,82.74342059
COMFI,shared_with_reference,Hip flexion,COMFI_1602_CircularWalking,999,4.843864636993235,0.4357731345645645,7.676011259499989,64.17247984
COMFI,shared_with_reference,Hip adduction,COMFI_1602_CircularWalking,999,4.16301086561178,-0.1838222857857858,7.341593472999999,16.1225175
COMFI,shared_with_reference,Hip rotation,COMFI_1602_CircularWalking,999,6.171773056184293,0.5983588962162163,10.826167371999995,62.94915198
COMFI,shared_with_reference,Knee flexion,COMFI_1602_CircularWalking,999,2.0810896588433367,0.1918294863763764,4.135203526999995,16.39523187
COMFI,shared_with_reference,Ankle flexion,COMFI_1602_CircularWalking,999,3.906500124836134,-0.4924794791041041,8.347814171499998,19.46853441
COMFI,shared_with_reference,Subtalar,COMFI_1602_CircularWalking,999,5.880473276117131,-1.4502337044794795,13.593336421499997,39.14620775
COMFI,shared_with_reference,Pelvis tilt,COMFI_1602_StraightWalking,276,2.9985873422582,1.0827980860869566,6.0571019575000005,11.46635128
COMFI,shared_with_reference,Pelvis list,COMFI_1602_StraightWalking,276,3.226626494126663,0.4364015982971015,8.891256865,14.33912614
COMFI,shared_with_reference,Pelvis rotation,COMFI_1602_StraightWalking,276,17.602839424841942,13.219906849492752,29.528682325,31.47961118
COMFI,shared_with_reference,Hip flexion,COMFI_1602_StraightWalking,276,9.306914362177686,3.088239961449275,20.325530696499936,54.07360987
COMFI,shared_with_reference,Hip adduction,COMFI_1602_StraightWalking,276,4.570068648002848,-0.3863056378985506,12.363451487499988,21.60891981
COMFI,shared_with_reference,Hip rotation,COMFI_1602_StraightWalking,276,11.867867119676122,1.6946875583514491,18.9578706,28.82254727
COMFI,shared_with_reference,Knee flexion,COMFI_1602_StraightWalking,276,6.181970005266608,1.910263889311594,12.05189491249996,43.685580550000005
COMFI,shared_with_reference,Ankle flexion,COMFI_1602_StraightWalking,276,7.1308099333149055,0.0969805028442028,15.199368324499993,39.79187309
COMFI,shared_with_reference,Subtalar,COMFI_1602_StraightWalking,276,12.097157087618044,-2.438576616521739,19.713483108999995,36.99529124
COMFI,shared_with_reference,Pelvis tilt,COMFI_1847_CircularWalking,999,1.1050191760057837,-0.4721463623723723,1.7696920539999996,5.827235279999999
COMFI,shared_with_reference,Pelvis list,COMFI_1847_CircularWalking,999,0.8209375629614634,-0.2198059742342342,1.7164295809999996,3.19068682
COMFI,shared_with_reference,Pelvis rotation,COMFI_1847_CircularWalking,999,1.691231382116387,0.092890196106108,3.1010724939999754,11.56445826000001
COMFI,shared_with_reference,Hip flexion,COMFI_1847_CircularWalking,999,2.8150059183474045,1.8715065027627624,5.3787467985,7.275076790000001
COMFI,shared_with_reference,Hip adduction,COMFI_1847_CircularWalking,999,1.8654354236605464,-0.0197031961211211,3.85687443,5.76504125
COMFI,shared_with_reference,Hip rotation,COMFI_1847_CircularWalking,999,2.2123057603495373,0.2896902501651651,4.673196956999996,7.85813476
COMFI,shared_with_reference,Knee flexion,COMFI_1847_CircularWalking,999,0.9997912724155932,0.1861127917567568,2.082753280499998,5.91717869
COMFI,shared_with_reference,Ankle flexion,COMFI_1847_CircularWalking,999,2.7115502751942246,-1.6577597664514514,5.354820890999999,6.41825966
COMFI,shared_with_reference,Subtalar,COMFI_1847_CircularWalking,999,2.8348560031320984,-0.4333772218818818,5.7090598905,19.04586598
COMFI,shared_with_reference,Pelvis tilt,COMFI_1847_StraightWalking,297,3.033130841734152,0.4112561180134679,5.980679661999999,10.49142984
COMFI,shared_with_reference,Pelvis list,COMFI_1847_StraightWalking,297,2.2597627465861785,-0.6250919721885522,5.211215056,10.13600252
COMFI,shared_with_reference,Pelvis rotation,COMFI_1847_StraightWalking,297,12.05817884546617,9.159677419696967,17.584249934,19.06636772
COMFI,shared_with_reference,Hip flexion,COMFI_1847_StraightWalking,297,5.209531792007458,3.1231253116835016,10.793521296500009,19.12702245
COMFI,shared_with_reference,Hip adduction,COMFI_1847_StraightWalking,297,2.797973643661072,-0.4045955672558923,6.578237692,11.82443246
COMFI,shared_with_reference,Hip rotation,COMFI_1847_StraightWalking,297,8.765145108044077,0.7318613210269359,14.192179036500006,27.638901950000005
COMFI,shared_with_reference,Knee flexion,COMFI_1847_StraightWalking,297,4.136475564528989,1.208584156228956,9.550854612000013,22.32256341
COMFI,shared_with_reference,Ankle flexion,COMFI_1847_StraightWalking,297,4.222730473651275,-1.3523553415993266,6.6174144880000005,30.48885444
COMFI,shared_with_reference,Subtalar,COMFI_1847_StraightWalking,297,6.566070766667174,-0.1514717856565654,11.831759603000002,16.21753483
COMFI,shared_with_reference,Pelvis tilt,COMFI_2112_CircularWalking,999,2.577748931378155,2.2371307600600603,4.425460576999999,5.08689166
COMFI,shared_with_reference,Pelvis list,COMFI_2112_CircularWalking,999,2.0090206958058023,-1.5749840066166167,3.66534445,5.19731135
COMFI,shared_with_reference,Pelvis rotation,COMFI_2112_CircularWalking,999,1.7396232189745633,0.2757344991791794,3.248180253999999,5.42118329
COMFI,shared_with_reference,Hip flexion,COMFI_2112_CircularWalking,999,2.483044127093375,-0.5858672076826826,4.625548323499997,10.87013974
COMFI,shared_with_reference,Hip adduction,COMFI_2112_CircularWalking,999,2.90868771281658,-0.07000437008008,5.712839667999999,8.08804702
COMFI,shared_with_reference,Hip rotation,COMFI_2112_CircularWalking,999,3.568412457587114,0.9601114130780782,7.310178216500001,19.80304675
COMFI,shared_with_reference,Knee flexion,COMFI_2112_CircularWalking,999,1.56601471968836,0.2105754670720721,2.401080341,13.60354039
COMFI,shared_with_reference,Ankle flexion,COMFI_2112_CircularWalking,999,4.198119595140861,0.0058839787987988,8.977261385,22.25422661
COMFI,shared_with_reference,Subtalar,COMFI_2112_CircularWalking,999,4.612516767116014,-1.4148034035985984,10.434794489,27.9446729
COMFI,shared_with_reference,Pelvis tilt,COMFI_2112_StraightWalking,262,5.776283129535633,4.108874554732824,8.916178477999999,9.33024091
COMFI,shared_with_reference,Pelvis list,COMFI_2112_StraightWalking,262,4.263350501562004,-0.7198952451526719,9.8682064265,13.852038150000002
COMFI,shared_with_reference,Pelvis rotation,COMFI_2112_StraightWalking,262,13.975185257510946,8.510491166832061,20.200243908,22.94481169
COMFI,shared_with_reference,Hip flexion,COMFI_2112_StraightWalking,262,4.346545524478643,-0.2293483375954199,9.170434918499996,20.358686559999995
COMFI,shared_with_reference,Hip adduction,COMFI_2112_StraightWalking,262,5.660657197877613,-0.5005768770610688,15.9743461705,18.87471522
COMFI,shared_with_reference,Hip rotation,COMFI_2112_StraightWalking,262,14.232402370262358,1.6971852555916034,27.342230172999965,58.29492573
COMFI,shared_with_reference,Knee flexion,COMFI_2112_StraightWalking,262,10.449339445810612,3.362339090820611,23.422939478,55.93265145
COMFI,shared_with_reference,Ankle flexion,COMFI_2112_StraightWalking,262,10.796234281819006,-1.670613166698473,26.80947873199996,42.45821916
COMFI,shared_with_reference,Subtalar,COMFI_2112_StraightWalking,262,10.413727548886603,-2.8345551267175573,19.633002522999995,33.49768012
COMFI,shared_with_reference,Pelvis tilt,COMFI_2198_CircularWalking,999,1.3214901563169728,1.0723808754154156,2.4723742709999987,3.38843026
COMFI,shared_with_reference,Pelvis list,COMFI_2198_CircularWalking,999,0.7959208458815532,0.1467757752252252,1.3723078319999995,2.0183546000000003
COMFI,shared_with_reference,Pelvis rotation,COMFI_2198_CircularWalking,999,1.679169910087443,0.436501940700701,4.08557271,4.5465509099999935
COMFI,shared_with_reference,Hip flexion,COMFI_2198_CircularWalking,999,1.6752552163814804,-0.5819536342992992,3.0938094649999983,4.740385079999999
COMFI,shared_with_reference,Hip adduction,COMFI_2198_CircularWalking,999,2.4127656234330512,-0.0755306077177177,4.1202444945,7.0285419
COMFI,shared_with_reference,Hip rotation,COMFI_2198_CircularWalking,999,2.5928983238768706,0.371218317007007,5.226547574499997,12.763671440000005
COMFI,shared_with_reference,Knee flexion,COMFI_2198_CircularWalking,999,1.101404464182412,0.2266771157357357,2.373403469499999,5.058128010000001
COMFI,shared_with_reference,Ankle flexion,COMFI_2198_CircularWalking,999,2.2007977529308533,0.4118012336386386,4.081419503499999,8.683620300000001
COMFI,shared_with_reference,Subtalar,COMFI_2198_CircularWalking,999,1.852387604251702,-0.4081916804904905,5.303373509999999,9.314424810000002
COMFI,shared_with_reference,Pelvis tilt,COMFI_2198_StraightWalking,319,3.090385133643507,1.6586209766457685,5.449324712999999,5.865073300000001
COMFI,shared_with_reference,Pelvis list,COMFI_2198_StraightWalking,319,4.5036831147852165,-1.986700656833856,10.605622397,14.93686388
COMFI,shared_with_reference,Pelvis rotation,COMFI_2198_StraightWalking,319,12.405283445718387,7.700083886802507,17.79681790599999,27.54569811
COMFI,shared_with_reference,Hip flexion,COMFI_2198_StraightWalking,319,8.641338672264878,0.1020026731818182,19.732093936,45.59340894
COMFI,shared_with_reference,Hip adduction,COMFI_2198_StraightWalking,319,5.288418044602179,-0.1098951008777429,13.699360941,21.89992691
COMFI,shared_with_reference,Hip rotation,COMFI_2198_StraightWalking,319,11.36267633380104,-0.3399660128996866,16.6995715825,49.03669717
COMFI,shared_with_reference,Knee flexion,COMFI_2198_StraightWalking,319,9.015548153455786,-1.891625124874608,24.8816460365,38.25021306
COMFI,shared_with_reference,Ankle flexion,COMFI_2198_StraightWalking,319,14.985497525884012,-3.797067035376176,33.1477553655,82.95227213
COMFI,shared_with_reference,Subtalar,COMFI_2198_StraightWalking,319,8.633907019872234,-1.6488658032445147,14.210770171,21.85036975
COMFI,shared_with_reference,Pelvis tilt,COMFI_2307_CircularWalking,999,1.119614913463966,0.3814616906206205,2.064144563,3.5775529400000003
COMFI,shared_with_reference,Pelvis list,COMFI_2307_CircularWalking,999,1.5461459839590226,-1.2904210036136137,2.4228483029999994,4.31202389
COMFI,shared_with_reference,Pelvis rotation,COMFI_2307_CircularWalking,999,2.287559208105081,0.9250456944244244,4.626012648000001,9.43127582
COMFI,shared_with_reference,Hip flexion,COMFI_2307_CircularWalking,999,3.1097111758776856,0.180468629914915,6.8210227005,10.51475175
COMFI,shared_with_reference,Hip adduction,COMFI_2307_CircularWalking,999,2.8184384680941403,-0.0280445629479479,4.725948133,6.343840200000001
COMFI,shared_with_reference,Hip rotation,COMFI_2307_CircularWalking,999,2.972636977399369,0.460613532917918,6.497998251499997,9.28886596
COMFI,shared_with_reference,Knee flexion,COMFI_2307_CircularWalking,999,1.0264099652533465,0.1377186843193192,1.9250977915,6.626366010000002
COMFI,shared_with_reference,Ankle flexion,COMFI_2307_CircularWalking,999,3.1450156285881823,-0.4773108849099099,6.6863231445,23.44570828
COMFI,shared_with_reference,Subtalar,COMFI_2307_CircularWalking,999,3.908309594006638,-1.084897937007007,8.790072469999995,15.61994788
COMFI,shared_with_reference,Pelvis tilt,COMFI_2307_StraightWalking,380,5.737505255728958,4.983235305026315,9.454981720000005,18.54539861
COMFI,shared_with_reference,Pelvis list,COMFI_2307_StraightWalking,380,2.05696131943094,0.423747671736842,5.0752512985000005,10.58309615
COMFI,shared_with_reference,Pelvis rotation,COMFI_2307_StraightWalking,380,12.959923414556073,11.034141340894736,18.611954307,20.10425688
COMFI,shared_with_reference,Hip flexion,COMFI_2307_StraightWalking,380,5.043355177178559,-0.1842802088552632,9.452234784499998,28.826818430000003
COMFI,shared_with_reference,Hip adduction,COMFI_2307_StraightWalking,380,3.181080932443132,-0.3376868328421052,6.860677533499998,13.97827151
COMFI,shared_with_reference,Hip rotation,COMFI_2307_StraightWalking,380,9.496657165363422,0.8926048323289478,13.461509383,53.30745405
COMFI,shared_with_reference,Knee flexion,COMFI_2307_StraightWalking,380,3.59295449500626,1.5409301907105262,9.093909003999991,15.48153854
COMFI,shared_with_reference,Ankle flexion,COMFI_2307_StraightWalking,380,5.459356097535535,-0.2008119802105261,9.5470186615,53.70120867
COMFI,shared_with_reference,Subtalar,COMFI_2307_StraightWalking,380,7.56235467798924,-0.8202423244473684,12.352318959,17.32229585
COMFI,shared_with_reference,Pelvis tilt,COMFI_3361_CircularWalking,999,1.014925234472703,-0.0992522835935935,2.286414557,3.3416459
COMFI,shared_with_reference,Pelvis list,COMFI_3361_CircularWalking,999,1.4900511122020008,-1.1874523069269272,2.641761479,3.615797
COMFI,shared_with_reference,Pelvis rotation,COMFI_3361_CircularWalking,999,3.2034441661902933,0.922680585115115,9.428737499,10.743555680000004
COMFI,shared_with_reference,Hip flexion,COMFI_3361_CircularWalking,999,3.1552272270873885,1.237881572972973,9.022721910999998,12.58503564
COMFI,shared_with_reference,Hip adduction,COMFI_3361_CircularWalking,999,2.944236998476109,0.0180562077427427,6.028099198499999,9.02399979
COMFI,shared_with_reference,Hip rotation,COMFI_3361_CircularWalking,999,3.2835086568703087,0.2521886317217217,7.033038011999988,11.26861529
COMFI,shared_with_reference,Knee flexion,COMFI_3361_CircularWalking,999,1.03699342410079,0.1031704106656656,1.933872265999999,5.729475379999999
COMFI,shared_with_reference,Ankle flexion,COMFI_3361_CircularWalking,999,2.205850977376849,-1.256704213718719,4.815105862,6.57980549
COMFI,shared_with_reference,Subtalar,COMFI_3361_CircularWalking,999,3.4199299232733376,-0.6997777414014014,8.145297860999996,13.32871015
COMFI,shared_with_reference,Pelvis tilt,COMFI_3361_StraightWalking,391,2.92534692593547,-0.8517513791304349,6.173835105,8.71397327
COMFI,shared_with_reference,Pelvis list,COMFI_3361_StraightWalking,391,3.3524852293833507,-1.3159432395140664,5.93853718,12.73351908
COMFI,shared_with_reference,Pelvis rotation,COMFI_3361_StraightWalking,391,10.477374057400915,6.61218062056266,15.00617359,18.0711988
COMFI,shared_with_reference,Hip flexion,COMFI_3361_StraightWalking,391,8.668320935239985,6.725903281841432,14.737878997499996,21.16012192
COMFI,shared_with_reference,Hip adduction,COMFI_3361_StraightWalking,391,3.716811048057871,-0.5397867819820972,8.561211712999992,20.55078524
COMFI,shared_with_reference,Hip rotation,COMFI_3361_StraightWalking,391,8.239887365141085,1.4625683207161138,14.3074572045,31.40412658
COMFI,shared_with_reference,Knee flexion,COMFI_3361_StraightWalking,391,5.875559651558683,2.1448523282097187,14.126466201999978,33.38107865
COMFI,shared_with_reference,Ankle flexion,COMFI_3361_StraightWalking,391,5.5217533210352725,-1.1203756141048593,11.609184860499996,37.60340871
COMFI,shared_with_reference,Subtalar,COMFI_3361_StraightWalking,391,7.097134223548655,-0.8282253532736573,12.047003262499995,27.54509841
COMFI,shared_with_reference,Pelvis tilt,COMFI_4216_CircularWalking,999,3.440088662390196,3.12636993017017,6.589065101999999,7.34243632
COMFI,shared_with_reference,Pelvis list,COMFI_4216_CircularWalking,999,3.2835506511114003,2.959941078828829,5.406053879999999,10.15156561
COMFI,shared_with_reference,Pelvis rotation,COMFI_4216_CircularWalking,999,3.3213406095893068,1.2530216011911934,9.281365481000002,11.99029066
COMFI,shared_with_reference,Hip flexion,COMFI_4216_CircularWalking,999,2.1526308676348287,-1.191097771916917,4.478128883499999,6.00622788
COMFI,shared_with_reference,Hip adduction,COMFI_4216_CircularWalking,999,3.042919904093017,0.0342816491441441,6.426122022499999,10.13260223
COMFI,shared_with_reference,Hip rotation,COMFI_4216_CircularWalking,999,2.9930636446209635,0.167311725135135,6.269178722,9.25107794
COMFI,shared_with_reference,Knee flexion,COMFI_4216_CircularWalking,999,1.4840971136549714,0.28336411993994,2.7437172299999992,8.172033990000001
COMFI,shared_with_reference,Ankle flexion,COMFI_4216_CircularWalking,999,2.6028772380579266,0.1623361023623623,4.6088198129999975,14.44287153
COMFI,shared_with_reference,Subtalar,COMFI_4216_CircularWalking,999,3.546936793488085,-0.4388604131581582,7.524100327999996,21.34250591
COMFI,shared_with_reference,Pelvis tilt,COMFI_4216_StraightWalking,376,8.101627046397429,7.240496132952129,10.911363215000002,12.53083798
COMFI,shared_with_reference,Pelvis list,COMFI_4216_StraightWalking,376,2.8947249337884697,0.912426783537234,7.52093005,14.64086739
COMFI,shared_with_reference,Pelvis rotation,COMFI_4216_StraightWalking,376,12.76318121510182,10.956258205345744,17.3400494475,17.91337531
COMFI,shared_with_reference,Hip flexion,COMFI_4216_StraightWalking,376,7.859526826094702,-6.313890217672872,11.893665788,26.18973689
COMFI,shared_with_reference,Hip adduction,COMFI_4216_StraightWalking,376,4.024921501520722,-0.1236886870611702,9.736605271499997,17.37116935
COMFI,shared_with_reference,Hip rotation,COMFI_4216_StraightWalking,376,7.9592033435716445,0.1766565864228719,11.903942717499996,16.28838967
COMFI,shared_with_reference,Knee flexion,COMFI_4216_StraightWalking,376,3.691866783881765,0.7665558387632977,6.748570899499995,27.87056153
COMFI,shared_with_reference,Ankle flexion,COMFI_4216_StraightWalking,376,4.506189054893571,2.516889739946808,8.324964823999988,33.73457574
COMFI,shared_with_reference,Subtalar,COMFI_4216_StraightWalking,376,6.5996742627852845,-0.2838608463829786,10.932605952499998,14.39195863
COMFI,shared_with_reference,Pelvis tilt,COMFI_4279_CircularWalking,999,4.335854400169337,2.4647844484084085,7.463367087999972,36.66295805
COMFI,shared_with_reference,Pelvis list,COMFI_4279_CircularWalking,999,1.873023127561464,0.0114546841641641,3.368574018999998,11.62587075
COMFI,shared_with_reference,Pelvis rotation,COMFI_4279_CircularWalking,999,5.638724105266578,2.060057074164164,10.665320520000003,52.19031061000004
COMFI,shared_with_reference,Hip flexion,COMFI_4279_CircularWalking,999,3.0549036209438425,-0.2697882507007007,5.7249868715000005,27.64947384
COMFI,shared_with_reference,Hip adduction,COMFI_4279_CircularWalking,999,3.912626354522098,0.0579200801301301,6.364049040999999,34.162979570000005
COMFI,shared_with_reference,Hip rotation,COMFI_4279_CircularWalking,999,5.860120110467283,1.3378699764964963,11.2333799895,52.21852609999999
COMFI,shared_with_reference,Knee flexion,COMFI_4279_CircularWalking,999,3.6784723261034737,-0.0016380826026026,6.296217042499993,40.42582755
COMFI,shared_with_reference,Ankle flexion,COMFI_4279_CircularWalking,999,5.823307877295281,-0.4141580689239239,9.190556461999998,58.81651551
COMFI,shared_with_reference,Subtalar,COMFI_4279_CircularWalking,999,6.54227517890944,-1.8643233236336336,14.2997618855,39.45298325
COMFI,shared_with_reference,Pelvis tilt,COMFI_4279_StraightWalking,271,4.37160424003557,0.3902205403690038,7.28190217,18.72119003
COMFI,shared_with_reference,Pelvis list,COMFI_4279_StraightWalking,271,5.8095402757985575,-2.929104249926199,13.721503675,24.44388865
COMFI,shared_with_reference,Pelvis rotation,COMFI_4279_StraightWalking,271,15.469404556943635,9.038229588191882,21.73437429,31.17621027
COMFI,shared_with_reference,Hip flexion,COMFI_4279_StraightWalking,271,9.423885247258118,5.274255246070111,17.151394093999986,58.19049926
COMFI,shared_with_reference,Hip adduction,COMFI_4279_StraightWalking,271,5.290968691565823,-0.5807382648523985,14.358262269499953,27.96337762
COMFI,shared_with_reference,Hip rotation,COMFI_4279_StraightWalking,271,15.489015015928809,3.5122360593357924,32.803256151499966,53.74062228
COMFI,shared_with_reference,Knee flexion,COMFI_4279_StraightWalking,271,9.866964463114474,3.306875822841328,15.75933243299999,60.10297078
COMFI,shared_with_reference,Ankle flexion,COMFI_4279_StraightWalking,271,7.078931738544784,-1.0537568803690038,14.514512481499994,31.94821098
COMFI,shared_with_reference,Subtalar,COMFI_4279_StraightWalking,271,11.05924458939868,-5.155289163634686,25.503749637999995,36.54927782
COMFI,shared_with_reference,Pelvis tilt,COMFI_4509_CircularWalking,999,5.1527173645670326,1.6784537311311312,4.266259600999999,54.00011353000001
COMFI,shared_with_reference,Pelvis list,COMFI_4509_CircularWalking,999,3.703555117535294,1.5266279774074074,5.922071184999986,40.51727
COMFI,shared_with_reference,Pelvis rotation,COMFI_4509_CircularWalking,999,15.478808810697144,2.3468882457657645,5.487342856,226.69616023000003
COMFI,shared_with_reference,Hip flexion,COMFI_4509_CircularWalking,999,3.661607586054,-0.7249321288188189,4.710476422999996,59.24916111
COMFI,shared_with_reference,Hip adduction,COMFI_4509_CircularWalking,999,3.62067042277279,-0.2965929448348349,5.705403174499999,29.62089382
COMFI,shared_with_reference,Hip rotation,COMFI_4509_CircularWalking,999,9.112424463861656,0.4473608718918919,8.143884262499997,109.87343905
COMFI,shared_with_reference,Knee flexion,COMFI_4509_CircularWalking,999,2.905137340780437,-0.0636454053203203,5.215188543499996,33.25133928
COMFI,shared_with_reference,Ankle flexion,COMFI_4509_CircularWalking,999,6.648007217738423,-0.2613057371771771,7.258755474999999,69.94404285
COMFI,shared_with_reference,Subtalar,COMFI_4509_CircularWalking,999,4.935448960214689,-0.3172017127327327,9.821937965499998,39.42771806
COMFI,shared_with_reference,Pelvis tilt,COMFI_4509_StraightWalking,268,5.321318963598537,4.025912253171642,8.914261438,9.06576065
COMFI,shared_with_reference,Pelvis list,COMFI_4509_StraightWalking,268,3.1777834281629938,0.4826873596268657,9.216255427000002,11.506842509999998
COMFI,shared_with_reference,Pelvis rotation,COMFI_4509_StraightWalking,268,12.249743722410493,8.85291400988806,19.225399712999995,20.39992373
COMFI,shared_with_reference,Hip flexion,COMFI_4509_StraightWalking,268,5.175608090309564,-0.0532381757462686,8.71597255,33.05753922
COMFI,shared_with_reference,Hip adduction,COMFI_4509_StraightWalking,268,4.146012265240788,-0.3559796578358209,10.404847425,15.47124313
COMFI,shared_with_reference,Hip rotation,COMFI_4509_StraightWalking,268,10.486260062212606,2.269634434197761,13.7927116725,58.81086241
COMFI,shared_with_reference,Knee flexion,COMFI_4509_StraightWalking,268,3.904279175553988,0.9277303013992536,9.5143950975,15.60562945
COMFI,shared_with_reference,Ankle flexion,COMFI_4509_StraightWalking,268,9.54787315319236,0.4218582533022387,22.83719908,53.65781383
COMFI,shared_with_reference,Subtalar,COMFI_4509_StraightWalking,268,7.582478633055867,-0.913934560652985,12.6532202975,26.05772526
COMFI,shared_with_reference,Pelvis tilt,COMFI_4612_CircularWalking,999,2.5649595612081955,2.1043251802802803,4.852405779999996,7.03338344
COMFI,shared_with_reference,Pelvis list,COMFI_4612_CircularWalking,999,1.380011611872512,-0.9773859884184184,2.891700771,4.24542559
COMFI,shared_with_reference,Pelvis rotation,COMFI_4612_CircularWalking,999,2.615688799752377,0.7845616372572574,5.542578180999996,9.76780114
COMFI,shared_with_reference,Hip flexion,COMFI_4612_CircularWalking,999,1.291525020241373,-0.5032650067517517,2.5693031345,5.1128059
COMFI,shared_with_reference,Hip adduction,COMFI_4612_CircularWalking,999,2.118114146030759,0.0542728554004004,3.8973166465,8.94769273
COMFI,shared_with_reference,Hip rotation,COMFI_4612_CircularWalking,999,2.622482543857412,0.3792797730130129,5.479727129499997,10.46562974
COMFI,shared_with_reference,Knee flexion,COMFI_4612_CircularWalking,999,1.641779692392422,0.2436503744044043,3.4443886525,7.454290220000001
COMFI,shared_with_reference,Ankle flexion,COMFI_4612_CircularWalking,999,2.1256938850453726,0.46347575009009,4.1415416625,10.06417662
COMFI,shared_with_reference,Subtalar,COMFI_4612_CircularWalking,999,2.9915225729963035,-0.5777324463213211,6.614573118999997,11.96242584
COMFI,shared_with_reference,Pelvis tilt,COMFI_4612_StraightWalking,372,7.859694057981895,5.488380862795699,12.195088567,12.41355485
COMFI,shared_with_reference,Pelvis list,COMFI_4612_StraightWalking,372,2.530758225825438,-0.9146030327688172,4.387870922499999,15.64815587
COMFI,shared_with_reference,Pelvis rotation,COMFI_4612_StraightWalking,372,12.001589013327647,6.210208258817205,16.6025485575,17.53604403
COMFI,shared_with_reference,Hip flexion,COMFI_4612_StraightWalking,372,7.067866148004008,-1.3240736864650535,11.710435252500004,24.79798122
COMFI,shared_with_reference,Hip adduction,COMFI_4612_StraightWalking,372,3.146164854353569,-0.4088706195967742,6.226041864000002,16.99268206
COMFI,shared_with_reference,Hip rotation,COMFI_4612_StraightWalking,372,8.865767470163656,2.0526282195967744,13.505848802,33.25391867
COMFI,shared_with_reference,Knee flexion,COMFI_4612_StraightWalking,372,4.893437585840463,2.43070749516129,9.650409572,22.68106418
COMFI,shared_with_reference,Ankle flexion,COMFI_4612_StraightWalking,372,7.22661915378388,0.9086791345161292,12.767246012000005,63.69614527
COMFI,shared_with_reference,Subtalar,COMFI_4612_StraightWalking,372,6.176030644216981,-0.7854455348118278,11.756577651,22.09460388
COMFI,shared_with_reference,Pelvis tilt,COMFI_4665_CircularWalking,999,2.5347480320162257,1.4669449612912913,3.793187658999999,21.25274523
COMFI,shared_with_reference,Pelvis list,COMFI_4665_CircularWalking,999,1.8484687990930613,0.8884664230330329,2.352756642,15.27606274
COMFI,shared_with_reference,Pelvis rotation,COMFI_4665_CircularWalking,999,6.193388586468775,1.834369695935936,11.225306635999994,56.64935755000005
COMFI,shared_with_reference,Hip flexion,COMFI_4665_CircularWalking,999,2.201198056606273,-0.3456597946946947,3.0825084985,28.158881749999995
COMFI,shared_with_reference,Hip adduction,COMFI_4665_CircularWalking,999,2.4150377192041663,0.1159522496896897,4.198856502499999,10.2683555
COMFI,shared_with_reference,Hip rotation,COMFI_4665_CircularWalking,999,4.939705732373493,0.4726795598398399,7.534389764499995,56.9687474
COMFI,shared_with_reference,Knee flexion,COMFI_4665_CircularWalking,999,1.4065229804513004,0.2198253024924925,2.3939338294999986,9.4316073
COMFI,shared_with_reference,Ankle flexion,COMFI_4665_CircularWalking,999,2.3797709565031724,0.453325033063063,3.9546113965,12.25699781
COMFI,shared_with_reference,Subtalar,COMFI_4665_CircularWalking,999,4.068162307592241,-0.7205745415015015,9.373056654999989,30.43824929
COMFI,shared_with_reference,Pelvis tilt,COMFI_4665_StraightWalking,310,4.947280929509099,3.818713833483872,6.866364223500001,10.26284089
COMFI,shared_with_reference,Pelvis list,COMFI_4665_StraightWalking,310,7.008542988939809,-1.586115737032258,18.935408905500005,24.17409807
COMFI,shared_with_reference,Pelvis rotation,COMFI_4665_StraightWalking,310,16.54322428093577,11.317026760258068,22.8080888705,26.61414048
COMFI,shared_with_reference,Hip flexion,COMFI_4665_StraightWalking,310,8.672974917594598,2.2442365362580645,21.458671438499987,39.86592438
COMFI,shared_with_reference,Hip adduction,COMFI_4665_StraightWalking,310,7.12558904231928,0.3015462925645162,18.108981767999985,25.60005575
COMFI,shared_with_reference,Hip rotation,COMFI_4665_StraightWalking,310,16.869986167669325,-1.465086547096774,25.147794105999992,80.5429349
COMFI,shared_with_reference,Knee flexion,COMFI_4665_StraightWalking,310,9.123745775976207,-1.2673636262258068,17.963002575500003,55.21113755
COMFI,shared_with_reference,Ankle flexion,COMFI_4665_StraightWalking,310,12.232970134099366,-3.599045286467742,31.262189813999967,53.03087106
COMFI,shared_with_reference,Subtalar,COMFI_4665_StraightWalking,310,6.747002977613352,0.0830509739838707,12.7695517185,22.20912472
I-MOVE-23,shared_with_reference,Pelvis tilt,IMOVE-23_subject10,1930,0.5067403573745466,-0.266247482373057,0.8714205024999998,2.44562674
I-MOVE-23,shared_with_reference,Pelvis list,IMOVE-23_subject10,1930,0.4300328462237182,-0.1100205102124352,0.8806585374999998,1.6873752399999995
I-MOVE-23,shared_with_reference,Pelvis rotation,IMOVE-23_subject10,1930,1.2227057748472785,-0.3877761081036266,1.8621459629999928,12.06359147
I-MOVE-23,shared_with_reference,Hip flexion,IMOVE-23_subject10,1930,0.6921648344157019,0.0522622963860103,1.1116771635000005,7.51226685
I-MOVE-23,shared_with_reference,Hip adduction,IMOVE-23_subject10,1930,0.595230100405658,-0.0562579433393782,1.0520185374999995,5.75874519
I-MOVE-23,shared_with_reference,Hip rotation,IMOVE-23_subject10,1930,1.0139017969226132,-0.0058351875440414,1.9282146325,7.926988399999999
I-MOVE-23,shared_with_reference,Knee flexion,IMOVE-23_subject10,1930,0.5474097400621111,-0.0620062598782383,0.9403902445000004,8.41478244
I-MOVE-23,shared_with_reference,Ankle flexion,IMOVE-23_subject10,1930,0.8537109450107462,0.0412357126606217,1.6391606275,6.0528043700000005
I-MOVE-23,shared_with_reference,Subtalar,IMOVE-23_subject10,1930,0.94525998767769,0.047665238753886,1.8763945450000004,7.05666669
I-MOVE-23,shared_with_reference,Pelvis tilt,IMOVE-23_subject11,1440,1.609806693918718,-1.3394040249166663,2.656145997499999,4.500766469999999
I-MOVE-23,shared_with_reference,Pelvis list,IMOVE-23_subject11,1440,1.1322775091467363,0.3814990931319444,2.0673786945,3.34752298
I-MOVE-23,shared_with_reference,Pelvis rotation,IMOVE-23_subject11,1440,1.4390205600882942,-0.2761534133402771,2.171366915499982,13.922862169999974
I-MOVE-23,shared_with_reference,Hip flexion,IMOVE-23_subject11,1440,0.9320132981960288,0.5348234090243055,1.4528754704999982,7.821522120000001
I-MOVE-23,shared_with_reference,Hip adduction,IMOVE-23_subject11,1440,1.1177709254485928,-0.0012014529548611,1.9991917235,3.81626759
I-MOVE-23,shared_with_reference,Hip rotation,IMOVE-23_subject11,1440,1.1804996724743826,-0.0821567076354167,2.1131445504999986,10.83842013
I-MOVE-23,shared_with_reference,Knee flexion,IMOVE-23_subject11,1440,0.9411375978326536,-0.4300743538125,1.744261095999999,6.209128019999999
I-MOVE-23,shared_with_reference,Ankle flexion,IMOVE-23_subject11,1440,1.3324581658314236,-0.1299387131180555,2.446278254999998,7.101663730000001
I-MOVE-23,shared_with_reference,Subtalar,IMOVE-23_subject11,1440,1.3816911890420718,0.2350067543888888,2.5667143635,12.17025442
I-MOVE-23,shared_with_reference,Pelvis tilt,IMOVE-23_subject12,1680,0.5737346273402287,-0.361133251297619,0.998696782,2.38904918
I-MOVE-23,shared_with_reference,Pelvis list,IMOVE-23_subject12,1680,0.3970744601478327,-0.1801563677797619,0.7523528359999995,1.93680397
I-MOVE-23,shared_with_reference,Pelvis rotation,IMOVE-23_subject12,1680,0.819654845144561,-0.1235799606011908,0.9855270219999978,6.615558399999998
I-MOVE-23,shared_with_reference,Hip flexion,IMOVE-23_subject12,1680,0.4781348594006008,0.1966767039136904,0.6609512274999969,6.80158383
I-MOVE-23,shared_with_reference,Hip adduction,IMOVE-23_subject12,1680,0.4640689463301375,0.0285122167797619,0.8062630559999988,3.63505667
I-MOVE-23,shared_with_reference,Hip rotation,IMOVE-23_subject12,1680,0.661730728168381,-0.0837505539464285,1.1207131774999992,4.852870810000001
I-MOVE-23,shared_with_reference,Knee flexion,IMOVE-23_subject12,1680,0.5160148245330476,-0.3250038625148809,0.8163126005000013,4.470677690000002
I-MOVE-23,shared_with_reference,Ankle flexion,IMOVE-23_subject12,1680,0.6882883904842749,-0.108861693532738,1.180521716,7.8300295
I-MOVE-23,shared_with_reference,Subtalar,IMOVE-23_subject12,1680,0.79844511460261,0.1589978762827381,1.5168560699999998,6.541865229999999
I-MOVE-23,shared_with_reference,Pelvis tilt,IMOVE-23_subject13,1395,1.0488272697024985,-0.6643276229103943,1.955401324,3.79829773
I-MOVE-23,shared_with_reference,Pelvis list,IMOVE-23_subject13,1395,0.907671167830101,0.0213185210394265,1.78694854,4.625757760000001
I-MOVE-23,shared_with_reference,Pelvis rotation,IMOVE-23_subject13,1395,1.3907811439531337,-0.051332214301075,2.5840529789999915,13.262298579999992
I-MOVE-23,shared_with_reference,Hip flexion,IMOVE-23_subject13,1395,0.8803922646520467,0.1391057343333333,1.6857904275000002,6.02389621
I-MOVE-23,shared_with_reference,Hip adduction,IMOVE-23_subject13,1395,1.041344284557106,-0.0212637489605735,2.1938114264999977,5.64415393
I-MOVE-23,shared_with_reference,Hip rotation,IMOVE-23_subject13,1395,1.486189212733706,-0.432225195125448,3.160274486499997,10.850691929999998
I-MOVE-23,shared_with_reference,Knee flexion,IMOVE-23_subject13,1395,1.1570520082414937,-0.7181471458494624,2.1395063324999963,8.700628299999998
I-MOVE-23,shared_with_reference,Ankle flexion,IMOVE-23_subject13,1395,1.529675686709394,-0.3050671317204301,3.0293416774999966,14.340370030000004
I-MOVE-23,shared_with_reference,Subtalar,IMOVE-23_subject13,1395,1.6055500262621656,0.3195805629641577,3.3910287234999976,14.2704994
I-MOVE-23,shared_with_reference,Pelvis tilt,IMOVE-23_subject2,1395,0.7881671474315318,-0.3631673394193548,0.8603174539999999,7.52004786
I-MOVE-23,shared_with_reference,Pelvis list,IMOVE-23_subject2,1395,0.5385211505211982,-0.3075557896344086,0.8957670479999997,3.0295847700000014
I-MOVE-23,shared_with_reference,Pelvis rotation,IMOVE-23_subject2,1395,1.7912012667048796,-0.3188163608960562,2.805981746999975,17.705889300000024
I-MOVE-23,shared_with_reference,Hip flexion,IMOVE-23_subject2,1395,1.1491244496206487,0.0692724659462365,2.4774265599999987,11.90465472
I-MOVE-23,shared_with_reference,Hip adduction,IMOVE-23_subject2,1395,0.6763877498022349,0.0520322669139784,1.057977892999999,7.96336547
I-MOVE-23,shared_with_reference,Hip rotation,IMOVE-23_subject2,1395,1.5015095820440088,0.0363383748530465,2.566431743499991,14.21629548
I-MOVE-23,shared_with_reference,Knee flexion,IMOVE-23_subject2,1395,0.8578014611372138,0.1202991423476703,1.6881349629999944,7.13570643
I-MOVE-23,shared_with_reference,Ankle flexion,IMOVE-23_subject2,1395,0.9590873767266626,0.2803272748387097,1.8490970679999992,9.17597792
I-MOVE-23,shared_with_reference,Subtalar,IMOVE-23_subject2,1395,1.3952480316431697,0.1923324698853046,2.341264785499993,13.84354633
I-MOVE-23,shared_with_reference,Pelvis tilt,IMOVE-23_subject3,1485,0.5422043201330023,-0.0639440415622895,1.0191186639999998,2.05771811
I-MOVE-23,shared_with_reference,Pelvis list,IMOVE-23_subject3,1485,0.6003099234083282,-0.2973287379528619,1.1247458,1.7516907700000002
I-MOVE-23,shared_with_reference,Pelvis rotation,IMOVE-23_subject3,1485,0.6780618400485023,0.2121958777845125,1.4577147039999885,3.89502763
I-MOVE-23,shared_with_reference,Hip flexion,IMOVE-23_subject3,1485,0.4909023397270111,0.1993822177811448,0.8437796129999993,4.250721650000003
I-MOVE-23,shared_with_reference,Hip adduction,IMOVE-23_subject3,1485,0.5833346152409542,-0.0196780160909091,1.102504691499998,2.0166486
I-MOVE-23,shared_with_reference,Hip rotation,IMOVE-23_subject3,1485,0.7398119036020041,-0.0344373954949494,1.4461156489999965,5.7050315000000005
I-MOVE-23,shared_with_reference,Knee flexion,IMOVE-23_subject3,1485,0.6389498075160323,-0.2083359676060606,1.0214357575000002,12.4362293
I-MOVE-23,shared_with_reference,Ankle flexion,IMOVE-23_subject3,1485,0.8936360928244906,0.0450483891245791,1.5947130179999995,6.401122699999999
I-MOVE-23,shared_with_reference,Subtalar,IMOVE-23_subject3,1485,0.9521525070955704,0.2729354263670034,1.666547501,9.62677051
I-MOVE-23,shared_with_reference,Pelvis tilt,IMOVE-23_subject4,1710,0.3786085774258046,0.1513710694619883,0.6700544505000002,2.2738307
I-MOVE-23,shared_with_reference,Pelvis list,IMOVE-23_subject4,1710,0.3396885701847209,0.1240952968070175,0.5947206804999999,3.08586136
I-MOVE-23,shared_with_reference,Pelvis rotation,IMOVE-23_subject4,1710,0.4111488781749571,-0.0819073453567251,0.8562638594999681,2.41162301
I-MOVE-23,shared_with_reference,Hip flexion,IMOVE-23_subject4,1710,0.4577735447906069,0.0483778455701754,0.5099841080000004,7.52495699
I-MOVE-23,shared_with_reference,Hip adduction,IMOVE-23_subject4,1710,0.4057485364918455,-3.0581432748514698e-06,0.6062615449999995,4.18817392
I-MOVE-23,shared_with_reference,Hip rotation,IMOVE-23_subject4,1710,0.4657000307058893,-0.0414552858274853,0.979329765,2.4505864400000004
I-MOVE-23,shared_with_reference,Knee flexion,IMOVE-23_subject4,1710,0.4628350056179776,-0.1359865976695906,0.6467959290000007,7.418640489999998
I-MOVE-23,shared_with_reference,Ankle flexion,IMOVE-23_subject4,1710,0.8552043620947324,0.0270169755292397,0.9458852045000014,17.379376960000002
I-MOVE-23,shared_with_reference,Subtalar,IMOVE-23_subject4,1710,0.7668650003357103,0.0947744642222222,1.1461499509999995,13.30129661
I-MOVE-23,shared_with_reference,Pelvis tilt,IMOVE-23_subject5,1550,1.064202163336596,-0.1921478503096774,1.8609611039999991,3.22733806
I-MOVE-23,shared_with_reference,Pelvis list,IMOVE-23_subject5,1550,0.8977622642171569,-0.5356068870193549,1.8797025684999995,2.95994007
I-MOVE-23,shared_with_reference,Pelvis rotation,IMOVE-23_subject5,1550,0.6466689418206428,-0.0606539868903232,1.158029139500007,5.260552400000023
I-MOVE-23,shared_with_reference,Hip flexion,IMOVE-23_subject5,1550,0.9434834882335404,0.6018797916451614,1.5080118449999989,7.73745232
I-MOVE-23,shared_with_reference,Hip adduction,IMOVE-23_subject5,1550,0.7012211784886506,-0.0263956648967741,1.411015256499998,2.25169689
I-MOVE-23,shared_with_reference,Hip rotation,IMOVE-23_subject5,1550,0.701807150308326,-0.1592519637903225,1.364386004,3.85995476
I-MOVE-23,shared_with_reference,Knee flexion,IMOVE-23_subject5,1550,0.8071346053427845,-0.4774964985774194,1.588711163,4.638911490000002
I-MOVE-23,shared_with_reference,Ankle flexion,IMOVE-23_subject5,1550,1.2484049885371715,-0.2109958013903225,1.5709695089999998,23.35345281
I-MOVE-23,shared_with_reference,Subtalar,IMOVE-23_subject5,1550,0.9712466898706535,0.3264196935451612,1.8160751044999992,9.026705710000002
I-MOVE-23,shared_with_reference,Pelvis tilt,IMOVE-23_subject6,1550,0.6291637400798679,-0.0941552684451612,1.1592617625,2.936622119999999
I-MOVE-23,shared_with_reference,Pelvis list,IMOVE-23_subject6,1550,0.596324529563942,0.3287325051096774,1.117668773,2.2552127900000003
I-MOVE-23,shared_with_reference,Pelvis rotation,IMOVE-23_subject6,1550,0.878246366808016,-0.2337076481032255,2.0354142550000343,6.747268509999913
I-MOVE-23,shared_with_reference,Hip flexion,IMOVE-23_subject6,1550,0.8209968549896618,0.223894012948387,1.4358454984999989,9.77002881
I-MOVE-23,shared_with_reference,Hip adduction,IMOVE-23_subject6,1550,0.6018479896128525,-0.0306988730225806,1.1482361839999995,3.3717924099999994
I-MOVE-23,shared_with_reference,Hip rotation,IMOVE-23_subject6,1550,0.929915706175139,-0.1220190390419354,1.825322596499999,9.23156552
I-MOVE-23,shared_with_reference,Knee flexion,IMOVE-23_subject6,1550,0.7081720927022637,-0.2335091140419355,1.231178579999998,6.805024209999999
I-MOVE-23,shared_with_reference,Ankle flexion,IMOVE-23_subject6,1550,0.924954092482164,0.0419923860580645,1.6553518204999993,8.2871969
I-MOVE-23,shared_with_reference,Subtalar,IMOVE-23_subject6,1550,1.0069121685961062,0.3307073124483871,2.037781685499995,6.48724661
I-MOVE-23,shared_with_reference,Pelvis tilt,IMOVE-23_subject7,1370,0.7520082404815805,0.1607143135912408,1.025355165,6.85776123
I-MOVE-23,shared_with_reference,Pelvis list,IMOVE-23_subject7,1370,1.0054092180781962,0.3757627174525547,1.6445097229999974,7.05902334
I-MOVE-23,shared_with_reference,Pelvis rotation,IMOVE-23_subject7,1370,4.81453707878053,-1.0678804507883202,4.945221731499983,39.5905946
I-MOVE-23,shared_with_reference,Hip flexion,IMOVE-23_subject7,1370,2.2152225124551363,-0.0106021543576642,4.009978820999982,26.21786855
I-MOVE-23,shared_with_reference,Hip adduction,IMOVE-23_subject7,1370,1.6749016322034815,-0.1154436993722627,1.783161553999998,21.49907457
I-MOVE-23,shared_with_reference,Hip rotation,IMOVE-23_subject7,1370,3.3896287589115293,0.0319022022737225,4.224953063499997,34.02112658
I-MOVE-23,shared_with_reference,Knee flexion,IMOVE-23_subject7,1370,1.651732180577706,-0.102194979419708,2.576037886,15.94521801
I-MOVE-23,shared_with_reference,Ankle flexion,IMOVE-23_subject7,1370,0.8829851144001348,-0.0713665727773722,1.5179811644999934,11.09725209
I-MOVE-23,shared_with_reference,Subtalar,IMOVE-23_subject7,1370,1.923617595427808,-0.1570676840802919,2.1944423754999995,20.11189172
I-MOVE-23,shared_with_reference,Pelvis tilt,IMOVE-23_subject9,1440,0.6152426698897427,0.3545324746944444,1.0073824534999998,2.83754596
I-MOVE-23,shared_with_reference,Pelvis list,IMOVE-23_subject9,1440,1.7610394041080637,1.6826328269166668,2.2548046035,3.35950913
I-MOVE-23,shared_with_reference,Pelvis rotation,IMOVE-23_subject9,1440,1.0707278364646151,-0.1961818803125006,2.107009086000045,8.65083919
I-MOVE-23,shared_with_reference,Hip flexion,IMOVE-23_subject9,1440,0.7461654421888079,0.0582359098298611,1.2326890609999963,7.3625404399999965
I-MOVE-23,shared_with_reference,Hip adduction,IMOVE-23_subject9,1440,0.6137067615615144,-0.041027735548611,1.065982792999996,4.20408897
I-MOVE-23,shared_with_reference,Hip rotation,IMOVE-23_subject9,1440,1.0253252971916518,-0.0556917858020833,2.102945496499998,10.98681071
I-MOVE-23,shared_with_reference,Knee flexion,IMOVE-23_subject9,1440,0.732181981515078,-0.2372164851909722,1.3795243660000007,9.075930739999997
I-MOVE-23,shared_with_reference,Ankle flexion,IMOVE-23_subject9,1440,1.1324724350949626,-0.1035644900972222,1.5527591559999965,16.89804917
I-MOVE-23,shared_with_reference,Subtalar,IMOVE-23_subject9,1440,0.8234252831998974,-0.04771747684375,1.4818841815,7.89085062
LBMC,shared_with_reference,Pelvis tilt,LBMC_p1_gait,1199,0.1458941932008049,-0.0934752331359466,0.284530792,0.5309076299999997
LBMC,shared_with_reference,Pelvis list,LBMC_p1_gait,1199,0.6087854258025897,0.4360774366388657,0.9985763100000004,1.3495175699999995
LBMC,shared_with_reference,Pelvis rotation,LBMC_p1_gait,1199,0.8652221944922173,0.5203339616346956,1.94831047,3.8727506
LBMC,shared_with_reference,Hip flexion,LBMC_p1_gait,1199,0.3866007167567034,0.1653222105254379,0.6983896244999988,1.38996804
LBMC,shared_with_reference,Hip adduction,LBMC_p1_gait,1199,0.4495260118295375,-0.0512662770809007,0.7848327825000007,1.8662165900000005
LBMC,shared_with_reference,Hip rotation,LBMC_p1_gait,1199,0.6299656236226487,0.0710057072435362,1.2870665545000004,4.0994971300000005
LBMC,shared_with_reference,Knee flexion,LBMC_p1_gait,1199,0.4738498106788386,0.3456311880066722,0.9040075445000028,1.3689854200000011
LBMC,shared_with_reference,Ankle flexion,LBMC_p1_gait,1199,0.7536591487866191,0.5962685025729775,1.2314422070000006,2.315269020000001
LBMC,shared_with_reference,Subtalar,LBMC_p1_gait,1199,0.7580963217439334,0.1650104898331943,1.5689629275000003,3.4972514
LBMC,shared_with_reference,Pelvis tilt,LBMC_p2_gait,1199,1.776271321391132,1.7709417156880731,2.012065482,2.2290562300000003
LBMC,shared_with_reference,Pelvis list,LBMC_p2_gait,1199,0.6563883765610824,0.3142415667806506,1.216992609,1.49669277
LBMC,shared_with_reference,Pelvis rotation,LBMC_p2_gait,1199,0.611618723552846,0.2143062349958298,1.337082935,2.24525846
LBMC,shared_with_reference,Hip flexion,LBMC_p2_gait,1199,0.4185846779559583,0.1800886070100083,0.6911734520000017,1.0996533300000009
LBMC,shared_with_reference,Hip adduction,LBMC_p2_gait,1199,0.6569171356004915,-0.0510667003711426,1.135106994,1.6038331600000006
LBMC,shared_with_reference,Hip rotation,LBMC_p2_gait,1199,0.4724509337145103,0.0173805972310258,1.0331273565000012,1.8707793
LBMC,shared_with_reference,Knee flexion,LBMC_p2_gait,1199,0.9486704659855808,0.8417084976939115,1.440086897999998,2.001328189999999
LBMC,shared_with_reference,Ankle flexion,LBMC_p2_gait,1199,1.3250198851099828,0.7983709796330274,2.2182844545000004,2.81094796
LBMC,shared_with_reference,Subtalar,LBMC_p2_gait,1199,0.6033805443973118,0.3260623516722268,1.1863739075000002,2.91064883
OpenCap,shared_with_reference,Pelvis tilt,OpenCap_subject10_walking1_sync2,137,0.8641887972362445,0.8083300016058395,1.4190565299999998,1.5679353
OpenCap,shared_with_reference,Pelvis list,OpenCap_subject10_walking1_sync2,137,0.3898263391009545,-0.1290168716788321,0.6798007939999998,0.8865630500000004
OpenCap,shared_with_reference,Pelvis rotation,OpenCap_subject10_walking1_sync2,137,0.2874869639201961,0.2294836099999999,0.5209667580000004,0.7304819999999994
OpenCap,shared_with_reference,Hip flexion,OpenCap_subject10_walking1_sync2,137,0.2533483518329211,-0.0515733598905108,0.4671435460000012,0.5971697099999993
OpenCap,shared_with_reference,Hip adduction,OpenCap_subject10_walking1_sync2,137,0.4138196262939924,0.017893582189781,0.8846679154999998,0.97825631
OpenCap,shared_with_reference,Hip rotation,OpenCap_subject10_walking1_sync2,137,0.3516534994737504,0.0115176285766423,0.6522785259999992,1.14798414
OpenCap,shared_with_reference,Knee flexion,OpenCap_subject10_walking1_sync2,137,0.4181389961704307,0.0745410140510948,0.9366022415000004,1.3339592600000003
OpenCap,shared_with_reference,Ankle flexion,OpenCap_subject10_walking1_sync2,137,0.6385089597884486,-0.0729630200729927,1.261207009,1.9105905199999995
OpenCap,shared_with_reference,Subtalar,OpenCap_subject10_walking1_sync2,137,0.4825625432809792,-0.0404531848175182,0.9426537644999992,2.34458111
OpenCap,shared_with_reference,Pelvis tilt,OpenCap_subject10_walking2_sync2,115,0.6539905538041134,0.6364386151304349,0.880850383,0.90717224
OpenCap,shared_with_reference,Pelvis list,OpenCap_subject10_walking2_sync2,115,0.3521313190952314,-0.1376626580869565,0.6558175159999998,0.8497494400000001
OpenCap,shared_with_reference,Pelvis rotation,OpenCap_subject10_walking2_sync2,115,0.1794150672773508,-0.0716075839130435,0.3385271279999999,0.6549442799999999
OpenCap,shared_with_reference,Hip flexion,OpenCap_subject10_walking2_sync2,115,0.2884533438481988,-0.0059048681304347,0.5654975210000008,1.282689099999999
OpenCap,shared_with_reference,Hip adduction,OpenCap_subject10_walking2_sync2,115,0.3617090772410279,-0.0193230669130434,0.7550789185000002,0.8913061899999999
OpenCap,shared_with_reference,Hip rotation,OpenCap_subject10_walking2_sync2,115,0.3437205742708606,0.0211902740434782,0.6583303215,0.97137838
OpenCap,shared_with_reference,Knee flexion,OpenCap_subject10_walking2_sync2,115,0.3155863218079449,-0.0050093443478261,0.6203649699999984,1.0011751600000025
OpenCap,shared_with_reference,Ankle flexion,OpenCap_subject10_walking2_sync2,115,0.4593220428375614,-0.1317450302173913,0.8983448424999996,1.26042561
OpenCap,shared_with_reference,Subtalar,OpenCap_subject10_walking2_sync2,115,0.4355082279804311,-0.0638325383913044,0.8210309659999997,2.13455068
OpenCap,shared_with_reference,Pelvis tilt,OpenCap_subject11_walking2_sync2,108,0.4877906374934734,0.4784075101851852,0.6470045984999999,0.7937555599999999
OpenCap,shared_with_reference,Pelvis list,OpenCap_subject11_walking2_sync2,108,0.6793614329059702,-0.6118099257407408,1.1296394284999995,1.22138042
OpenCap,shared_with_reference,Pelvis rotation,OpenCap_subject11_walking2_sync2,108,0.1947590610638074,0.0883989772222221,0.3220903640000007,0.4340633600000001
OpenCap,shared_with_reference,Hip flexion,OpenCap_subject11_walking2_sync2,108,0.3255539614462333,0.0609081640277778,0.6114856150000003,0.826281299999998
OpenCap,shared_with_reference,Hip adduction,OpenCap_subject11_walking2_sync2,108,0.3227654964760251,0.0120877568981481,0.6144520775,0.7926312000000006
OpenCap,shared_with_reference,Hip rotation,OpenCap_subject11_walking2_sync2,108,0.3114981358878745,0.1186814401851851,0.6604643250000003,1.2041928300000002
OpenCap,shared_with_reference,Knee flexion,OpenCap_subject11_walking2_sync2,108,0.566083252825856,-0.2259626592129631,1.3912562199999965,1.9091578200000043
OpenCap,shared_with_reference,Ankle flexion,OpenCap_subject11_walking2_sync2,108,0.4867370563441577,-0.0721430994444444,1.0855691700000003,1.4527218299999998
OpenCap,shared_with_reference,Subtalar,OpenCap_subject11_walking2_sync2,108,0.6270629992301109,-0.3306275978703702,1.2170336174999987,2.2906024999999994
OpenCap,shared_with_reference,Pelvis tilt,OpenCap_subject11_walking3_sync2,112,0.2254755444479225,0.1665220990178571,0.4414326555000002,0.4774981900000004
OpenCap,shared_with_reference,Pelvis list,OpenCap_subject11_walking3_sync2,112,0.8469205412666658,-0.636674718125,1.4345299,1.4815271500000002
OpenCap,shared_with_reference,Pelvis rotation,OpenCap_subject11_walking3_sync2,112,0.1611523313203474,-0.0494783635714284,0.2841960079999999,0.3453006499999995
OpenCap,shared_with_reference,Hip flexion,OpenCap_subject11_walking3_sync2,112,0.3845791544921788,0.1205745392410715,0.6746607975000002,1.310792769999999
OpenCap,shared_with_reference,Hip adduction,OpenCap_subject11_walking3_sync2,112,0.511800550861532,-0.0839374342410714,0.9003745119999998,1.34172783
OpenCap,shared_with_reference,Hip rotation,OpenCap_subject11_walking3_sync2,112,0.459800487136196,-0.0545921697321428,0.8632175439999994,1.3020464499999989
OpenCap,shared_with_reference,Knee flexion,OpenCap_subject11_walking3_sync2,112,0.8237733767228029,-0.6059473979910717,1.61470995800001,2.278042450000001
OpenCap,shared_with_reference,Ankle flexion,OpenCap_subject11_walking3_sync2,112,0.677656651395874,-0.0250957864285714,1.3126423195,2.7697770399999992
OpenCap,shared_with_reference,Subtalar,OpenCap_subject11_walking3_sync2,112,0.6453828192595734,0.0596992275446429,1.3047858129999998,2.81691245
OpenCap,shared_with_reference,Pelvis tilt,OpenCap_subject2_walking1_sync2,162,1.2951010682018016,1.2293659549382716,1.8035663859999995,2.33524995
OpenCap,shared_with_reference,Pelvis list,OpenCap_subject2_walking1_sync2,162,0.8310482795146911,-0.3892021192592593,1.536004178499998,2.52391173
OpenCap,shared_with_reference,Pelvis rotation,OpenCap_subject2_walking1_sync2,162,0.5284421362677781,0.3910530982716049,0.9565476864999995,1.1325107499999998
OpenCap,shared_with_reference,Hip flexion,OpenCap_subject2_walking1_sync2,162,0.4728139645520884,0.1650639740432098,0.8880739009999996,1.804236509999999
OpenCap,shared_with_reference,Hip adduction,OpenCap_subject2_walking1_sync2,162,0.8554440629569536,-0.0178049142901234,1.879623284,2.06044338
OpenCap,shared_with_reference,Hip rotation,OpenCap_subject2_walking1_sync2,162,0.6093292078228639,0.0386475312037036,1.2334568324999995,1.6930314999999996
OpenCap,shared_with_reference,Knee flexion,OpenCap_subject2_walking1_sync2,162,0.4812040825399228,0.0672165862345678,1.0116978989999983,1.847209979999996
OpenCap,shared_with_reference,Ankle flexion,OpenCap_subject2_walking1_sync2,162,0.8404301625255746,0.0003329899074074,1.723377259499999,2.515310359999999
OpenCap,shared_with_reference,Subtalar,OpenCap_subject2_walking1_sync2,162,0.9220354749343462,0.5326853026851852,2.0232089084999987,3.61149532
OpenCap,shared_with_reference,Pelvis tilt,OpenCap_subject2_walking2_sync2,153,0.952699602403442,0.8206847650980392,1.9698527020000007,2.53417501
OpenCap,shared_with_reference,Pelvis list,OpenCap_subject2_walking2_sync2,153,0.6796883635318063,-0.3843757824183006,1.1875737400000008,1.97452964
OpenCap,shared_with_reference,Pelvis rotation,OpenCap_subject2_walking2_sync2,153,0.7616489663378959,0.3238285924183007,1.2557929100000005,2.605839209999999
OpenCap,shared_with_reference,Hip flexion,OpenCap_subject2_walking2_sync2,153,0.8396488224522817,0.2518050467320261,1.2057938125000025,4.8752867
OpenCap,shared_with_reference,Hip adduction,OpenCap_subject2_walking2_sync2,153,0.7098832368214353,-0.0576726885947712,1.6280010825,1.91854324
OpenCap,shared_with_reference,Hip rotation,OpenCap_subject2_walking2_sync2,153,0.817979487575472,-0.0680593955555555,1.6839237225,2.84653924
OpenCap,shared_with_reference,Knee flexion,OpenCap_subject2_walking2_sync2,153,0.9161951590073512,-0.0412806515686275,1.3083144474999997,6.748732590000003
OpenCap,shared_with_reference,Ankle flexion,OpenCap_subject2_walking2_sync2,153,0.8635411174201116,0.0815919019607843,1.7720675474999994,2.213309
OpenCap,shared_with_reference,Subtalar,OpenCap_subject2_walking2_sync2,153,0.9548382339185832,0.4739512182026145,2.052726467500001,3.97027647
OpenCap,shared_with_reference,Pelvis tilt,OpenCap_subject3_walking1_sync2,175,0.9761185211575072,0.8765786653142856,1.5868336710000002,1.64885867
OpenCap,shared_with_reference,Pelvis list,OpenCap_subject3_walking1_sync2,175,1.0455336727674809,-0.9678949736571428,1.725026742999998,2.50033513
OpenCap,shared_with_reference,Pelvis rotation,OpenCap_subject3_walking1_sync2,175,0.3616828312987707,0.1140431010285713,0.7808410099999996,1.1808751500000003
OpenCap,shared_with_reference,Hip flexion,OpenCap_subject3_walking1_sync2,175,0.4130441528563093,-0.1670450316571428,0.8069309620000007,1.11389464
OpenCap,shared_with_reference,Hip adduction,OpenCap_subject3_walking1_sync2,175,0.4380819672339875,-0.0157416360857142,0.8015882725000003,1.69528375
OpenCap,shared_with_reference,Hip rotation,OpenCap_subject3_walking1_sync2,175,0.5159433785025104,0.1462105504,1.0178624445,1.5538201800000009
OpenCap,shared_with_reference,Knee flexion,OpenCap_subject3_walking1_sync2,175,0.5887912091348632,-0.151702731257143,1.3252885655000015,2.8320535999999983
OpenCap,shared_with_reference,Ankle flexion,OpenCap_subject3_walking1_sync2,175,1.4494749569409155,0.0894559553428571,1.791126010500001,9.41231752
OpenCap,shared_with_reference,Subtalar,OpenCap_subject3_walking1_sync2,175,0.95592180408787,0.1730505376285714,1.803842131,5.09362189
OpenCap,shared_with_reference,Pelvis tilt,OpenCap_subject3_walking2_sync2,180,1.0917814069230516,1.0035366331666666,1.6997057004999998,1.83615647
OpenCap,shared_with_reference,Pelvis list,OpenCap_subject3_walking2_sync2,180,0.6739608731994928,-0.4881247989444445,1.6277834859999984,1.95331313
OpenCap,shared_with_reference,Pelvis rotation,OpenCap_subject3_walking2_sync2,180,0.3408974547845945,0.1625963085555555,0.718954931,0.8642103499999987
OpenCap,shared_with_reference,Hip flexion,OpenCap_subject3_walking2_sync2,180,0.4066511700111225,-0.0732009553888889,0.8185384944999993,1.4651163900000004
OpenCap,shared_with_reference,Hip adduction,OpenCap_subject3_walking2_sync2,180,0.5175287639061664,0.0092511940555555,1.2464440715000007,1.78736916
OpenCap,shared_with_reference,Hip rotation,OpenCap_subject3_walking2_sync2,180,0.4701896591859708,0.1420283675,0.9781981275000002,1.82594093
OpenCap,shared_with_reference,Knee flexion,OpenCap_subject3_walking2_sync2,180,0.6381208206618568,0.0061937363611111,0.9587106379999994,4.093361310000002
OpenCap,shared_with_reference,Ankle flexion,OpenCap_subject3_walking2_sync2,180,1.3325778397866306,0.0359555134444444,1.426605172000002,9.33983692
OpenCap,shared_with_reference,Subtalar,OpenCap_subject3_walking2_sync2,180,0.8693530757498995,0.0198341782222222,1.512412901500002,4.890995179999999
OpenCap,shared_with_reference,Pelvis tilt,OpenCap_subject4_walking1_sync2,116,1.0834347626093837,1.047883700172414,1.4614672525000003,1.52148627
OpenCap,shared_with_reference,Pelvis list,OpenCap_subject4_walking1_sync2,116,0.5867648561433999,0.272851714137931,1.45173036,1.77167775
OpenCap,shared_with_reference,Pelvis rotation,OpenCap_subject4_walking1_sync2,116,0.1935120508414354,-0.1215276837068966,0.3795589000000001,0.55849321
OpenCap,shared_with_reference,Hip flexion,OpenCap_subject4_walking1_sync2,116,0.2780628464437742,-0.10867570875,0.5481721355000002,0.7435591599999984
OpenCap,shared_with_reference,Hip adduction,OpenCap_subject4_walking1_sync2,116,0.5738283566690374,0.0153963435344827,1.3461044509999995,1.88589245
OpenCap,shared_with_reference,Hip rotation,OpenCap_subject4_walking1_sync2,116,0.3134944239796656,0.0243357932327586,0.6354458759999998,1.18758414
OpenCap,shared_with_reference,Knee flexion,OpenCap_subject4_walking1_sync2,116,0.4181852101669192,0.0848549645689657,0.8947082260000022,1.0647972599999989
OpenCap,shared_with_reference,Ankle flexion,OpenCap_subject4_walking1_sync2,116,0.647627563588937,-0.1438560333189655,1.1478711624999998,1.5849120499999998
OpenCap,shared_with_reference,Subtalar,OpenCap_subject4_walking1_sync2,116,0.5235977662251186,-0.1122155191810344,1.132920405999999,2.38168108
OpenCap,shared_with_reference,Pelvis tilt,OpenCap_subject4_walking2_sync2,117,1.0912576955897244,1.067018982991453,1.3672486539999995,1.46976214
OpenCap,shared_with_reference,Pelvis list,OpenCap_subject4_walking2_sync2,117,0.6323975857293526,0.185437173076923,1.3818752919999997,1.5302349800000004
OpenCap,shared_with_reference,Pelvis rotation,OpenCap_subject4_walking2_sync2,117,0.2571014788891662,0.2185436423076923,0.4351950200000001,0.5433214900000003
OpenCap,shared_with_reference,Hip flexion,OpenCap_subject4_walking2_sync2,117,0.349161650513079,-0.0508082441880341,0.6934073459999996,1.0786020100000009
OpenCap,shared_with_reference,Hip adduction,OpenCap_subject4_walking2_sync2,117,0.6422351235991385,0.0423202641452991,1.2506091805,1.4963638599999998
OpenCap,shared_with_reference,Hip rotation,OpenCap_subject4_walking2_sync2,117,0.3347208470666102,0.0450435440598291,0.6155821870000003,0.95079929
OpenCap,shared_with_reference,Knee flexion,OpenCap_subject4_walking2_sync2,117,0.4916634853562898,0.1479202250427345,0.9688714445000016,1.4054846000000012
OpenCap,shared_with_reference,Ankle flexion,OpenCap_subject4_walking2_sync2,117,0.672084328694531,-0.197053377991453,1.2782653675,1.98972316
OpenCap,shared_with_reference,Subtalar,OpenCap_subject4_walking2_sync2,117,0.4529960111774837,0.0042879283333334,0.9992520269999998,2.21614278
OpenCap,shared_with_reference,Pelvis tilt,OpenCap_subject5_walking1_sync2,131,0.9480545413978322,0.9043601841221376,1.349520165,1.4747758000000002
OpenCap,shared_with_reference,Pelvis list,OpenCap_subject5_walking1_sync2,131,0.3007793679008174,0.02316209870229,0.6194384649999998,0.6932457300000001
OpenCap,shared_with_reference,Pelvis rotation,OpenCap_subject5_walking1_sync2,131,0.3529743356947672,0.0224095444274809,0.7353438200000002,0.8054003600000001
OpenCap,shared_with_reference,Hip flexion,OpenCap_subject5_walking1_sync2,131,0.4252381808162394,-0.008383400572519,1.1352996849999997,2.11494081
OpenCap,shared_with_reference,Hip adduction,OpenCap_subject5_walking1_sync2,131,0.3692951068849569,-0.0560536676335877,0.7665865985000001,1.01823878
OpenCap,shared_with_reference,Hip rotation,OpenCap_subject5_walking1_sync2,131,0.4787359526309342,-0.0808737138549617,1.0088421565,1.4271858599999998
OpenCap,shared_with_reference,Knee flexion,OpenCap_subject5_walking1_sync2,131,0.3498004122496356,0.0366161490839694,0.6982523139999971,1.1824153499999994
OpenCap,shared_with_reference,Ankle flexion,OpenCap_subject5_walking1_sync2,131,0.9590768528379024,0.3418943214885495,1.2186030104999996,5.997483780000001
OpenCap,shared_with_reference,Subtalar,OpenCap_subject5_walking1_sync2,131,0.7627574454872161,0.308981614351145,1.6653605875000002,2.20104483
OpenCap,shared_with_reference,Pelvis tilt,OpenCap_subject5_walking2_sync2,135,0.9234875453014476,0.8470728102222221,1.48162498,1.6519255300000002
OpenCap,shared_with_reference,Pelvis list,OpenCap_subject5_walking2_sync2,135,0.3796840592230235,-0.0046390541481482,0.6419959940000003,0.7423354299999999
OpenCap,shared_with_reference,Pelvis rotation,OpenCap_subject5_walking2_sync2,135,0.4846180343100726,0.3377756946666667,0.925147473,1.00784844
OpenCap,shared_with_reference,Hip flexion,OpenCap_subject5_walking2_sync2,135,0.3467627152254747,0.025541996074074,0.8290207385000018,1.1319380899999991
OpenCap,shared_with_reference,Hip adduction,OpenCap_subject5_walking2_sync2,135,0.4724645243021986,-0.0588679611111111,0.8736296509999997,1.1096411000000002
OpenCap,shared_with_reference,Hip rotation,OpenCap_subject5_walking2_sync2,135,0.5476719540463454,-0.0125361464814815,1.0187220614999994,1.32414767
OpenCap,shared_with_reference,Knee flexion,OpenCap_subject5_walking2_sync2,135,0.3629346573419905,0.0589415244074076,0.8409437585000001,1.36833575
OpenCap,shared_with_reference,Ankle flexion,OpenCap_subject5_walking2_sync2,135,0.6388909390269469,0.281914381037037,1.1235045034999998,1.6633228200000003
OpenCap,shared_with_reference,Subtalar,OpenCap_subject5_walking2_sync2,135,1.3701810002821144,0.2228875367037036,2.682789901499998,6.987693290000001
OpenCap,shared_with_reference,Pelvis tilt,OpenCap_subject7_walking1_sync2,128,0.9587951865902052,0.867190761796875,1.7794040655,1.88645923
OpenCap,shared_with_reference,Pelvis list,OpenCap_subject7_walking1_sync2,128,0.6510278493214637,0.5787854083593751,1.2495962314999995,1.3610846600000002
OpenCap,shared_with_reference,Pelvis rotation,OpenCap_subject7_walking1_sync2,128,0.3505813614856465,0.160146398515625,0.6978632775000005,0.8327991200000007
OpenCap,shared_with_reference,Hip flexion,OpenCap_subject7_walking1_sync2,128,0.6276590835844906,0.0504602830078124,1.4598346050000006,2.60234329
OpenCap,shared_with_reference,Hip adduction,OpenCap_subject7_walking1_sync2,128,0.4019916094557486,-0.0631097554296874,0.8024895274999999,1.0922109400000002
OpenCap,shared_with_reference,Hip rotation,OpenCap_subject7_walking1_sync2,128,0.6248947336666382,-0.0913488176953125,1.1856488325,1.6879984099999996
OpenCap,shared_with_reference,Knee flexion,OpenCap_subject7_walking1_sync2,128,0.694091641214967,-0.0902170406249999,1.3529292250000011,3.33307001
OpenCap,shared_with_reference,Ankle flexion,OpenCap_subject7_walking1_sync2,128,0.6683191165092321,0.0646710939453125,1.223306835,1.7650468999999998
OpenCap,shared_with_reference,Subtalar,OpenCap_subject7_walking1_sync2,128,0.757886564373101,0.2853515226953125,1.7486158625000003,2.67734709
OpenCap,shared_with_reference,Pelvis tilt,OpenCap_subject7_walking2_sync2,124,0.8709774406910696,0.7788462004838708,1.4219502939999995,1.7752724300000002
OpenCap,shared_with_reference,Pelvis list,OpenCap_subject7_walking2_sync2,124,0.6496800819798988,0.5320801848387097,1.2099500844999995,1.3692090199999996
OpenCap,shared_with_reference,Pelvis rotation,OpenCap_subject7_walking2_sync2,124,0.543452249509884,0.3751389908870967,1.0542801315000003,1.1147489099999994
OpenCap,shared_with_reference,Hip flexion,OpenCap_subject7_walking2_sync2,124,0.4642916362036962,0.1269071732661289,0.9612239940000006,1.3772722500000008
OpenCap,shared_with_reference,Hip adduction,OpenCap_subject7_walking2_sync2,124,0.556574484882326,-0.1102768883467741,1.078698843,1.66288695
OpenCap,shared_with_reference,Hip rotation,OpenCap_subject7_walking2_sync2,124,0.7727727599430133,-0.1825009916532258,1.5782992374999996,2.09336185
OpenCap,shared_with_reference,Knee flexion,OpenCap_subject7_walking2_sync2,124,0.5551934599396144,-0.249089436814516,1.2063798504999994,1.86840142
OpenCap,shared_with_reference,Ankle flexion,OpenCap_subject7_walking2_sync2,124,0.7203628347933692,-0.0417462103629032,1.4500193324999997,1.90887008
OpenCap,shared_with_reference,Subtalar,OpenCap_subject7_walking2_sync2,124,0.8930246957748177,0.4560596115725805,2.0233539354999968,2.92180349
OpenCap,shared_with_reference,Pelvis tilt,OpenCap_subject8_walking1_sync2,145,0.6667248534654056,0.5807940712413794,1.1594299739999998,1.3266685699999998
OpenCap,shared_with_reference,Pelvis list,OpenCap_subject8_walking1_sync2,145,0.9092066034369092,-0.7875321623448277,1.3615157579999992,1.6226916400000002
OpenCap,shared_with_reference,Pelvis rotation,OpenCap_subject8_walking1_sync2,145,0.3179154172366344,-0.1435537559999999,0.6805047719999997,0.8106306100000005
OpenCap,shared_with_reference,Hip flexion,OpenCap_subject8_walking1_sync2,145,0.4872207060482407,0.0758900884482759,1.1332019235000004,1.5547059700000003
OpenCap,shared_with_reference,Hip adduction,OpenCap_subject8_walking1_sync2,145,0.5306258432382475,-0.1151423341724138,1.1102685355000004,1.64865085
OpenCap,shared_with_reference,Hip rotation,OpenCap_subject8_walking1_sync2,145,0.6106655718500773,-0.1886401365172414,1.5426892730000004,2.09651281
OpenCap,shared_with_reference,Knee flexion,OpenCap_subject8_walking1_sync2,145,0.5181435971763971,-0.2560911311034483,0.994637933499998,1.6301235900000002
OpenCap,shared_with_reference,Ankle flexion,OpenCap_subject8_walking1_sync2,145,0.7248268296451728,-0.138764435413793,1.4108899720000003,3.44808789
OpenCap,shared_with_reference,Subtalar,OpenCap_subject8_walking1_sync2,145,0.775736420315882,0.2626325006551724,1.5037482295000006,3.00808043
OpenCap,shared_with_reference,Pelvis tilt,OpenCap_subject8_walking2_sync2,140,0.6219213720758823,0.5548751512857143,1.1255164315,1.22508237
OpenCap,shared_with_reference,Pelvis list,OpenCap_subject8_walking2_sync2,140,0.5176815434884476,-0.3650590719285715,0.8535539869999995,1.0143124
OpenCap,shared_with_reference,Pelvis rotation,OpenCap_subject8_walking2_sync2,140,0.3748125434961507,-0.0319738600714285,0.8165330175000001,1.37325478
OpenCap,shared_with_reference,Hip flexion,OpenCap_subject8_walking2_sync2,140,0.5402112730378538,0.0032528434642857,1.3535085945,2.03601016
OpenCap,shared_with_reference,Hip adduction,OpenCap_subject8_walking2_sync2,140,0.477317553994087,-0.0989721368928572,1.045326973,1.3930134899999995
OpenCap,shared_with_reference,Hip rotation,OpenCap_subject8_walking2_sync2,140,0.5693700881479538,-0.0642401046071428,1.2170313935000017,2.49879167
OpenCap,shared_with_reference,Knee flexion,OpenCap_subject8_walking2_sync2,140,0.6850112074916241,-0.4104314005714283,1.4327629029999969,1.9452046500000009
OpenCap,shared_with_reference,Ankle flexion,OpenCap_subject8_walking2_sync2,140,0.7568945242020285,-0.1933650356785714,1.558118432500001,3.3068473800000007
OpenCap,shared_with_reference,Subtalar,OpenCap_subject8_walking2_sync2,140,0.7368797794993747,0.3207600017142856,1.5742958635000002,3.00464651
OpenCap,shared_with_reference,Pelvis tilt,OpenCap_subject9_walking1_sync2,114,2.0699510721249683,2.058928475964912,2.4943903249999995,2.52997196
OpenCap,shared_with_reference,Pelvis list,OpenCap_subject9_walking1_sync2,114,1.6719643839451814,1.262105389210526,2.8071975305,3.09869689
OpenCap,shared_with_reference,Pelvis rotation,OpenCap_subject9_walking1_sync2,114,0.5156143047646381,0.4047008279824561,0.8372310184999997,0.9322339599999996
OpenCap,shared_with_reference,Hip flexion,OpenCap_subject9_walking1_sync2,114,0.8696541340239653,-0.1483071477192981,1.7158210360000004,2.37519417
OpenCap,shared_with_reference,Hip adduction,OpenCap_subject9_walking1_sync2,114,1.1288089778116452,0.0418197749122807,2.0991480899999995,2.6297534
OpenCap,shared_with_reference,Hip rotation,OpenCap_subject9_walking1_sync2,114,0.8147395971830337,-0.4520043753947368,1.7079516619999997,2.4704574799999994
OpenCap,shared_with_reference,Knee flexion,OpenCap_subject9_walking1_sync2,114,0.966906478492744,0.0968744192543859,1.9742582165,3.274591800000003
OpenCap,shared_with_reference,Ankle flexion,OpenCap_subject9_walking1_sync2,114,1.327238562948822,-0.9326164053508772,2.3690838049999985,2.8977542199999995
OpenCap,shared_with_reference,Subtalar,OpenCap_subject9_walking1_sync2,114,1.2251514133137933,-0.0714463085087718,2.1087808909999994,2.65859155
OpenCap,shared_with_reference,Pelvis tilt,OpenCap_subject9_walking2_sync2,108,1.907531921519652,1.894864541481481,2.4024784994999995,2.47082376
OpenCap,shared_with_reference,Pelvis list,OpenCap_subject9_walking2_sync2,108,1.439114082204836,0.9583466664814816,2.3453332705,2.52978751
OpenCap,shared_with_reference,Pelvis rotation,OpenCap_subject9_walking2_sync2,108,0.5111934531723841,0.3862503072222222,0.8795423175000007,1.0052800699999995
OpenCap,shared_with_reference,Hip flexion,OpenCap_subject9_walking2_sync2,108,0.9255263829786948,-0.0666480710648146,1.7194912725,2.22805285
OpenCap,shared_with_reference,Hip adduction,OpenCap_subject9_walking2_sync2,108,1.0909774416656726,0.0050889234722222,1.960847145,2.50157912
OpenCap,shared_with_reference,Hip rotation,OpenCap_subject9_walking2_sync2,108,0.8556184559512544,-0.5373856715277777,1.882374035,2.93251817
OpenCap,shared_with_reference,Knee flexion,OpenCap_subject9_walking2_sync2,108,0.9732595401876946,-0.0279434057407409,1.9345877600000008,2.834471620000002
OpenCap,shared_with_reference,Ankle flexion,OpenCap_subject9_walking2_sync2,108,1.2662877840688656,-0.9725570986111112,2.27652949,2.79307591
OpenCap,shared_with_reference,Subtalar,OpenCap_subject9_walking2_sync2,108,1.2227322450633542,-0.0467615090740739,2.1867124275,2.927589150000001
